#include "eye_iris_tex.h"

// 本文件由 scripts/gen_iris_tex.py 生成，请勿手改。

static const uint16_t kHumanData[64 * 256] = {
    0x2165, 0x29C6, 0x29A5, 0x2185, 0x2185, 0x2185, 0x1964, 0x1124, 0x1944, 0x1924, 0x1103, 0x2124,
    0x1985, 0x1924, 0x1944, 0x1924, 0x10E3, 0x1103, 0x1924, 0x2164, 0x2164, 0x1923, 0x2124, 0x1924,
    0x1924, 0x1943, 0x2986, 0x29A5, 0x29A5, 0x2985, 0x2985, 0x29A5, 0x2165, 0x2165, 0x29A6, 0x2165,
    0x2985, 0x2986, 0x29C6, 0x2945, 0x2185, 0x29E6, 0x29A6, 0x2965, 0x2986, 0x29C6, 0x2165, 0x2985,
    0x2185, 0x21A6, 0x2186, 0x2986, 0x2986, 0x2985, 0x2966, 0x29A6, 0x29C7, 0x29A6, 0x2986, 0x2985,
    0x2185, 0x2186, 0x2186, 0x2165, 0x2965, 0x2145, 0x29A6, 0x2165, 0x2145, 0x2165, 0x2165, 0x2165,
    0x2165, 0x2124, 0x2186, 0x1925, 0x2145, 0x21A6, 0x2165, 0x2145, 0x2145, 0x2144, 0x2145, 0x2165,
    0x2985, 0x2986, 0x2185, 0x2965, 0x2985, 0x2185, 0x2165, 0x2144, 0x2185, 0x29C6, 0x2186, 0x2185,
    0x1965, 0x1124, 0x1924, 0x1944, 0x1903, 0x1903, 0x1924, 0x2144, 0x2144, 0x2965, 0x1943, 0x2164,
    0x2165, 0x1944, 0x1944, 0x1944, 0x18C3, 0x2165, 0x1901, 0x2984, 0x2983, 0x2163, 0x2164, 0x29C4,
    0x29E5, 0x29A5, 0x2985, 0x29C6, 0x2986, 0x08E2, 0x1903, 0x1923, 0x2144, 0x2985, 0x2164, 0x2184,
    0x2164, 0x1903, 0x1924, 0x2144, 0x2163, 0x2143, 0x2123, 0x2163, 0x2163, 0x1923, 0x2185, 0x1965,
    0x1945, 0x1965, 0x1104, 0x1145, 0x1945, 0x1965, 0x2165, 0x2185, 0x2164, 0x1944, 0x1903, 0x1944,
    0x1944, 0x2164, 0x1944, 0x1944, 0x2144, 0x1964, 0x1924, 0x1924, 0x1924, 0x1103, 0x1903, 0x1944,
    0x2123, 0x2984, 0x29A4, 0x31C4, 0x2964, 0x2164, 0x2164, 0x2164, 0x2164, 0x2164, 0x2143, 0x1923,
    0x1923, 0x1903, 0x1943, 0x2164, 0x2143, 0x1924, 0x2164, 0x2164, 0x2164, 0x2984, 0x2163, 0x2144,
    0x2144, 0x2143, 0x1923, 0x1923, 0x1944, 0x1924, 0x18E3, 0x18E3, 0x1944, 0x1903, 0x2145, 0x2123,
    0x2164, 0x1923, 0x2124, 0x2124, 0x2123, 0x2123, 0x18E3, 0x1923, 0x2124, 0x2124, 0x1923, 0x2122,
    0x2163, 0x2963, 0x2143, 0x2143, 0x1903, 0x1903, 0x1903, 0x2124, 0x1924, 0x2164, 0x2163, 0x2985,
    0x2144, 0x2165, 0x1904, 0x1944, 0x2144, 0x2124, 0x2143, 0x2144, 0x2144, 0x2165, 0x2144, 0x1924,
    0x2144, 0x2144, 0x1924, 0x1924, 0x2144, 0x1924, 0x1924, 0x1924, 0x2144, 0x2144, 0x2144, 0x1104,
    0x1924, 0x1924, 0x2164, 0x2164,
    0x31E6, 0x31E7, 0x3207, 0x29A6, 0x31E7, 0x29E6, 0x21C6, 0x1965, 0x21A5, 0x2165, 0x2164, 0x29A6,
    0x21A5, 0x2145, 0x29C6, 0x2144, 0x1944, 0x1924, 0x2185, 0x2185, 0x3206, 0x2165, 0x2185, 0x2144,
    0x2164, 0x21A5, 0x31E6, 0x2985, 0x3206, 0x31E6, 0x29E5, 0x31E6, 0x29A5, 0x29C6, 0x31E6, 0x31E7,
    0x31E7, 0x31C6, 0x3227, 0x31C6, 0x31C6, 0x3247, 0x3207, 0x31E7, 0x31E7, 0x31C6, 0x31E6, 0x31E6,
    0x31E6, 0x2A07, 0x31C6, 0x31C7, 0x31C6, 0x29C6, 0x31C6, 0x3207, 0x31E7, 0x3208, 0x3207, 0x31C6,
    0x29C6, 0x31E7, 0x31E7, 0x29A6, 0x31E8, 0x39E8, 0x29A6, 0x29A6, 0x29C6, 0x29C7, 0x29A6, 0x29C6,
    0x29C6, 0x2985, 0x29C6, 0x29A7, 0x29A6, 0x29E7, 0x29C6, 0x29A6, 0x2985, 0x2185, 0x2986, 0x2186,
    0x29C6, 0x29C6, 0x29E6, 0x2986, 0x21A5, 0x29E7, 0x29A6, 0x2985, 0x21A5, 0x3207, 0x29C6, 0x29A6,
    0x21C6, 0x1964, 0x2165, 0x2185, 0x2165, 0x2165, 0x2144, 0x29C6, 0x29A5, 0x31E6, 0x2985, 0x29A6,
    0x29C6, 0x21A5, 0x2185, 0x29A5, 0x2185, 0x2185, 0x2184, 0x29A5, 0x29E4, 0x29A4, 0x29A4, 0x3225,
    0x3A46, 0x3226, 0x31E6, 0x3247, 0x3207, 0x08A2, 0x2144, 0x2144, 0x2985, 0x31E6, 0x3206, 0x29C5,
    0x2185, 0x2164, 0x2165, 0x29A5, 0x29C5, 0x29A4, 0x29A4, 0x29C5, 0x21A3, 0x29A4, 0x29C6, 0x29E7,
    0x1965, 0x21C6, 0x1985, 0x21C6, 0x21E7, 0x29C6, 0x29A6, 0x29E6, 0x29A5, 0x29A6, 0x2165, 0x29C6,
    0x21A6, 0x29C6, 0x21A5, 0x2164, 0x2185, 0x31C6, 0x2186, 0x21A6, 0x2165, 0x1944, 0x2144, 0x2185,
    0x29A4, 0x3205, 0x3A26, 0x3A05, 0x31E5, 0x29C6, 0x31C6, 0x29C5, 0x29E5, 0x31E7, 0x29A4, 0x29A4,
    0x2985, 0x1943, 0x2184, 0x31E6, 0x29A5, 0x2985, 0x29A5, 0x31E5, 0x3206, 0x29A6, 0x31C6, 0x31C6,
    0x29A6, 0x29A5, 0x2985, 0x2165, 0x2165, 0x2145, 0x2144, 0x2165, 0x2185, 0x2124, 0x2144, 0x2184,
    0x2144, 0x2164, 0x2165, 0x2165, 0x29A5, 0x2123, 0x2144, 0x2164, 0x2965, 0x2164, 0x2984, 0x2984,
    0x31A4, 0x31C4, 0x31C4, 0x29A3, 0x2943, 0x2144, 0x2144, 0x2965, 0x2965, 0x2985, 0x29C5, 0x29C5,
    0x2985, 0x29A5, 0x2965, 0x2986, 0x29A6, 0x29A5, 0x29A5, 0x29A5, 0x2164, 0x31C6, 0x2985, 0x2185,
    0x2985, 0x2985, 0x2165, 0x2164, 0x2985, 0x2985, 0x2165, 0x2185, 0x2985, 0x2985, 0x2985, 0x2165,
    0x2985, 0x2185, 0x2985, 0x29A5,
    0x3228, 0x3A48, 0x3A28, 0x3A48, 0x3227, 0x3227, 0x2A07, 0x2186, 0x31E7, 0x29C6, 0x29C6, 0x29E6,
    0x29E7, 0x29C6, 0x3207, 0x29C6, 0x2164, 0x1985, 0x29E7, 0x3207, 0x3268, 0x29C6, 0x31C6, 0x29A6,
    0x29C6, 0x3206, 0x3A68, 0x3A27, 0x4288, 0x3A68, 0x3A47, 0x3A27, 0x31C6, 0x31E7, 0x3A27, 0x3A48,
    0x3A27, 0x3A28, 0x3A28, 0x3A27, 0x3A48, 0x3A48, 0x3248, 0x3A48, 0x3A28, 0x3A07, 0x3A07, 0x3A07,
    0x4248, 0x3A07, 0x31E6, 0x3A48, 0x3A28, 0x3A08, 0x3A07, 0x3A07, 0x3A48, 0x3A48, 0x3A48, 0x3A28,
    0x3A28, 0x3A28, 0x3A48, 0x3A28, 0x4269, 0x3A28, 0x3207, 0x3A48, 0x3A08, 0x3A49, 0x3A28, 0x3A28,
    0x3207, 0x31E7, 0x3A28, 0x3228, 0x31E7, 0x3207, 0x3207, 0x31E6, 0x29C6, 0x29E7, 0x31E7, 0x29E7,
    0x3207, 0x3206, 0x3A48, 0x31C5, 0x29E6, 0x3268, 0x3207, 0x31E7, 0x31E6, 0x3AC9, 0x29C7, 0x3208,
    0x2A48, 0x29E6, 0x2185, 0x29C6, 0x29C6, 0x2986, 0x29C7, 0x2A88, 0x3227, 0x3226, 0x3207, 0x3A07,
    0x3228, 0x29E6, 0x3207, 0x31E6, 0x29C6, 0x29C6, 0x29E5, 0x2A06, 0x3A67, 0x3205, 0x3205, 0x3AC7,
    0x42A7, 0x4268, 0x3A48, 0x42CA, 0x3A89, 0x21A6, 0x2985, 0x2185, 0x3207, 0x3A68, 0x3205, 0x3226,
    0x3207, 0x29C6, 0x31E6, 0x3A07, 0x3A88, 0x3206, 0x3226, 0x3246, 0x3A45, 0x3227, 0x3228, 0x3A49,
    0x21E7, 0x21E7, 0x29E7, 0x3228, 0x32A9, 0x3208, 0x3228, 0x3228, 0x3228, 0x29E7, 0x29C7, 0x3228,
    0x2A07, 0x2A07, 0x2A07, 0x31E7, 0x29E7, 0x3228, 0x2A07, 0x3247, 0x29C5, 0x29C6, 0x29E6, 0x3207,
    0x3A47, 0x3A67, 0x4AA9, 0x4A87, 0x3A46, 0x3227, 0x31E7, 0x31E6, 0x3A88, 0x3A48, 0x3207, 0x3A06,
    0x29C6, 0x29C5, 0x29A5, 0x3207, 0x31E7, 0x31C6, 0x3207, 0x3248, 0x3A89, 0x29C6, 0x3A48, 0x4269,
    0x3207, 0x31C6, 0x31E6, 0x29E7, 0x29A6, 0x21A5, 0x2985, 0x2986, 0x2965, 0x2145, 0x2165, 0x2165,
    0x2185, 0x2185, 0x29C6, 0x29C6, 0x31C6, 0x2165, 0x2185, 0x29C6, 0x29C5, 0x31E6, 0x3206, 0x3A06,
    0x29E5, 0x3A25, 0x4245, 0x3A26, 0x31A5, 0x29C5, 0x29A6, 0x31C6, 0x31C6, 0x3206, 0x4267, 0x3A87,
    0x31E7, 0x3207, 0x31C7, 0x29E7, 0x29E6, 0x3207, 0x3A27, 0x3A07, 0x29E6, 0x3A27, 0x3207, 0x29A6,
    0x21A5, 0x3207, 0x29A6, 0x31C6, 0x31E6, 0x31E6, 0x31E6, 0x3207, 0x3207, 0x31E6, 0x31E6, 0x31E7,
    0x3207, 0x3206, 0x3A27, 0x3207,
    0x42A9, 0x4268, 0x4289, 0x4248, 0x3A89, 0x4AAA, 0x3A68, 0x3228, 0x31E6, 0x2A27, 0x3A48, 0x3227,
    0x3A68, 0x3227, 0x3227, 0x3227, 0x29E7, 0x21E7, 0x3247, 0x3A89, 0x3A89, 0x3A47, 0x3228, 0x3A27,
    0x3A47, 0x3A67, 0x4B0A, 0x4289, 0x4AE9, 0x42C9, 0x4289, 0x4288, 0x39E7, 0x3A07, 0x4289, 0x4268,
    0x4268, 0x4288, 0x42A9, 0x3A48, 0x4AA9, 0x42A9, 0x3A48, 0x4228, 0x4289, 0x4268, 0x4268, 0x4247,
    0x42A9, 0x4248, 0x4269, 0x4269, 0x4289, 0x4248, 0x4268, 0x4268, 0x4289, 0x4269, 0x4289, 0x4269,
    0x4289, 0x4289, 0x4269, 0x4269, 0x4289, 0x4248, 0x4248, 0x3A68, 0x3A69, 0x4289, 0x4269, 0x3A68,
    0x3A48, 0x3A27, 0x3A69, 0x4289, 0x3A68, 0x3A68, 0x3A67, 0x3A47, 0x3227, 0x3248, 0x3A27, 0x3A28,
    0x3A28, 0x4289, 0x3A68, 0x3A27, 0x3207, 0x3A28, 0x3227, 0x3A28, 0x3206, 0x3B0B, 0x29E8, 0x3248,
    0x3AC9, 0x3227, 0x29E6, 0x3227, 0x29E6, 0x31C6, 0x3228, 0x3AEA, 0x3A88, 0x4309, 0x3A68, 0x3A27,
    0x42EA, 0x3207, 0x42CA, 0x3A68, 0x3248, 0x3247, 0x3227, 0x3247, 0x4B4B, 0x3A46, 0x2A26, 0x4308,
    0x536A, 0x4AE9, 0x42A9, 0x536D, 0x4B0B, 0x3A6A, 0x3207, 0x31E8, 0x3A6A, 0x42CA, 0x42A9, 0x42A8,
    0x3A47, 0x3227, 0x3A27, 0x4268, 0x4AE9, 0x42A8, 0x42A7, 0x42A8, 0x42A6, 0x3A88, 0x3AAA, 0x3A8A,
    0x3249, 0x3249, 0x3269, 0x3A69, 0x32AA, 0x3A49, 0x3A89, 0x42AA, 0x3A6A, 0x3248, 0x3208, 0x3A69,
    0x3A49, 0x3269, 0x3A89, 0x3A48, 0x3228, 0x3A69, 0x3248, 0x3289, 0x3248, 0x3207, 0x3248, 0x3A89,
    0x42C9, 0x4B0A, 0x5B6C, 0x530B, 0x42A8, 0x3A68, 0x31C7, 0x4289, 0x532B, 0x4AEA, 0x3A88, 0x3A48,
    0x31C6, 0x21A5, 0x3A27, 0x3A89, 0x42AA, 0x3A27, 0x3A28, 0x4289, 0x42A9, 0x2A27, 0x42AA, 0x4B0B,
    0x3A48, 0x3A07, 0x39E8, 0x3A28, 0x3A07, 0x29C6, 0x29A6, 0x31E7, 0x3207, 0x29A5, 0x3A09, 0x29C6,
    0x29C6, 0x29E7, 0x3227, 0x3A07, 0x3207, 0x3207, 0x29C6, 0x3227, 0x3A27, 0x3A47, 0x4A68, 0x4267,
    0x4267, 0x4266, 0x4AA7, 0x4266, 0x39E6, 0x3A47, 0x3206, 0x3A48, 0x3A27, 0x4268, 0x530B, 0x4B2A,
    0x3A48, 0x4249, 0x3207, 0x3A28, 0x3A48, 0x3A48, 0x42A9, 0x42CA, 0x4289, 0x3A68, 0x3A27, 0x3A48,
    0x31E6, 0x3A48, 0x3A27, 0x3A47, 0x4268, 0x3A27, 0x3A47, 0x4289, 0x4289, 0x3A48, 0x3A48, 0x4AC9,
    0x4289, 0x3A48, 0x4268, 0x4288,
    0x42EA, 0x42C9, 0x4AAA, 0x4AA9, 0x42EA, 0x4AEA, 0x42C9, 0x3A89, 0x3A47, 0x3248, 0x4289, 0x4289,
    0x42A9, 0x3A68, 0x4288, 0x3A68, 0x3248, 0x3248, 0x4289, 0x4B2B, 0x4ACA, 0x4268, 0x42AA, 0x52EA,
    0x42C9, 0x4AA8, 0x4B0B, 0x538C, 0x538C, 0x4B2A, 0x4AEA, 0x4AC9, 0x4A07, 0x4289, 0x4AEA, 0x4AC9,
    0x4AE9, 0x4AC9, 0x52EA, 0x42A8, 0x4AC9, 0x52EA, 0x4289, 0x4AA9, 0x4AEA, 0x4AA9, 0x4AA9, 0x4A89,
    0x4AC9, 0x42A9, 0x4AA9, 0x4ACA, 0x4AA9, 0x4AA9, 0x42A9, 0x42A9, 0x42A9, 0x4289, 0x42AA, 0x4AAA,
    0x4AA9, 0x52EB, 0x4269, 0x4AAA, 0x4AA9, 0x4AA9, 0x42A9, 0x42A9, 0x42A9, 0x42AA, 0x4AC9, 0x42A9,
    0x4288, 0x3A68, 0x42CA, 0x4AEA, 0x42CA, 0x4ACA, 0x42A9, 0x3A88, 0x3A89, 0x3A68, 0x3A48, 0x4249,
    0x3A48, 0x42A9, 0x3A28, 0x4269, 0x3A48, 0x3A28, 0x3A68, 0x3A68, 0x3205, 0x536B, 0x31E9, 0x3A68,
    0x432B, 0x3A68, 0x3207, 0x3267, 0x3206, 0x3207, 0x3A68, 0x42A9, 0x4B09, 0x536D, 0x4288, 0x3AA8,
    0x4B2B, 0x42A9, 0x42C9, 0x4289, 0x3A68, 0x3A88, 0x3A88, 0x3A88, 0x42E9, 0x3A87, 0x3A87, 0x538A,
    0x5BAB, 0x5B6C, 0x430A, 0x5BEE, 0x42CA, 0x42CA, 0x3227, 0x3A69, 0x428A, 0x534C, 0x532B, 0x432A,
    0x3A68, 0x3A68, 0x42A9, 0x4ACA, 0x5B4B, 0x532A, 0x532A, 0x4AE9, 0x4309, 0x4AEA, 0x42EB, 0x3AA9,
    0x3AAA, 0x3AAA, 0x328A, 0x42CB, 0x3269, 0x42AB, 0x428A, 0x4B0C, 0x42CB, 0x3289, 0x3A8A, 0x42EB,
    0x3AAA, 0x32C9, 0x42AA, 0x428A, 0x3249, 0x4AEC, 0x42CA, 0x432B, 0x3A89, 0x3A68, 0x3AA9, 0x42EA,
    0x532B, 0x536D, 0x63ED, 0x5B8C, 0x5B4C, 0x42E9, 0x3A48, 0x4AEA, 0x638C, 0x63CC, 0x42CA, 0x4288,
    0x3207, 0x3A07, 0x3A88, 0x4AAA, 0x530B, 0x42A9, 0x4289, 0x42A9, 0x4269, 0x42C9, 0x4B0B, 0x4B2A,
    0x4268, 0x3A47, 0x3A27, 0x3A68, 0x4289, 0x3207, 0x31C6, 0x3A47, 0x3A08, 0x31C7, 0x3A08, 0x31E6,
    0x3248, 0x3248, 0x3A69, 0x4289, 0x3A69, 0x4249, 0x2A07, 0x3A68, 0x4248, 0x4287, 0x52A8, 0x4AC8,
    0x4AC9, 0x42A7, 0x52A7, 0x52C8, 0x4247, 0x3A88, 0x42A8, 0x4AAA, 0x39E7, 0x4268, 0x53AB, 0x5B8D,
    0x4ACA, 0x4289, 0x3A49, 0x42CA, 0x4289, 0x4AEA, 0x52EA, 0x4B2B, 0x42CA, 0x4AAA, 0x4A89, 0x4269,
    0x3A68, 0x42C9, 0x4287, 0x4288, 0x4288, 0x4287, 0x4288, 0x42A9, 0x4288, 0x4288, 0x4289, 0x4AE9,
    0x530A, 0x4268, 0x530A, 0x4B0A,
    0x532B, 0x42EA, 0x4289, 0x4B0A, 0x534B, 0x4B2A, 0x4B0A, 0x4AEA, 0x42A9, 0x3AA8, 0x4AE9, 0x4ACA,
    0x42EA, 0x42C9, 0x42C9, 0x42EA, 0x42A9, 0x3AA9, 0x530B, 0x53AD, 0x52EC, 0x4B0B, 0x534C, 0x5B8D,
    0x5B6B, 0x5B2B, 0x5B4B, 0x642E, 0x5BCD, 0x5B6C, 0x536B, 0x530B, 0x5208, 0x530A, 0x534B, 0x52E9,
    0x5B4B, 0x530A, 0x4B09, 0x4AC9, 0x530A, 0x4AEA, 0x42C9, 0x4ACA, 0x530A, 0x4AE9, 0x52EA, 0x52EA,
    0x4AC9, 0x4AEA, 0x4AA9, 0x4ACA, 0x4ACA, 0x4ACA, 0x52EA, 0x4AA9, 0x4AA8, 0x4ACA, 0x4AEA, 0x52EA,
    0x52EA, 0x52EA, 0x4AA9, 0x4AEA, 0x530B, 0x530B, 0x4AEB, 0x4AEB, 0x4AEA, 0x4B0A, 0x5B4B, 0x4AEA,
    0x4AC9, 0x3A68, 0x4AEA, 0x534C, 0x4AEA, 0x4B0B, 0x4B0A, 0x42C9, 0x4AEA, 0x42EA, 0x4249, 0x42A9,
    0x4289, 0x42A9, 0x4ACA, 0x42AA, 0x532C, 0x42AA, 0x42CA, 0x3AA9, 0x4248, 0x5BAC, 0x3ACA, 0x3A88,
    0x530B, 0x3AA8, 0x3A47, 0x3226, 0x3227, 0x3A68, 0x2A27, 0x4B0A, 0x4B2A, 0x63ED, 0x3A66, 0x42E9,
    0x53AC, 0x4B0B, 0x42C8, 0x42C9, 0x42C9, 0x4AC9, 0x4AA9, 0x3A45, 0x532A, 0x42C9, 0x42E8, 0x5BCB,
    0x6C2D, 0x640D, 0x4B0A, 0x74B1, 0x4ACA, 0x42CA, 0x3A69, 0x428A, 0x4ACB, 0x5BAD, 0x5BCE, 0x53CE,
    0x4289, 0x4289, 0x4B0B, 0x5B2B, 0x63CD, 0x5BAC, 0x5BAD, 0x536A, 0x534A, 0x4B4B, 0x432B, 0x430B,
    0x428A, 0x430B, 0x42CA, 0x4AEB, 0x42CA, 0x4B4D, 0x5B2D, 0x534D, 0x534D, 0x3B0B, 0x3269, 0x4B0C,
    0x4B4D, 0x434C, 0x42CB, 0x42AB, 0x32EB, 0x63AD, 0x4B0B, 0x3AAB, 0x4B2B, 0x42CA, 0x4B0B, 0x4B4A,
    0x5BCE, 0x642E, 0x6C0E, 0x5B4C, 0x532B, 0x4B2A, 0x4B0A, 0x5B8B, 0x7410, 0x640D, 0x4B2A, 0x4AA9,
    0x3A28, 0x4268, 0x4289, 0x530A, 0x5B2B, 0x530A, 0x4AEA, 0x530B, 0x4AEA, 0x42EA, 0x534B, 0x5BCD,
    0x42A9, 0x4247, 0x4267, 0x42A8, 0x4ACA, 0x3A48, 0x3207, 0x3A47, 0x4248, 0x4289, 0x3A68, 0x4268,
    0x42AA, 0x3A89, 0x42AA, 0x42CA, 0x4249, 0x3A48, 0x3207, 0x4ACA, 0x4B09, 0x52A7, 0x4B08, 0x534A,
    0x4B09, 0x4266, 0x5308, 0x5B09, 0x4AC8, 0x42C6, 0x4AE8, 0x530A, 0x4248, 0x4AE9, 0x536B, 0x63AD,
    0x530B, 0x4B0B, 0x428A, 0x4B0A, 0x4AEA, 0x532B, 0x5B8D, 0x534C, 0x532B, 0x426A, 0x530B, 0x4AEA,
    0x42A9, 0x4AE9, 0x4AC9, 0x4AA8, 0x5309, 0x5308, 0x52E8, 0x4AC8, 0x4AE9, 0x4AE9, 0x4B09, 0x530A,
    0x534A, 0x532A, 0x5B6C, 0x538B,
    0x534C, 0x4B0A, 0x4AEA, 0x4B4B, 0x532C, 0x5BAC, 0x534B, 0x534B, 0x4ACA, 0x42EA, 0x532A, 0x532B,
    0x4B09, 0x4B0A, 0x4B2B, 0x532B, 0x4B0B, 0x4ACA, 0x4B0C, 0x5BAD, 0x5B8C, 0x5B8C, 0x5C4E, 0x63EE,
    0x744E, 0x63ED, 0x6BAE, 0x7CD1, 0x6C4D, 0x63AE, 0x640E, 0x5B6B, 0x530B, 0x5B8D, 0x5BAD, 0x534B,
    0x5B8C, 0x5B6C, 0x5329, 0x532A, 0x5B4B, 0x5B6B, 0x52EA, 0x52EA, 0x532A, 0x5309, 0x532A, 0x530A,
    0x530A, 0x4AA9, 0x52EA, 0x530B, 0x530A, 0x52EA, 0x530A, 0x4AC9, 0x4AE9, 0x4AEA, 0x4AEA, 0x530B,
    0x4AEA, 0x52EB, 0x530A, 0x4ACA, 0x52EA, 0x530B, 0x52EB, 0x52EB, 0x52CA, 0x530B, 0x5B6B, 0x530A,
    0x532A, 0x4288, 0x532B, 0x5B4C, 0x4B2B, 0x532B, 0x5B4B, 0x534B, 0x4B0B, 0x5B4C, 0x4ACB, 0x4AEA,
    0x4ACA, 0x4ACA, 0x4AEB, 0x4AEB, 0x5B4C, 0x52EB, 0x42EA, 0x4B29, 0x4228, 0x6C2F, 0x42EA, 0x42CA,
    0x4AEA, 0x42E7, 0x42A8, 0x2A46, 0x3AA8, 0x42CA, 0x42A9, 0x4B49, 0x5349, 0x740F, 0x42E5, 0x4268,
    0x5BED, 0x534B, 0x4B09, 0x4AE9, 0x4B2A, 0x4B2A, 0x4AC9, 0x4AA8, 0x532A, 0x5BAD, 0x5BAC, 0x6C4E,
    0x7470, 0x6C70, 0x63CE, 0x7490, 0x534B, 0x4AEB, 0x4289, 0x4AAB, 0x532C, 0x6BEE, 0x6CD1, 0x53AE,
    0x42AA, 0x42AA, 0x538C, 0x5B6C, 0x6C0F, 0x5BCD, 0x742F, 0x63CC, 0x5B8B, 0x538C, 0x4B4C, 0x4B6C,
    0x4B2B, 0x430B, 0x4AEA, 0x534C, 0x42EA, 0x53EE, 0x7471, 0x63EE, 0x6BAF, 0x53CE, 0x52EA, 0x5BAF,
    0x538D, 0x4B8D, 0x4B0C, 0x42EB, 0x534D, 0x5B8D, 0x530C, 0x4B2B, 0x4B6C, 0x4B2B, 0x532B, 0x536B,
    0x640D, 0x7490, 0x742D, 0x63AC, 0x5B4C, 0x42CA, 0x536B, 0x63CC, 0x7CB0, 0x63ED, 0x538B, 0x4B0A,
    0x4289, 0x42A9, 0x4AC9, 0x5B8B, 0x5B6B, 0x5B8B, 0x5329, 0x536A, 0x5B6C, 0x4B0A, 0x5BAC, 0x5BED,
    0x4AEA, 0x4288, 0x4AC8, 0x4AA8, 0x532B, 0x42A9, 0x3A48, 0x4268, 0x4ACA, 0x4AA9, 0x42A9, 0x4B0B,
    0x4AEA, 0x4AEB, 0x4269, 0x42CA, 0x430A, 0x3ACA, 0x3A27, 0x4AE9, 0x5B28, 0x52C7, 0x5348, 0x5BAB,
    0x5B4A, 0x4AA8, 0x5AE8, 0x5B49, 0x5308, 0x5349, 0x532A, 0x5B4A, 0x530A, 0x52E9, 0x5B8B, 0x7C4F,
    0x5B4B, 0x5B6C, 0x530B, 0x4B2C, 0x430B, 0x5BAD, 0x5B8C, 0x5B6D, 0x4B0B, 0x52CB, 0x5BAC, 0x534B,
    0x52EA, 0x52E9, 0x534A, 0x532A, 0x5B6A, 0x5B6A, 0x6349, 0x5B6A, 0x4288, 0x5B6A, 0x5B6A, 0x532B,
    0x5B8B, 0x5BAC, 0x63CD, 0x5BED,
    0x5B8C, 0x4B0A, 0x4B2B, 0x5BAD, 0x532C, 0x640D, 0x536D, 0x5B6D, 0x536C, 0x3AC9, 0x530B, 0x534B,
    0x534B, 0x434B, 0x536C, 0x5B4C, 0x536B, 0x532B, 0x5B6E, 0x63EE, 0x5BED, 0x63EE, 0x644E, 0x642E,
    0x746F, 0x6C4E, 0x6C4E, 0x84AF, 0x74EE, 0x73EF, 0x6C6F, 0x5BCB, 0x5B8C, 0x6431, 0x5BCC, 0x640D,
    0x63AD, 0x5B8C, 0x536A, 0x5B8B, 0x5B8C, 0x5B6A, 0x4AE9, 0x532B, 0x5B8B, 0x5B6A, 0x5B2B, 0x5B0A,
    0x532B, 0x4ACA, 0x530A, 0x52EA, 0x530B, 0x530B, 0x532A, 0x532A, 0x530A, 0x52EA, 0x530B, 0x530B,
    0x530B, 0x52EA, 0x4AE9, 0x4AE9, 0x532A, 0x52EA, 0x530B, 0x52EB, 0x5B0B, 0x5B4B, 0x5B6C, 0x5B4C,
    0x5B4C, 0x4AEA, 0x4B4B, 0x5B8C, 0x5B6C, 0x5B6D, 0x5B6D, 0x5B8C, 0x5B6D, 0x5B4C, 0x532C, 0x52EA,
    0x530B, 0x4B0A, 0x532C, 0x532B, 0x5B6C, 0x5B4B, 0x4B2B, 0x4B08, 0x42A7, 0x5BCD, 0x534B, 0x430A,
    0x538B, 0x4B49, 0x42E8, 0x42C9, 0x42C9, 0x4AC9, 0x4AEA, 0x4B49, 0x5B89, 0x9591, 0x4AA3, 0x3A47,
    0x642E, 0x4B2B, 0x530A, 0x538B, 0x534A, 0x4B09, 0x4B0A, 0x530A, 0x532A, 0x5B6C, 0x6470, 0x7D32,
    0x7D12, 0x6C91, 0x7490, 0x7D12, 0x430A, 0x42EA, 0x3A68, 0x4AAA, 0x532C, 0x742F, 0x7D51, 0x5BCE,
    0x4AEB, 0x42CA, 0x5BAD, 0x63AD, 0x6BEE, 0x6BEE, 0x744F, 0x742E, 0x5B6C, 0x53AD, 0x53CE, 0x4B8D,
    0x534C, 0x4B4C, 0x534B, 0x4B2B, 0x5BAD, 0x74B1, 0x7C92, 0x6490, 0x6B8F, 0x5C30, 0x63CF, 0x5BEE,
    0x5BCE, 0x5C0F, 0x534C, 0x534C, 0x5B8D, 0x644E, 0x4B2B, 0x534C, 0x5BAD, 0x5B8D, 0x5309, 0x5BEC,
    0x6BEE, 0x6C6E, 0x7C8F, 0x6C2D, 0x5B6B, 0x532B, 0x5B8B, 0x6BED, 0x7CF0, 0x7C90, 0x5B2B, 0x5B8D,
    0x52EA, 0x4ACA, 0x532A, 0x63AB, 0x6BCD, 0x6BEC, 0x5B8B, 0x63CC, 0x6C0B, 0x4B2C, 0x63CC, 0x63ED,
    0x534A, 0x538A, 0x4B09, 0x532A, 0x5B6C, 0x4B09, 0x3A48, 0x4A88, 0x5329, 0x52E9, 0x4B2A, 0x532B,
    0x4AEB, 0x530B, 0x4ACA, 0x4B2B, 0x4B4B, 0x4ACA, 0x4268, 0x638A, 0x6349, 0x5B08, 0x6BA9, 0x63CB,
    0x5B6A, 0x5309, 0x5B08, 0x6388, 0x5B48, 0x5B8A, 0x534A, 0x5BAB, 0x530A, 0x5B4B, 0x744C, 0x742D,
    0x63AC, 0x636C, 0x638D, 0x534C, 0x4B0B, 0x5B8D, 0x5BAD, 0x5B8D, 0x4AEB, 0x5B0C, 0x746E, 0x5B8C,
    0x5B0B, 0x5B8B, 0x5B8B, 0x538A, 0x5B8A, 0x63EC, 0x6BAB, 0x63CB, 0x534B, 0x5BAB, 0x63AB, 0x5B4C,
    0x63AC, 0x6BEC, 0x742F, 0x642E,
    0x63CE, 0x534C, 0x534B, 0x53AE, 0x536D, 0x642F, 0x5BAE, 0x5B0C, 0x64B0, 0x4AEA, 0x536C, 0x6C4F,
    0x640E, 0x5BAC, 0x638D, 0x5B8D, 0x5BED, 0x5B8C, 0x63AE, 0x6C4F, 0x6C4F, 0x63ED, 0x6C2D, 0x642D,
    0x74AF, 0x6C4D, 0x748E, 0x7CCF, 0x7CEF, 0x6BEE, 0x74B0, 0x6C0C, 0x63AB, 0x6470, 0x5C0E, 0x6C8F,
    0x744F, 0x640E, 0x5BAD, 0x63EC, 0x642D, 0x5B6B, 0x4269, 0x638C, 0x63AC, 0x6BCC, 0x5B8B, 0x5B2B,
    0x5B4B, 0x532A, 0x530A, 0x5B2B, 0x530A, 0x532A, 0x5B8B, 0x5B6A, 0x5B4A, 0x52EA, 0x5B2B, 0x52EA,
    0x52EA, 0x52E9, 0x530A, 0x530A, 0x532A, 0x532A, 0x4AEA, 0x530A, 0x5B2B, 0x5B4C, 0x5B4C, 0x5B4C,
    0x532C, 0x532B, 0x536C, 0x5B2B, 0x636D, 0x5B8D, 0x5B6C, 0x638D, 0x7430, 0x5B2B, 0x5B2C, 0x530B,
    0x534A, 0x530A, 0x5B8C, 0x536B, 0x5BAC, 0x63EC, 0x5B6B, 0x4B08, 0x4AE8, 0x53AC, 0x5BAD, 0x536C,
    0x53CB, 0x5B8B, 0x42C8, 0x534B, 0x4B2A, 0x4AAA, 0x4B2A, 0x5B4B, 0x53CB, 0x95D1, 0x39C3, 0x432A,
    0x640E, 0x536C, 0x4AEA, 0x5BAC, 0x5B6B, 0x534A, 0x534B, 0x5B6B, 0x532B, 0x5BCD, 0x74F2, 0x8593,
    0x8574, 0x7D32, 0x8532, 0x95B4, 0x63ED, 0x532B, 0x4B2B, 0x534B, 0x5BAD, 0x84B2, 0x8DF4, 0x6451,
    0x4ACA, 0x4B0B, 0x5BAD, 0x6BAD, 0x740E, 0x6C2E, 0x6C4E, 0x6C4E, 0x638D, 0x5BAD, 0x53AD, 0x53CE,
    0x5B8D, 0x534C, 0x5B8C, 0x5B8C, 0x6C2F, 0x84D2, 0x7D13, 0x74F3, 0x7450, 0x6BF0, 0x642F, 0x63CE,
    0x63AD, 0x5C4F, 0x5BAC, 0x536B, 0x63ED, 0x642E, 0x638D, 0x63CD, 0x5BAD, 0x5BCD, 0x5344, 0x63EC,
    0x6C2D, 0x7CEF, 0x84CF, 0x746D, 0x5B8B, 0x4B0A, 0x5BAD, 0x6C2E, 0x8551, 0x7D0F, 0x742F, 0x6BCE,
    0x532A, 0x52EA, 0x530A, 0x63ED, 0x6C0C, 0x846F, 0x5BAB, 0x63CD, 0x640E, 0x5BAD, 0x6C6E, 0x6C2D,
    0x6C2D, 0x53AA, 0x5B6B, 0x5B4A, 0x5B8B, 0x5B8B, 0x4289, 0x3A65, 0x5B8A, 0x5349, 0x532A, 0x532B,
    0x4ACA, 0x63CD, 0x534B, 0x5B8C, 0x4AAA, 0x532A, 0x4288, 0x638A, 0x5B69, 0x6B69, 0x740A, 0x63AB,
    0x638B, 0x5AC9, 0x5B8A, 0x63AA, 0x6388, 0x5B6A, 0x63CC, 0x6C0C, 0x5AEA, 0x63AC, 0x84AE, 0x746D,
    0x6C6D, 0x5B2C, 0x636D, 0x5B8D, 0x532B, 0x5B8D, 0x63EE, 0x5BAC, 0x534C, 0x63CD, 0x746F, 0x63CD,
    0x638C, 0x6BCC, 0x6C0D, 0x6C0D, 0x63CB, 0x63CA, 0x6BCC, 0x640C, 0x63CD, 0x6C2D, 0x746E, 0x63AD,
    0x6C0D, 0x740E, 0x7C70, 0x7470,
    0x63EF, 0x5B6C, 0x534C, 0x538D, 0x3A8C, 0x644E, 0x53EF, 0x63AD, 0x5BEE, 0x5BAD, 0x5BCD, 0x646F,
    0x6C0F, 0x63EE, 0x534B, 0x63ED, 0x642E, 0x63EE, 0x6C2F, 0x6C6F, 0x74F1, 0x6C2E, 0x7C8E, 0x748E,
    0x6C6E, 0x748D, 0x74AD, 0x7CAD, 0x84CE, 0x6C8D, 0x6C0D, 0x744D, 0x6BEC, 0x6C4E, 0x5C2F, 0x74AF,
    0x746F, 0x6C2E, 0x5C0D, 0x6C4E, 0x746E, 0x5B6B, 0x5B4B, 0x640D, 0x6C0D, 0x63AC, 0x6C0D, 0x638C,
    0x5B6B, 0x5B4B, 0x5B4B, 0x5B4B, 0x534B, 0x530A, 0x5349, 0x5B2B, 0x530A, 0x530B, 0x532B, 0x532B,
    0x52EA, 0x52EA, 0x530A, 0x532B, 0x5B2A, 0x532A, 0x530A, 0x52EB, 0x5B0C, 0x5B2C, 0x5B4C, 0x5B6C,
    0x532B, 0x5B2C, 0x5B6D, 0x5B8C, 0x63CD, 0x63AD, 0x63EE, 0x5B8C, 0x6BEE, 0x636C, 0x538C, 0x532A,
    0x4B0A, 0x5B4B, 0x5BAC, 0x5B8C, 0x5B8B, 0x74AE, 0x636A, 0x4AE7, 0x42C8, 0x53AD, 0x5BCD, 0x536C,
    0x5BAC, 0x5BCB, 0x42A9, 0x536B, 0x4B2A, 0x52EA, 0x534B, 0x5309, 0x5BEC, 0x8531, 0x5367, 0x5BAD,
    0x642E, 0x5BAD, 0x536C, 0x644F, 0x63CD, 0x532B, 0x536C, 0x5B4C, 0x63CD, 0x642F, 0x8533, 0x8DF5,
    0x8D53, 0x8572, 0x9593, 0xA616, 0x642E, 0x530C, 0x4B4B, 0x4B0B, 0x536C, 0x7CF3, 0x8593, 0x6491,
    0x52AA, 0x534C, 0x5BED, 0x63AC, 0x6C0E, 0x742E, 0x6C4E, 0x6C2E, 0x534C, 0x5B8D, 0x5BCE, 0x5BCE,
    0x4B0B, 0x6410, 0x5BED, 0x63CD, 0x7CF2, 0x7D13, 0x8533, 0x7CB3, 0x74B0, 0x6C0E, 0x646F, 0x63EE,
    0x638D, 0x642E, 0x5BCD, 0x5BAC, 0x742E, 0x744D, 0x640D, 0x536C, 0x63AE, 0x640E, 0x3AA2, 0x63CA,
    0x6C4D, 0x852F, 0x8D30, 0x7C6D, 0x63ED, 0x4B4A, 0x63CD, 0x6C0E, 0x8550, 0x8D30, 0x74AE, 0x638D,
    0x5B4B, 0x4B09, 0x4B08, 0x63AC, 0x746D, 0x7C6F, 0x6C0D, 0x5B6C, 0x6C0E, 0x63EE, 0x6C2F, 0x6CAF,
    0x746F, 0x5BCD, 0x63CD, 0x52CA, 0x644D, 0x640E, 0x4288, 0x42C6, 0x638B, 0x5B2A, 0x5349, 0x5B4A,
    0x5B6B, 0x640E, 0x5B8C, 0x5B2A, 0x532B, 0x532B, 0x52E9, 0x5BAB, 0x6BCA, 0x6BEA, 0x6C0B, 0x742C,
    0x638C, 0x5309, 0x5B6A, 0x63EB, 0x63A9, 0x6BCC, 0x640C, 0x740E, 0x6B2A, 0x6C4C, 0x7C6D, 0x74AE,
    0x742D, 0x538D, 0x5B4C, 0x5C0E, 0x5B8C, 0x5BAD, 0x63AD, 0x63ED, 0x534C, 0x6C4E, 0x6B2C, 0x6BEE,
    0x6BEE, 0x746D, 0x6C2D, 0x742E, 0x640C, 0x6C0D, 0x6BEC, 0x6C0D, 0x6C0E, 0x63CC, 0x6C2F, 0x5BED,
    0x6C4F, 0x7C4F, 0x84F2, 0x7490,
    0x63F0, 0x536C, 0x4B2B, 0x536D, 0x4B0D, 0x6CEF, 0x642F, 0x7491, 0x5BAD, 0x4ACA, 0x5C2D, 0x6C4F,
    0x6C0F, 0x63EE, 0x5BEC, 0x6BEE, 0x644E, 0x63CD, 0x5C2E, 0x744F, 0x74D0, 0x746E, 0x7CAE, 0x6C6D,
    0x6C6E, 0x746D, 0x74AD, 0x7CAD, 0x74CE, 0x7CAE, 0x744D, 0x744D, 0x6C2D, 0x6C2D, 0x6C0E, 0x7CCF,
    0x746E, 0x6C2D, 0x5BCC, 0x6C4D, 0x746E, 0x63CD, 0x5B2C, 0x6C4D, 0x6C0D, 0x63AC, 0x742E, 0x63CD,
    0x63AD, 0x5B6C, 0x5B8B, 0x5B8B, 0x532B, 0x532A, 0x532B, 0x52E9, 0x52EB, 0x5B2B, 0x530A, 0x5B2B,
    0x52EA, 0x530A, 0x530A, 0x530A, 0x5B2B, 0x5B0A, 0x530B, 0x52EB, 0x5B4C, 0x5B6C, 0x5B8D, 0x5B6C,
    0x5B4D, 0x5B2C, 0x5B8C, 0x5BAD, 0x63AD, 0x63CD, 0x5BCD, 0x5B6B, 0x636C, 0x640E, 0x532B, 0x5B2B,
    0x530A, 0x538B, 0x63EE, 0x5B8C, 0x4AC8, 0x6C0B, 0x5B6A, 0x52E8, 0x4B4B, 0x5B8C, 0x7451, 0x538C,
    0x5BAD, 0x5B8B, 0x4B0A, 0x536B, 0x534A, 0x3B08, 0x4B2A, 0x4B2A, 0x7C6F, 0x95B4, 0x63C9, 0x63AD,
    0x640E, 0x5BAE, 0x5BAD, 0x640E, 0x642E, 0x6BCE, 0x4B4B, 0x63AD, 0x5BCD, 0x53EE, 0x7510, 0x8DF5,
    0x8512, 0x8D94, 0x95D3, 0xA615, 0x6C6F, 0x536C, 0x4B2A, 0x4B0B, 0x5BCD, 0x7CB1, 0x95B4, 0x7CD2,
    0x5AEB, 0x5B6D, 0x63EE, 0x6BED, 0x6C2E, 0x746E, 0x746E, 0x6C0E, 0x5BAD, 0x5BEE, 0x640F, 0x5BCE,
    0x640F, 0x6430, 0x5C0E, 0x644E, 0x7D33, 0x8594, 0x74F2, 0x8D55, 0x7490, 0x5BEC, 0x6C4F, 0x63ED,
    0x6C2E, 0x742F, 0x642E, 0x63ED, 0x7C2E, 0x6C8E, 0x744E, 0x6BCC, 0x640E, 0x640D, 0x5369, 0x5BA9,
    0x746D, 0x8D70, 0x95D2, 0x742C, 0x640D, 0x538C, 0x5BAD, 0x6C2F, 0x8DB2, 0x9D72, 0x742F, 0x63AD,
    0x5B2A, 0x5329, 0x4AE8, 0x5BAC, 0x7D30, 0x7CAF, 0x744E, 0x63CD, 0x6C4F, 0x642E, 0x6BEE, 0x74CF,
    0x6C6E, 0x6C4E, 0x53CC, 0x4B4B, 0x74EF, 0x746F, 0x42E9, 0x4AE8, 0x5B8A, 0x63AB, 0x5B89, 0x5B49,
    0x5B6B, 0x640D, 0x63CC, 0x5B8C, 0x63AC, 0x5269, 0x5B8A, 0x63CB, 0x742C, 0x6C0B, 0x7C6E, 0x744D,
    0x638C, 0x536A, 0x536A, 0x640B, 0x6BAB, 0x6C0C, 0x6C0C, 0x742D, 0x6B8C, 0x744C, 0x84EF, 0x7C8E,
    0x6BED, 0x4B4C, 0x42C9, 0x640E, 0x5BAD, 0x6BEE, 0x63CC, 0x5BAC, 0x640D, 0x6C4F, 0x6B8D, 0x6BAE,
    0x7470, 0x6C4E, 0x6C2D, 0x6BED, 0x6C2E, 0x7490, 0x744F, 0x744E, 0x6C0E, 0x644E, 0x7490, 0x5BEE,
    0x7D12, 0x7C70, 0x9595, 0x7C91,
    0x6C10, 0x4B2B, 0x4B4B, 0x53AD, 0x5BAD, 0x754F, 0x5BEE, 0x64B0, 0x532B, 0x4AA9, 0x53AB, 0x6CAF,
    0x744F, 0x6C2E, 0x640E, 0x748F, 0x5BAD, 0x6BEE, 0x642E, 0x7C50, 0x74B0, 0x746F, 0x748D, 0x748E,
    0x6C6D, 0x746D, 0x7CAE, 0x7CCF, 0x74AC, 0x84CF, 0x746D, 0x6C2D, 0x6C2C, 0x6C4D, 0x5BCC, 0x84EF,
    0x744D, 0x6C6D, 0x5BAB, 0x742D, 0x6C4C, 0x744D, 0x63CC, 0x6C0C, 0x6C0C, 0x63EC, 0x6BED, 0x638B,
    0x6BED, 0x5B4C, 0x638C, 0x63EC, 0x532A, 0x534B, 0x5B4C, 0x5B4B, 0x5B4B, 0x532C, 0x52EB, 0x532B,
    0x532B, 0x4B09, 0x532A, 0x5309, 0x5B8C, 0x5B2B, 0x4288, 0x4ACA, 0x5B4C, 0x5B2C, 0x638D, 0x63AE,
    0x5B6C, 0x5B6C, 0x63EE, 0x640E, 0x5BAC, 0x63ED, 0x5B6C, 0x5B6C, 0x4B4A, 0x5B8C, 0x636B, 0x5B8C,
    0x536B, 0x5BAC, 0x640E, 0x5B6B, 0x5B6B, 0x63CC, 0x5BCB, 0x5B6C, 0x4B4A, 0x6BAE, 0x7CD1, 0x5BED,
    0x5BCD, 0x5B6C, 0x532A, 0x536B, 0x53AB, 0x1B06, 0x5B6B, 0x3B29, 0x8532, 0x8D54, 0x744C, 0x63CC,
    0x63EE, 0x5BED, 0x640E, 0x6BEE, 0x6C90, 0x534B, 0x4B6B, 0x5B6C, 0x5BCD, 0x642F, 0x7D31, 0x8572,
    0x8551, 0x8D93, 0x9DD4, 0xAE76, 0x7D10, 0x5BCD, 0x5B8C, 0x52CA, 0x6C4E, 0x742F, 0xA5D6, 0x7D12,
    0x52CA, 0x63CD, 0x6BEE, 0x5B8B, 0x744F, 0x748F, 0x748E, 0x640D, 0x63AD, 0x5BCE, 0x5C0F, 0x5BCF,
    0x742F, 0x6430, 0x642F, 0x6CB0, 0x8574, 0x8594, 0x7D33, 0x7D13, 0x7C6F, 0x6C6E, 0x640E, 0x63ED,
    0x6C6F, 0x742E, 0x748E, 0x640D, 0x7C4E, 0x7CF0, 0x7C8F, 0x6C6D, 0x6C6E, 0x5B8B, 0x63EB, 0x640C,
    0x748E, 0x95B2, 0x9E34, 0x7CEE, 0x6C0E, 0x538B, 0x5BCD, 0x744F, 0x8CF2, 0x9594, 0x84D1, 0x742E,
    0x638B, 0x4AE8, 0x4228, 0x63AC, 0x7D31, 0x84F1, 0x744F, 0x6BED, 0x742F, 0x6BCE, 0x6C0E, 0x7490,
    0x7C90, 0x7490, 0x538A, 0x5BAD, 0x744F, 0x744F, 0x4AE9, 0x52C8, 0x6C4C, 0x63AC, 0x63AB, 0x5B29,
    0x63EC, 0x642C, 0x640D, 0x63CD, 0x636B, 0x5329, 0x4B29, 0x5B6B, 0x7C6E, 0x740E, 0x7C8F, 0x7C6E,
    0x5BAB, 0x532A, 0x4329, 0x6C0D, 0x740E, 0x63CC, 0x740E, 0x748E, 0x640C, 0x7C8D, 0x8573, 0x84B0,
    0x63ED, 0x530A, 0x536C, 0x6BCD, 0x63AD, 0x640D, 0x636C, 0x5B8C, 0x63ED, 0x7450, 0x6BAD, 0x6C0E,
    0x7CB0, 0x7450, 0x6C0E, 0x6C2F, 0x746F, 0x74F1, 0x744F, 0x7490, 0x63CD, 0x6C2E, 0x7CB0, 0x5BAE,
    0x7491, 0x7490, 0x9574, 0x7470,
    0x63CE, 0x532B, 0x538C, 0x5BAD, 0x5BEE, 0x5C8B, 0x5BEE, 0x6CD0, 0x536C, 0x4AA9, 0x4B2A, 0x6C8E,
    0x746F, 0x6C4E, 0x6C0E, 0x646E, 0x638D, 0x742F, 0x640E, 0x8512, 0x7C90, 0x74AF, 0x748E, 0x7CAF,
    0x7C8F, 0x748D, 0x7CEF, 0x8570, 0x7C8B, 0x84EE, 0x6C2C, 0x6C4D, 0x6C2C, 0x746D, 0x6C0B, 0x748D,
    0x744C, 0x744D, 0x6C0C, 0x746D, 0x6C2C, 0x6C8D, 0x6BCC, 0x6BEC, 0x6BEC, 0x63CB, 0x6C2D, 0x63AC,
    0x6BCC, 0x63AC, 0x63AC, 0x63AD, 0x5B4B, 0x532A, 0x638D, 0x5B4C, 0x534C, 0x430B, 0x532C, 0x5B4C,
    0x534B, 0x530B, 0x4B2A, 0x4B2A, 0x63AC, 0x5B4B, 0x52AA, 0x4AAA, 0x5B4C, 0x63AD, 0x638D, 0x5B6C,
    0x5B6B, 0x530B, 0x6C2E, 0x6C2E, 0x63CD, 0x5BCC, 0x538B, 0x536A, 0x52A9, 0x6B8D, 0x5B4C, 0x5BAD,
    0x530B, 0x536C, 0x642E, 0x530A, 0x5B4B, 0x5BAC, 0x5BAC, 0x5BCD, 0x4AEA, 0x73EF, 0x6D72, 0x53CC,
    0x638C, 0x5B6C, 0x4AC7, 0x4B2A, 0x538B, 0x42E9, 0x5BEB, 0x534A, 0x6C2E, 0x8D91, 0x7CCE, 0x5BAC,
    0x744F, 0x53AD, 0x640E, 0x6C0E, 0x6C4F, 0x534B, 0x534B, 0x5BAD, 0x4287, 0x648F, 0x7510, 0x8571,
    0x8D72, 0x95B3, 0x9DB3, 0xA694, 0x8531, 0x642D, 0x63ED, 0x636D, 0x744F, 0x84F2, 0x9574, 0x7CD1,
    0x63AD, 0x640E, 0x6BEE, 0x63AC, 0x746F, 0x748F, 0x6C6E, 0x640E, 0x63AD, 0x5BAE, 0x5C0F, 0x53CE,
    0x63CF, 0x5C0F, 0x5C2F, 0x74B0, 0x8D96, 0x8573, 0x7D54, 0x7CD3, 0x6C0F, 0x6C2E, 0x640E, 0x5BAD,
    0x63AD, 0x6C2E, 0x742E, 0x744E, 0x6C8D, 0x9592, 0x8530, 0x7D0F, 0x6C8F, 0x5BAC, 0x5BCC, 0x6C4D,
    0x7CCE, 0xA5D4, 0x9E14, 0x8572, 0x746F, 0x534B, 0x5BCC, 0x63CE, 0x8D33, 0x9594, 0x8D53, 0x6C0E,
    0x5B8A, 0x4B08, 0x4AA8, 0x536A, 0x8530, 0x7CD1, 0x7490, 0x6BEE, 0x6430, 0x63CD, 0x538B, 0x74D1,
    0x84D1, 0x6C4F, 0x5BCC, 0x6C4D, 0x642D, 0x640D, 0x536B, 0x4AC9, 0x642D, 0x63ED, 0x63CB, 0x63AA,
    0x5C0C, 0x640D, 0x744E, 0x6BEC, 0x63EB, 0x5B6A, 0x42C9, 0x636C, 0x9532, 0x6C0D, 0x742E, 0x6C0D,
    0x5BAC, 0x4B0A, 0x4AEA, 0x640E, 0x6C4F, 0x638C, 0x742D, 0x7CB0, 0x4B69, 0x9510, 0x8DB4, 0x7C50,
    0x6C2F, 0x530B, 0x538B, 0x63CD, 0x63CD, 0x642D, 0x5B8B, 0x536B, 0x640D, 0x7D31, 0x740E, 0x7470,
    0x7D32, 0x8532, 0x63EE, 0x6C0E, 0x84F2, 0x74F0, 0x740F, 0x746F, 0x6C0E, 0x742F, 0x6C4E, 0x5B8E,
    0x6C50, 0x7CB1, 0x9DB5, 0x7450,
    0x5BCE, 0x4B0A, 0x534B, 0x536B, 0x53CD, 0x756D, 0x5C0E, 0x6CB0, 0x5BAC, 0x530A, 0x530B, 0x6CAD,
    0x7CB1, 0x6CAE, 0x7C70, 0x646F, 0x636C, 0x7C8F, 0x7511, 0x7D12, 0x7C91, 0x748F, 0x7CD0, 0x7CD0,
    0x7CD0, 0x7CCF, 0x84EF, 0x7D0E, 0x744C, 0x7CCD, 0x746D, 0x5BCA, 0x6C2C, 0x744C, 0x6C2B, 0x640C,
    0x746D, 0x742D, 0x744D, 0x746D, 0x744D, 0x6C2C, 0x742D, 0x6C0C, 0x6C0C, 0x63EC, 0x6C4D, 0x63EC,
    0x63CC, 0x6BCD, 0x63AC, 0x638C, 0x5B6C, 0x5B6C, 0x6BCE, 0x6BAD, 0x5BAC, 0x4B0C, 0x5BAD, 0x63AD,
    0x532B, 0x5B2B, 0x4B0A, 0x4AEA, 0x534B, 0x5B6B, 0x5B4B, 0x5B8C, 0x5B6B, 0x5B6C, 0x5B8C, 0x5B4C,
    0x5B4B, 0x5B0A, 0x6C2E, 0x5BAC, 0x63EC, 0x6C0C, 0x5B6A, 0x532A, 0x5B6C, 0x63EF, 0x5B4C, 0x534C,
    0x4AAA, 0x5BCD, 0x73EE, 0x5B8C, 0x5B4B, 0x5B8D, 0x5BAC, 0x644F, 0x5B8C, 0x6CB2, 0x6D52, 0x536B,
    0x6BEE, 0x5B4B, 0x4AE8, 0x4B09, 0x536B, 0x4B6A, 0x5C2B, 0x5369, 0x6C4D, 0x7CEF, 0x7C8E, 0x636B,
    0x74CF, 0x63ED, 0x6BEE, 0x6C4E, 0x6C2E, 0x534B, 0x536C, 0x63ED, 0x5B8C, 0x6CB0, 0x7D11, 0x7D50,
    0x8D92, 0x9592, 0xA5F5, 0x9E55, 0x8D51, 0x6C4D, 0x642E, 0x636C, 0x7490, 0x8D95, 0x8D73, 0x7490,
    0x63CE, 0x6C0F, 0x744F, 0x73ED, 0x7490, 0x74B0, 0x74B0, 0x6C2F, 0x5BAD, 0x5BAE, 0x5C0F, 0x5BEF,
    0x63EF, 0x6C10, 0x5C2F, 0x6C0F, 0x8575, 0x7D74, 0x7D33, 0x74B2, 0x6C2F, 0x744F, 0x63ED, 0x4B8C,
    0x5BAD, 0x63CD, 0x744F, 0x748E, 0x7CD0, 0x9593, 0x8530, 0x7CCF, 0x6C8E, 0x63CC, 0x63CC, 0x644D,
    0x7CCE, 0x95B3, 0x9E13, 0x7D52, 0x6C6F, 0x5B4B, 0x5BCD, 0x640E, 0x7CF2, 0x95D4, 0x95B5, 0x742F,
    0x63AC, 0x5309, 0x4A48, 0x53CC, 0x7CD0, 0x7490, 0x8470, 0x6BCD, 0x7C10, 0x642E, 0x4B0A, 0x8D12,
    0x84B0, 0x746F, 0x63CD, 0x744F, 0x5BEB, 0x640D, 0x5B6C, 0x532B, 0x640D, 0x6C4E, 0x6BEC, 0x63AC,
    0x63AB, 0x6C4D, 0x7CB0, 0x6C4C, 0x6BEC, 0x538B, 0x532A, 0x5B2B, 0x748E, 0x63EC, 0x6C6E, 0x6BED,
    0x5B6C, 0x4B0A, 0x4ACA, 0x5BAD, 0x6C6F, 0x634C, 0x73ED, 0x6C4E, 0x7CAE, 0x8D12, 0x9DB5, 0x84B1,
    0x744F, 0x538C, 0x5BAC, 0x640E, 0x6C4F, 0x6C2D, 0x63CD, 0x5B4C, 0x63CD, 0x7CCF, 0x7C2F, 0x7CB0,
    0x84F1, 0x7CF1, 0x6C2E, 0x5B8C, 0x7CB1, 0x7490, 0x746F, 0x6C4F, 0x6B8D, 0x7490, 0x63EE, 0x63EE,
    0x7450, 0x8D34, 0x9595, 0x6C50,
    0x53CD, 0x534B, 0x536C, 0x5B8C, 0x5C0D, 0x74CD, 0x7490, 0x7CB1, 0x5BCD, 0x52EA, 0x52EB, 0x750E,
    0x7CB0, 0x6C8D, 0x7CB1, 0x536B, 0x5B4D, 0x7CAF, 0x74D3, 0x7D12, 0x8532, 0x7C50, 0x7D11, 0x84F0,
    0x7D11, 0x7CAF, 0x84F0, 0x84EF, 0x6C6D, 0x7C6C, 0x740D, 0x638B, 0x6C4D, 0x742D, 0x746D, 0x7CCF,
    0x6C4D, 0x744E, 0x742D, 0x744D, 0x6C2C, 0x742C, 0x748D, 0x6C0C, 0x6BEC, 0x63CB, 0x6C4D, 0x6C2D,
    0x63CD, 0x6BED, 0x63CD, 0x638C, 0x636C, 0x63AD, 0x6BCD, 0x6BCE, 0x5BCD, 0x4AEA, 0x536D, 0x5B4C,
    0x52EA, 0x5B4B, 0x4AE9, 0x4AC9, 0x5308, 0x5B4B, 0x5B8D, 0x534B, 0x534B, 0x536C, 0x5B8C, 0x638C,
    0x5B8B, 0x52C9, 0x63ED, 0x6C4D, 0x63CB, 0x7C0D, 0x536B, 0x63AC, 0x63CD, 0x6BEE, 0x6C0F, 0x4B2B,
    0x52C9, 0x63CD, 0x6BAC, 0x5B8C, 0x5B6B, 0x636C, 0x5BAD, 0x63ED, 0x530B, 0x6D52, 0x7CF2, 0x5B8C,
    0x63AC, 0x5B6B, 0x5B4B, 0x4B0A, 0x5B8B, 0x53AA, 0x5C0B, 0x5BCA, 0x6C2B, 0x7CEF, 0x7C8E, 0x6BCB,
    0x74CE, 0x63EB, 0x63EC, 0x6C8D, 0x6C4D, 0x5BCC, 0x5B4C, 0x63ED, 0x6C8F, 0x6CD0, 0x7CF1, 0x8D71,
    0x9DF3, 0xA634, 0xA615, 0x9E34, 0x8D52, 0x746F, 0x6CAF, 0x6C6E, 0x7CF1, 0x8D74, 0x8512, 0x7CD1,
    0x5BAE, 0x6C2F, 0x7490, 0x7C70, 0x7CD2, 0x7470, 0x6CD1, 0x6471, 0x5BAD, 0x5BCE, 0x6450, 0x6C30,
    0x640F, 0x6C30, 0x53CF, 0x6C31, 0x8D95, 0x8615, 0x7D32, 0x6C71, 0x6BEE, 0x640F, 0x6BEF, 0x53ED,
    0x5C0D, 0x63CD, 0x744F, 0x7CAF, 0x8D71, 0x8D93, 0x8570, 0x7CAE, 0x6C6D, 0x640C, 0x5BCA, 0x640C,
    0x74AE, 0x9D93, 0xAE97, 0x95F4, 0x74B0, 0x532B, 0x63CD, 0x5B6C, 0x7D32, 0x8DB3, 0x8D74, 0x6C0E,
    0x63AC, 0x5B4B, 0x4227, 0x640C, 0x7CB0, 0x84D0, 0x7CB1, 0x63CD, 0x742F, 0x6BCD, 0x3A25, 0x7CD1,
    0x84D1, 0x7450, 0x6C2E, 0x7C8E, 0x640C, 0x6C2E, 0x63AD, 0x5B0B, 0x6C0E, 0x6C0E, 0x6BED, 0x63ED,
    0x5B4A, 0x6C6D, 0x8D51, 0x746E, 0x63EC, 0x5B6A, 0x5B8C, 0x5B8B, 0x640C, 0x7C8E, 0x748E, 0x63EE,
    0x5B8C, 0x4B2B, 0x52EB, 0x5B8D, 0x6C2E, 0x634C, 0x73ED, 0x7C4F, 0x74AE, 0x8511, 0x8DB4, 0x84B1,
    0x6C0F, 0x4BAC, 0x5BAD, 0x63CE, 0x6C90, 0x742E, 0x63CD, 0x5BAC, 0x6BED, 0x7C4F, 0x8470, 0x84F1,
    0x8CF2, 0x84D1, 0x7C6F, 0x6C0D, 0x7CD0, 0x74B0, 0x746F, 0x6C2E, 0x638C, 0x6C4F, 0x7C4F, 0x52EB,
    0x7491, 0x9594, 0x95F6, 0x6C2F,
    0x540E, 0x534B, 0x640D, 0x5B6C, 0x642D, 0x752F, 0x8533, 0x84B1, 0x5BCD, 0x532B, 0x538C, 0x750F,
    0x7C90, 0x7CCF, 0x7CF0, 0x53AD, 0x5B2B, 0x74F1, 0x6491, 0x8593, 0x7D32, 0x84D1, 0x8D52, 0x8531,
    0x7D11, 0x84F1, 0x8510, 0x84CF, 0x646C, 0x744C, 0x744D, 0x5BAB, 0x744E, 0x6C4D, 0x74CE, 0x7CEF,
    0x746D, 0x6C6E, 0x744E, 0x744D, 0x6BED, 0x744D, 0x74AD, 0x6C2D, 0x6BEC, 0x63EC, 0x6C2D, 0x74AF,
    0x6BEE, 0x6C0E, 0x6C0E, 0x63EE, 0x532B, 0x63AC, 0x6BEC, 0x6BED, 0x63ED, 0x534C, 0x532B, 0x5B4B,
    0x5B4B, 0x5B6B, 0x52C9, 0x530A, 0x5328, 0x636B, 0x5B4B, 0x5B6B, 0x5BAC, 0x4B4A, 0x5B8C, 0x744F,
    0x63CC, 0x42E9, 0x644E, 0x6CEE, 0x63CB, 0x7C4E, 0x536C, 0x6BCD, 0x6BEE, 0x63CD, 0x7450, 0x534C,
    0x532A, 0x5B8D, 0x5BCB, 0x5B8C, 0x63AD, 0x5B8C, 0x63ED, 0x6C0E, 0x5309, 0x7510, 0x7D73, 0x5B69,
    0x5B4B, 0x5B6B, 0x638C, 0x532B, 0x5BCC, 0x5BEB, 0x5BCB, 0x5C0B, 0x6C0B, 0x84AF, 0x84CF, 0x744D,
    0x748D, 0x6C4B, 0x6C2D, 0x74CE, 0x744D, 0x6C4D, 0x6BCD, 0x642E, 0x6C8F, 0x74F0, 0x8512, 0x9593,
    0x95D3, 0xA656, 0xA634, 0x9613, 0x8511, 0x74D0, 0x6CD0, 0x7530, 0x8D73, 0x8DB3, 0x8D74, 0x74F1,
    0x63EE, 0x6C2F, 0x8532, 0x7CD2, 0x7CF2, 0x742F, 0x6CB1, 0x6451, 0x536C, 0x5BEF, 0x7471, 0x6C30,
    0x6450, 0x6C70, 0x4B6F, 0x7492, 0x84F3, 0x8E36, 0x6CD1, 0x644F, 0x6C0F, 0x6C91, 0x7430, 0x642F,
    0x644E, 0x63ED, 0x7490, 0x6C2C, 0x8D91, 0x8DB2, 0x8D92, 0x8531, 0x746D, 0x5BAA, 0x53A8, 0x63C6,
    0x6C4C, 0x9DD4, 0xCEFA, 0x9614, 0x6CB0, 0x5BCD, 0x63AC, 0x5BEC, 0x8D52, 0x9593, 0x8512, 0x6BAC,
    0x6C0D, 0x5BAB, 0x4B0A, 0x640D, 0x7CCF, 0x7CB0, 0x7CB0, 0x6C4F, 0x5BCC, 0x638C, 0x4B4A, 0x8D73,
    0x7C90, 0x7430, 0x6C2E, 0x742E, 0x744F, 0x8490, 0x740E, 0x5BAC, 0x6C8E, 0x6C0E, 0x6C2F, 0x5B8C,
    0x63AC, 0x74CF, 0x84D1, 0x84EF, 0x6BCB, 0x5BAB, 0x5B8B, 0x636C, 0x748E, 0x9591, 0x746E, 0x5BCC,
    0x63AD, 0x530B, 0x4ACA, 0x63CD, 0x73CE, 0x638D, 0x740D, 0x84D0, 0x7C8E, 0x6C8C, 0x8D33, 0x7CB0,
    0x6C0E, 0x63AD, 0x63AD, 0x6C6F, 0x7CB1, 0x746F, 0x5B6B, 0x5BAD, 0x5B8C, 0x742F, 0x848F, 0x8490,
    0x84F1, 0x8CF1, 0x7C8F, 0x744E, 0x6C6D, 0x7CB0, 0x748E, 0x6C2E, 0x63CD, 0x640E, 0x746F, 0x638E,
    0x7CD1, 0xAE16, 0xA637, 0x6C30,
    0x644F, 0x538C, 0x5BED, 0x63CC, 0x6C4D, 0x7CEF, 0x7D12, 0x8532, 0x5BCD, 0x5B4C, 0x5B6C, 0x74CF,
    0x7C90, 0x7CCF, 0x7D91, 0x538D, 0x536B, 0x7D32, 0x7D11, 0x8E35, 0x7CF1, 0x84F1, 0x8D92, 0x7D11,
    0x8571, 0x8531, 0x8572, 0x7CAF, 0x746D, 0x640D, 0x746D, 0x6C0D, 0x746E, 0x6C4D, 0x74F0, 0x7D50,
    0x746E, 0x746E, 0x74AE, 0x744E, 0x6C2E, 0x7C90, 0x7CF0, 0x6C4D, 0x6BEC, 0x6BEC, 0x6C4D, 0x7CD0,
    0x640E, 0x746F, 0x7C8F, 0x63EE, 0x5B4B, 0x63ED, 0x5BEC, 0x746F, 0x74CE, 0x430A, 0x536B, 0x5B6B,
    0x5B8B, 0x5B4A, 0x5B4A, 0x5B2A, 0x5B29, 0x63AB, 0x638C, 0x532A, 0x5B8C, 0x534B, 0x5B8C, 0x6BEC,
    0x6BEC, 0x742E, 0x6C6E, 0x748E, 0x7CAD, 0x7CCE, 0x6BCD, 0x63AC, 0x63AD, 0x640D, 0x6CD1, 0x63CE,
    0x5B6B, 0x5B8C, 0x5329, 0x5B6A, 0x63ED, 0x5B6C, 0x6C2D, 0x5BCB, 0x5BCA, 0x74EE, 0x7511, 0x6BCB,
    0x63AB, 0x5B8B, 0x63AD, 0x5B6B, 0x5BCC, 0x5BCB, 0x5BCB, 0x5C2B, 0x6BEC, 0x84AE, 0x84AE, 0x7CCF,
    0x7CEE, 0x6C0B, 0x746D, 0x6C6D, 0x748E, 0x646E, 0x6C0D, 0x6C6F, 0x74D0, 0x6CF1, 0x7D12, 0x95B4,
    0x9DF4, 0x9E56, 0xA655, 0x95F4, 0x8511, 0x7CD1, 0x7532, 0x7592, 0x8DD5, 0x8DB3, 0x8533, 0x74D1,
    0x640F, 0x7470, 0x8D94, 0x8533, 0x8533, 0x7410, 0x6CD2, 0x6D13, 0x534D, 0x6410, 0x7451, 0x7471,
    0x6430, 0x7471, 0x53CF, 0x7471, 0x7CB3, 0x8E77, 0x6CF0, 0x6C6F, 0x6C50, 0x6C30, 0x6C50, 0x7490,
    0x646F, 0x63CD, 0x74D1, 0x7CCF, 0x9592, 0x8DB1, 0x95D2, 0x9D52, 0x748E, 0x5B4A, 0x5BC6, 0x5B25,
    0x5C05, 0x9574, 0xBEB7, 0x9DF4, 0x74D1, 0x5C0E, 0x63ED, 0x4AEA, 0x8D52, 0x9DF4, 0x9594, 0x740D,
    0x6BED, 0x63AA, 0x5BAA, 0x742D, 0x7C8F, 0x8511, 0x746F, 0x746E, 0x6BEC, 0x5BAB, 0x432A, 0x8532,
    0x84F2, 0x6C50, 0x5BCD, 0x742F, 0x7CB1, 0x9574, 0x7C90, 0x53ED, 0x6C0E, 0x6BEE, 0x7430, 0x5BCE,
    0x5BEC, 0x74D0, 0x8D31, 0x8CF0, 0x63EC, 0x63AB, 0x638B, 0x6BEC, 0x740C, 0x9DF2, 0x7CCF, 0x6C0C,
    0x6BED, 0x530A, 0x4B2B, 0x63CE, 0x6B8D, 0x6BEC, 0x7C2D, 0x8CCE, 0x7C8E, 0x74AE, 0x8D51, 0x8511,
    0x63CD, 0x638C, 0x636C, 0x6C6F, 0x7C90, 0x748F, 0x5BAD, 0x5B6C, 0x638C, 0x6C0F, 0x8510, 0x7C90,
    0x84AF, 0x8CF1, 0x84D0, 0x742E, 0x744D, 0x7CAF, 0x8D30, 0x740E, 0x63CD, 0x6C8F, 0x744F, 0x740F,
    0x8512, 0xB616, 0xAE98, 0x74B1,
    0x5C4E, 0x5BCC, 0x5BED, 0x63CC, 0x6C6E, 0x84D1, 0x8D72, 0x95B4, 0x642E, 0x636C, 0x63AC, 0x74B0,
    0x7CAF, 0x84B0, 0x8570, 0x5B8D, 0x4B49, 0x74F0, 0x8D73, 0x95D5, 0x7CF1, 0x8511, 0x8D92, 0x8530,
    0x8531, 0x7CCF, 0x7D30, 0x7CD0, 0x744E, 0x746F, 0x748E, 0x744F, 0x6C6E, 0x7CB0, 0x84F1, 0x7D70,
    0x7C90, 0x744F, 0x7CF0, 0x7CAF, 0x6C6D, 0x8531, 0x95D3, 0x748E, 0x5BEB, 0x742D, 0x6C4D, 0x74AF,
    0x6C2E, 0x6C0E, 0x74AF, 0x642D, 0x636C, 0x6BEE, 0x63EC, 0x84B1, 0x746E, 0x63AC, 0x63AC, 0x52EA,
    0x638B, 0x636A, 0x5B69, 0x5B29, 0x5B6A, 0x6BEB, 0x6BCC, 0x636B, 0x638C, 0x63AC, 0x63AB, 0x6BED,
    0x6BCC, 0x6C4E, 0x6CAE, 0x84EF, 0x748D, 0x7C8E, 0x740D, 0x4AE9, 0x6BED, 0x6CAF, 0x7D32, 0x6BED,
    0x640E, 0x5B4B, 0x636C, 0x5B8A, 0x63AC, 0x5349, 0x748E, 0x63CA, 0x742C, 0x752F, 0x84EE, 0x6C6D,
    0x5BAB, 0x5B8A, 0x5B6B, 0x536B, 0x5BAC, 0x642C, 0x63ED, 0x6C2D, 0x6B8C, 0x84CF, 0x748F, 0x7CCF,
    0x7D2F, 0x748D, 0x7CAD, 0x7CCE, 0x7CCF, 0x6C6F, 0x6C2E, 0x748F, 0x74D1, 0x7511, 0x8D93, 0x8DB4,
    0x8D93, 0x9E98, 0xAE36, 0x8D93, 0x84D1, 0x6C50, 0x7D94, 0x7DF3, 0x8E36, 0x8DD2, 0x7CF3, 0x74D2,
    0x6C30, 0x6C71, 0x95F6, 0x8D53, 0x8D74, 0x7C91, 0x7492, 0x6C92, 0x4B4C, 0x5C50, 0x84D3, 0x6C51,
    0x7472, 0x6410, 0x5BEF, 0x6430, 0x8472, 0x96B9, 0x5CAD, 0x642F, 0x642F, 0x6C50, 0x6C71, 0x73CE,
    0x642E, 0x5C2D, 0x74F0, 0x8532, 0x9DD3, 0xA633, 0x9DF3, 0x8D50, 0x748E, 0x6349, 0x5B84, 0x6367,
    0x5323, 0x9DD4, 0xAE56, 0x9DF5, 0x6490, 0x6C0F, 0x6BED, 0x6BEE, 0x8D32, 0xA613, 0x95F2, 0x7C8E,
    0x73ED, 0x634A, 0x63AB, 0x7C4E, 0x84AF, 0x84D0, 0x84B0, 0x744E, 0x7C2D, 0x6C0C, 0x63AC, 0x7C91,
    0x8491, 0x5C10, 0x6BAE, 0x7BAD, 0x7491, 0xAE39, 0x84F3, 0x5BCE, 0x63AD, 0x6C0E, 0x8511, 0x7450,
    0x6C2E, 0x84D1, 0x9553, 0x8531, 0x748E, 0x63AB, 0x63CB, 0x742C, 0x7CAE, 0x9E13, 0x8D4F, 0x5B8A,
    0x6BED, 0x5B6B, 0x532B, 0x740D, 0x6BEC, 0x742D, 0x7C0C, 0x84AE, 0x744C, 0x8550, 0x95B2, 0x7CAF,
    0x742D, 0x6BAD, 0x6B8D, 0x7C50, 0x7C90, 0x744F, 0x5BED, 0x5B8C, 0x5B6C, 0x640C, 0x7D50, 0x8D31,
    0x8CF0, 0x8CD1, 0x84D1, 0x7C4E, 0x74AE, 0x84D0, 0x7CCF, 0x742F, 0x6C2D, 0x6C2E, 0x7CB0, 0x7C90,
    0x8D14, 0xA5F5, 0xA677, 0x74F1,
    0x646F, 0x5BCD, 0x642E, 0x63CC, 0x6C8E, 0x84B1, 0x8551, 0xA616, 0x542D, 0x5B6C, 0x63CD, 0x748F,
    0x7CEF, 0x8CD0, 0x8550, 0x53AD, 0x53AB, 0x74D0, 0x8572, 0x95F4, 0x8531, 0x7D10, 0x8D31, 0x7CCD,
    0x7D0F, 0x7CAF, 0x84F0, 0x7D10, 0x746E, 0x7CCE, 0x74CE, 0x7CAF, 0x640C, 0x748E, 0x9552, 0x8D52,
    0x84D0, 0x8470, 0x84B0, 0x7CCF, 0x7C4E, 0x8D71, 0x85B2, 0x7CEE, 0x63EB, 0x6C4C, 0x746D, 0x6C6D,
    0x6C6D, 0x746E, 0x7C8E, 0x642C, 0x642C, 0x7C6E, 0x6BEC, 0x7CCF, 0x8510, 0x7C4D, 0x5B8A, 0x5B4A,
    0x638B, 0x6B8A, 0x5B49, 0x5B49, 0x638A, 0x6C0B, 0x6C2D, 0x63ED, 0x6C0E, 0x6C2D, 0x63AC, 0x742D,
    0x6BEB, 0x74CE, 0x74AE, 0x8D50, 0x7CAF, 0x746C, 0x63AB, 0x5B6A, 0x63CC, 0x6C4F, 0x74D0, 0x642E,
    0x6C0E, 0x532B, 0x5B6B, 0x6B8B, 0x5BAA, 0x5369, 0x640C, 0x6C0B, 0x6B8B, 0x7D0F, 0x8570, 0x74AE,
    0x63EB, 0x63CB, 0x534A, 0x5BAC, 0x63EC, 0x5B8A, 0x6C0E, 0x6C0D, 0x6C2E, 0x7CAF, 0x7C8F, 0x74D0,
    0x8550, 0x850F, 0x8D2F, 0x850F, 0x84F0, 0x7CF1, 0x6C6E, 0x74B0, 0x7CF1, 0x8532, 0x95F3, 0x8552,
    0x9593, 0x9EDA, 0xADD4, 0x8573, 0x7CB0, 0x6BCE, 0x7D12, 0x8573, 0x85F4, 0x95B2, 0x8533, 0x6CB1,
    0x6C50, 0x644F, 0x9637, 0x9DB6, 0x9595, 0x7CD0, 0x7CB2, 0x6C50, 0x640F, 0x6450, 0x7CD2, 0x7492,
    0x7451, 0x63F0, 0x5C0F, 0x6C92, 0x9DB7, 0x9657, 0x6CAF, 0x6C10, 0x640F, 0x6C30, 0x74B1, 0x7C4F,
    0x5C0E, 0x5C4F, 0x7CF1, 0x8572, 0x9553, 0xAE35, 0xB636, 0x7D70, 0x744F, 0x63CB, 0x6BE7, 0x63E8,
    0x5B06, 0x95F2, 0xAE55, 0x95D4, 0x74F1, 0x6C2E, 0x63ED, 0x63EF, 0x9DD4, 0x9E14, 0x8D50, 0x848E,
    0x6C2C, 0x63CB, 0x6BCC, 0x7C8F, 0x8511, 0x74B0, 0x8D30, 0x6C0D, 0x740D, 0x746E, 0x63ED, 0x7D73,
    0x7C71, 0x6C10, 0x5BEE, 0x640E, 0x7471, 0x8D97, 0x84D2, 0x5B4C, 0x5BAC, 0x6C0E, 0x8CF3, 0x8552,
    0x742F, 0x7C90, 0x9DB4, 0x9592, 0x84D0, 0x636A, 0x640B, 0x7CCF, 0x73EB, 0xAE53, 0x8D50, 0x6C0A,
    0x63EB, 0x5B8B, 0x638A, 0x740D, 0x742C, 0x744D, 0x846C, 0x7C8E, 0x5306, 0x856E, 0x9E14, 0x84CF,
    0x7C6E, 0x6BED, 0x6BCD, 0x8470, 0x7C8F, 0x744E, 0x640D, 0x5BAC, 0x4BCC, 0x742D, 0x8571, 0x9DD2,
    0x9512, 0x8CD0, 0x7C6F, 0x742D, 0x7CAE, 0x84F1, 0x84F0, 0x7C50, 0x7CB0, 0x748F, 0x7CD0, 0x742F,
    0x9514, 0x8D72, 0xA656, 0x8D93,
    0x646F, 0x5BAC, 0x644F, 0x63CB, 0x746E, 0x8470, 0x8E13, 0x9DD3, 0x644E, 0x5BED, 0x73EE, 0x7CF0,
    0x8510, 0x84D0, 0x852F, 0x640D, 0x638C, 0x7CF1, 0x8D72, 0x8E13, 0x84CE, 0x8550, 0x9551, 0x84CE,
    0x74AE, 0x746D, 0x7C8E, 0x7CAE, 0x748F, 0x742C, 0x7D0F, 0x746C, 0x742C, 0x8510, 0x9552, 0x8511,
    0x8550, 0x848F, 0x84B1, 0x84B0, 0x744E, 0x8D91, 0x8D70, 0x7D4E, 0x748D, 0x6C4C, 0x6C4D, 0x748D,
    0x6C4B, 0x748E, 0x746D, 0x6C4D, 0x640B, 0x746D, 0x642C, 0x9D71, 0x746D, 0x6C4C, 0x6BCC, 0x5B8A,
    0x636A, 0x6B8A, 0x6369, 0x4AC7, 0x5B49, 0x6BEC, 0x746E, 0x640E, 0x6C6E, 0x748D, 0x6C0C, 0x6C0C,
    0x6BEB, 0x738C, 0x8510, 0x852F, 0x7CCE, 0x7CED, 0x6C2C, 0x5B4B, 0x63AC, 0x6C4E, 0x6CCF, 0x748F,
    0x6C2E, 0x42E9, 0x5ACA, 0x636B, 0x53CA, 0x5BAB, 0x6C2B, 0x6C2B, 0x63A8, 0x7CEE, 0x7D31, 0x6C4D,
    0x6C2C, 0x63EB, 0x534A, 0x5BAC, 0x5BCC, 0x5B8A, 0x742E, 0x7490, 0x744E, 0x7D11, 0x7C4D, 0x7531,
    0x8D71, 0x8530, 0x8D30, 0x9572, 0x9532, 0x84F1, 0x748F, 0x6C6E, 0x7CF1, 0x8511, 0x8DD3, 0x7511,
    0x8D54, 0x9EFA, 0xB5F5, 0x8573, 0x742E, 0x6C4F, 0x74D0, 0x8D72, 0x8615, 0x95D3, 0x8512, 0x74F1,
    0x6C2F, 0x7CD1, 0x95B5, 0xAE17, 0x9594, 0x74B1, 0x74B0, 0x6C70, 0x6C4F, 0x7491, 0x74B2, 0x7491,
    0x7450, 0x6C11, 0x6C70, 0x74F2, 0x9DF8, 0xA638, 0x642E, 0x63CE, 0x640F, 0x7470, 0x6C90, 0x532C,
    0x6C0F, 0x5C4F, 0x7470, 0x8552, 0x95B4, 0xBE57, 0x9E14, 0x7D72, 0x742F, 0x4B4A, 0x6C29, 0x6C6A,
    0x63EA, 0x9DF4, 0xAE75, 0x95F4, 0x7D11, 0x63ED, 0x6C0E, 0x6470, 0xB6D8, 0x95B3, 0x8571, 0x84CF,
    0x740D, 0x6C2C, 0x6C0C, 0x7C8F, 0x94F1, 0x84F0, 0x850F, 0x73EB, 0x7C2D, 0x73CC, 0x746E, 0x74F2,
    0x7C51, 0x636C, 0x744F, 0x744F, 0x7C70, 0x9D55, 0x7C10, 0x638C, 0x5BAD, 0x63EE, 0x74F2, 0x7C90,
    0x6C0F, 0x7C6F, 0x9533, 0x9DD3, 0x9D31, 0x638A, 0x6CAF, 0x74AE, 0x846D, 0xB674, 0x9571, 0x742B,
    0x740C, 0x5BAB, 0x63AB, 0x746D, 0x84CF, 0x7C8C, 0x7CAE, 0x7CCF, 0x742B, 0x7D8C, 0x9592, 0x7CAE,
    0x748E, 0x63EC, 0x6BCD, 0x84F1, 0x84B0, 0x746F, 0x642E, 0x63CC, 0x53EC, 0x744E, 0x9552, 0x9E33,
    0x9532, 0x84B0, 0x7C6F, 0x744E, 0x7CAF, 0x8D11, 0x84D0, 0x84F2, 0x8512, 0x7CD0, 0x84D0, 0x7C0F,
    0x8CF2, 0x9594, 0x9E36, 0x9595,
    0x6C8F, 0x63ED, 0x6C8F, 0x5348, 0x742D, 0x84B0, 0x95F3, 0xA5B3, 0x7490, 0x640D, 0x6BAD, 0x8531,
    0x8530, 0x84F0, 0x8D70, 0x640D, 0x7C2E, 0x8510, 0x8D31, 0x9E15, 0x84CF, 0x8570, 0x95B0, 0x84EE,
    0x74AD, 0x744D, 0x746D, 0x84AE, 0x74AE, 0x7C6E, 0x7CCF, 0x7CAD, 0x7CAE, 0x850F, 0x9571, 0x8510,
    0x8530, 0x84F0, 0x8D52, 0x8D11, 0x8510, 0x9571, 0x8D51, 0x7CEE, 0x6CAC, 0x6C8B, 0x6C2C, 0x6C6C,
    0x6C4B, 0x6C4B, 0x6C2C, 0x7CAE, 0x6C0C, 0x7C8E, 0x640C, 0x9D91, 0x8CED, 0x7C8D, 0x740D, 0x63CB,
    0x638A, 0x6BCA, 0x5B47, 0x5B48, 0x63AB, 0x746E, 0x74CE, 0x6BCD, 0x6C4E, 0x746D, 0x6C4D, 0x740D,
    0x740C, 0x7B8D, 0x844D, 0x850E, 0x850F, 0x7C8E, 0x6C2D, 0x52A8, 0x63AC, 0x640D, 0x6CAF, 0x7D31,
    0x6C2D, 0x5309, 0x52AA, 0x63AB, 0x53AA, 0x63AB, 0x7C2E, 0x7D2E, 0x746B, 0x8572, 0x8531, 0x742D,
    0x746D, 0x63EB, 0x5B6B, 0x5BAC, 0x5BCC, 0x6C2E, 0x742E, 0x6CF0, 0x8CF1, 0x7D31, 0x648F, 0x8DB3,
    0x95D3, 0x8D72, 0x8D71, 0x9D93, 0x9D74, 0x7CF1, 0x7C90, 0x7C2E, 0x95B3, 0x9553, 0x8572, 0x74B1,
    0x84F2, 0x9658, 0xB677, 0x8DB3, 0x7C8F, 0x6C4F, 0x74B0, 0x8D73, 0x8DB3, 0x9DF3, 0x8552, 0x7490,
    0x6C4F, 0x74B1, 0x95B5, 0xAE36, 0x9DB4, 0x7CD1, 0x7CF1, 0x746F, 0x7490, 0x7CF2, 0x7CF2, 0x7470,
    0x6C51, 0x6C30, 0x6C70, 0x7512, 0x95F7, 0x9E38, 0x74B0, 0x642D, 0x63AE, 0x6C2F, 0x5C4F, 0x432B,
    0x7430, 0x6C70, 0x74B2, 0x84D2, 0x9E15, 0xB699, 0x9E57, 0x7CB1, 0x748F, 0x5BAB, 0x6C2D, 0x6C4A,
    0x748E, 0xA615, 0xAE75, 0x95D3, 0x7D31, 0x63AC, 0x644E, 0x74D0, 0xB697, 0x9DF4, 0x8D71, 0x7CCF,
    0x7C2D, 0x6BEC, 0x740D, 0x84AF, 0x9532, 0x8D30, 0x84AE, 0x7CAE, 0x84AF, 0x7BEE, 0x84D1, 0x74B0,
    0x8D34, 0x4AC7, 0x6B8C, 0x94D2, 0x7CB0, 0x8D74, 0x7490, 0x4B0A, 0x6C0D, 0x63AC, 0x8491, 0x7CB1,
    0x6C2F, 0x742F, 0xA5B5, 0x9DD3, 0x8D11, 0x42C9, 0x74D0, 0x84CE, 0x746E, 0xB6B4, 0x9E11, 0x638A,
    0x6C0C, 0x63CB, 0x6C2C, 0x7CCE, 0x7CEE, 0x8CAE, 0x7CCE, 0x8510, 0x7D2E, 0x856F, 0x9572, 0x84EF,
    0x7CAE, 0x5BED, 0x73ED, 0x8D52, 0x84D1, 0x6C4E, 0x6C0E, 0x63AD, 0x63ED, 0x744F, 0xADF6, 0xA635,
    0x9D73, 0x8CD1, 0x7C8F, 0x6C0E, 0x84F1, 0x9573, 0x8D11, 0x8D53, 0x8D73, 0x8491, 0x8CF2, 0x6B8E,
    0x8D34, 0x95D5, 0x9DF6, 0x9594,
    0x7D11, 0x5BCC, 0x6C0D, 0x63EA, 0x7C8F, 0x8D10, 0x9E96, 0xA5B4, 0x74D0, 0x63ED, 0x7C2F, 0x8510,
    0x7CF0, 0x8D10, 0x8D91, 0x742E, 0x7C8F, 0x8550, 0x8D32, 0xA675, 0x8530, 0x8D50, 0x8DD0, 0x84CE,
    0x6C4C, 0x6C2C, 0x742D, 0x84AE, 0x7CAE, 0x642B, 0x84CF, 0x7CAC, 0x852E, 0x9571, 0x9DF3, 0x84CF,
    0x8510, 0x9532, 0x8D93, 0x8D32, 0x8510, 0x9DD2, 0x8D50, 0x748D, 0x6CAC, 0x648C, 0x6C8C, 0x6C8C,
    0x640A, 0x640A, 0x640A, 0x74AD, 0x646B, 0x8D30, 0x748E, 0x95B1, 0xAE73, 0x7CCB, 0x7C6D, 0x6C2B,
    0x638A, 0x6BEB, 0x5B28, 0x3A84, 0x6C2D, 0x74AE, 0x74CF, 0x73CE, 0x742E, 0x742D, 0x84D0, 0x740D,
    0x7B6B, 0x840D, 0x8CCF, 0x84EF, 0x746E, 0x742E, 0x63EC, 0x5B2A, 0x636B, 0x634C, 0x74D1, 0x7530,
    0x6C0D, 0x63CC, 0x4AEA, 0x5B8B, 0x5C0B, 0x636B, 0x744D, 0x8D10, 0x84F1, 0x7DB4, 0x8D73, 0x748F,
    0x84CE, 0x6C2C, 0x63CC, 0x63AC, 0x6C6F, 0x6C2E, 0x748F, 0x74B0, 0x84F2, 0x8D52, 0x8D73, 0xAE56,
    0x9DF4, 0x95B4, 0x95B3, 0xA615, 0x9DD5, 0x8CD1, 0x8511, 0x84AF, 0x9593, 0x8D53, 0x7CF0, 0x744F,
    0x7CF1, 0xA657, 0xB6B9, 0x8D93, 0x6BAD, 0x744E, 0x748F, 0x9573, 0x95D2, 0x9DD3, 0x8572, 0x74B0,
    0x7490, 0x74F1, 0x9DD5, 0xBEB8, 0x9554, 0x7CF1, 0x7490, 0x746F, 0x7C70, 0x7CF2, 0x7CD2, 0x6C50,
    0x6C30, 0x6C0F, 0x6BEF, 0x8553, 0x9DF7, 0x9615, 0x8510, 0x6C4E, 0x636E, 0x5BAE, 0x5C2F, 0x53AB,
    0x6430, 0x6C50, 0x74B1, 0x8CF2, 0xAE37, 0xB6FA, 0xB679, 0x7CF2, 0x6C6F, 0x53CA, 0x640C, 0x644C,
    0x84D0, 0xB657, 0xC6D7, 0x8D92, 0x8552, 0x7CF0, 0x6C4F, 0x7CF0, 0xAEB7, 0xA614, 0x9573, 0x7CCF,
    0x7C8E, 0x744D, 0x740D, 0x8CCF, 0xA593, 0x8D31, 0x7CCF, 0x8D71, 0x8510, 0x84AF, 0x8D72, 0x7490,
    0x7C32, 0x630A, 0x5B0B, 0x84F2, 0x8D52, 0x95D6, 0x7450, 0x636C, 0x6C0D, 0x5BCB, 0x7CB1, 0x8512,
    0x744F, 0x7C90, 0x9573, 0xA5F4, 0x8D31, 0x742D, 0x848E, 0x7CAF, 0x9DB2, 0xC714, 0xA5F2, 0x5BAB,
    0x6C0C, 0x6BCB, 0x6C6C, 0x7D2E, 0x84EF, 0x84EF, 0x748E, 0x8530, 0x7D70, 0x9DB2, 0xA5D2, 0x84CF,
    0x7CAE, 0x63ED, 0x742E, 0x9D73, 0x84F0, 0x742E, 0x6C0D, 0x63CD, 0x63ED, 0x7C8F, 0xAE15, 0xB677,
    0x9D53, 0x8D32, 0x748F, 0x744E, 0x8D32, 0x8D73, 0x9572, 0x8D74, 0x9594, 0x84F2, 0x9D54, 0x5B2D,
    0x8D74, 0x9DF6, 0x9E16, 0x9594,
    0x7D11, 0x6C2E, 0x6C2E, 0x6C2B, 0x7CCF, 0x7CF0, 0x96B5, 0xB656, 0x6C90, 0x63EE, 0x6C0D, 0x8D31,
    0x8510, 0x8D31, 0x8D71, 0x7C90, 0x6C8F, 0x8571, 0x9593, 0x95D2, 0x8D52, 0x8D50, 0x8D70, 0x7CCD,
    0x742C, 0x742C, 0x740D, 0x84CE, 0x8D0F, 0x4BEA, 0x8CEF, 0x7CCD, 0x8D4F, 0xA612, 0xADF4, 0x850F,
    0x8510, 0x9552, 0x9DD3, 0x8D72, 0x8550, 0xA652, 0x9590, 0x850D, 0x74ED, 0x6C8B, 0x648B, 0x6C6C,
    0x644A, 0x640B, 0x6C2C, 0x746C, 0x6C6C, 0x854F, 0x7CEE, 0x9590, 0xB675, 0x7CCD, 0x7C8D, 0x6C0B,
    0x63CA, 0x6BEB, 0x5B28, 0x5B69, 0x746D, 0x748E, 0x74CE, 0x7CAF, 0x6C4F, 0x7C6F, 0x7CAF, 0x7C6E,
    0x7C2D, 0x7CAF, 0x84AF, 0x84CF, 0x746E, 0x748E, 0x6C2D, 0x5B8B, 0x636C, 0x632D, 0x6C8F, 0x7CF0,
    0x744E, 0x6C6E, 0x4AE8, 0x5B6B, 0x74CE, 0x634B, 0x74AE, 0x94F2, 0x7553, 0x8E15, 0x9DF6, 0x84CF,
    0x8D0F, 0x6C4C, 0x744E, 0x63ED, 0x6C6F, 0x63CC, 0x74AF, 0x8511, 0x8552, 0x9553, 0x8552, 0xA636,
    0xAE56, 0x9DD4, 0xA635, 0xAE76, 0xA656, 0x9511, 0x8531, 0x74D0, 0x8D32, 0x8DD5, 0x74EF, 0x6BCE,
    0x74B0, 0xA637, 0xA6D8, 0x9DF4, 0x7C6F, 0x5BEC, 0x646F, 0x9573, 0x9DD3, 0xA614, 0x8D73, 0x7CB0,
    0x6C4F, 0x7CF1, 0xADF6, 0xB6B7, 0x8D34, 0x8532, 0x7C90, 0x7C8F, 0x7C90, 0x84F3, 0x7CD1, 0x74B1,
    0x6C2F, 0x7450, 0x7C50, 0x8D33, 0xA617, 0x9635, 0x7CCF, 0x6BED, 0x4ACA, 0x4B2C, 0x5C4E, 0x4BAE,
    0x5BCD, 0x6C70, 0x74B0, 0x84F2, 0xAE16, 0xC6FA, 0xB698, 0x6CF1, 0x644F, 0x5BAB, 0x63EC, 0x6C8D,
    0x8CF1, 0xB677, 0xCEB8, 0x8552, 0x9593, 0x6C4E, 0x748F, 0x7CF0, 0xAE76, 0xAE76, 0x9592, 0x84AF,
    0x8CCF, 0x744E, 0x740D, 0x84CF, 0xADD4, 0x9572, 0x84D0, 0x9531, 0x8D32, 0x84D0, 0x8DD4, 0x6BEE,
    0x63CE, 0x6C2E, 0x42EA, 0x94B1, 0xA594, 0x9DD5, 0x8470, 0x5B0B, 0x8552, 0x5B2A, 0x8552, 0x8574,
    0x742E, 0x7C90, 0x9D93, 0xA5F4, 0x8D11, 0x84B0, 0x8CF0, 0x6C2F, 0x956F, 0xCEF6, 0xAE34, 0x5329,
    0x746C, 0x6BEB, 0x6C8D, 0x8570, 0x9572, 0x8D0F, 0x8D12, 0x8D71, 0x9590, 0x9DF3, 0xAE54, 0x7CCF,
    0x7C6E, 0x6BCC, 0x6C2E, 0x9D73, 0x9512, 0x7C8F, 0x740E, 0x63CD, 0x6BAD, 0x8D12, 0xB657, 0xADF6,
    0x9D74, 0x8D73, 0x7490, 0x744E, 0x8D52, 0x95D4, 0x9574, 0x9594, 0x8D53, 0x84D2, 0x9533, 0x52CA,
    0x8533, 0xA616, 0x9E16, 0x9593,
    0x7D10, 0x746F, 0x6C4E, 0x6C6E, 0x74D0, 0x8510, 0x9655, 0xB677, 0x6C50, 0x640E, 0x7C8F, 0x8D31,
    0x8D30, 0x8D10, 0x8D71, 0x7CB0, 0x6CD0, 0x8D52, 0x9DF5, 0x9D92, 0x9572, 0x9571, 0x8D50, 0x7CCE,
    0x744D, 0x742C, 0x744D, 0x7CCD, 0x8D4F, 0x748C, 0x84EE, 0x8D30, 0x8D70, 0x9E52, 0xB634, 0x8D50,
    0x8D30, 0x9572, 0xA635, 0x9593, 0x8D90, 0xA672, 0x95B0, 0x852E, 0x6CAC, 0x74CD, 0x648B, 0x6C6C,
    0x5BC9, 0x640A, 0x6C2B, 0x6C4C, 0x6C6C, 0x8D0F, 0x854E, 0x9630, 0xB6B5, 0x74AB, 0x7C8D, 0x6C4C,
    0x6BEB, 0x740B, 0x5B89, 0x5327, 0x746D, 0x74AD, 0x7D0E, 0x7CEF, 0x84CF, 0x84CF, 0x7C6E, 0x7C8F,
    0x84F1, 0x8D32, 0x8CF0, 0x7CEF, 0x74AF, 0x7CAF, 0x6BED, 0x6C0D, 0x638B, 0x6BCD, 0x8D32, 0x7CF0,
    0x74AE, 0x7CB0, 0x4B09, 0x5AEA, 0x7D11, 0x63AB, 0x742F, 0x8D32, 0x8DD4, 0xA6B7, 0x95F4, 0x8D11,
    0x84F0, 0x7CAE, 0x7CAE, 0x6C2D, 0x6CAF, 0x63AB, 0x7C8F, 0x7CAF, 0x8DB3, 0x9DB4, 0x9DF5, 0xA636,
    0xA615, 0xA5F4, 0xA635, 0xB696, 0xA693, 0x9D73, 0x8D52, 0x8D72, 0x9D93, 0x9636, 0x6C6D, 0x73EE,
    0x6C6E, 0xA657, 0xAEF8, 0x9E14, 0x7C70, 0x638B, 0x7490, 0x8D72, 0x9DD3, 0x9DD3, 0x8D93, 0x84F1,
    0x748F, 0x8532, 0xB616, 0xBED8, 0x9554, 0x8D53, 0x7C8F, 0x7CB0, 0x7CB0, 0x84F2, 0x7CF1, 0x7470,
    0x6C2F, 0x6C0F, 0x7450, 0x9DB5, 0xAE35, 0x9DF4, 0x7D0F, 0x744E, 0x2206, 0x530A, 0x6C6F, 0x53CE,
    0x6C4F, 0x7CF1, 0x746F, 0x8533, 0xA636, 0xC6B9, 0xBEB8, 0x8511, 0x5C2E, 0x6BCD, 0x638B, 0x7C6E,
    0x8D32, 0xBEB9, 0xCED8, 0x9DB4, 0x8592, 0x74B0, 0x748F, 0x644E, 0xB6B7, 0xC6F8, 0x9D92, 0x84AC,
    0x8CCE, 0x7C4F, 0x7C4E, 0x7C8F, 0xA5B5, 0xADF5, 0x8CF0, 0x9572, 0xA594, 0x84F0, 0x9DD3, 0x744F,
    0x530A, 0x640C, 0x5B49, 0x9CF1, 0x9D95, 0x95B5, 0x8493, 0x62EC, 0x6CD0, 0x6B8B, 0x8554, 0x8D74,
    0x7C90, 0x8470, 0xADD4, 0xAE15, 0x9511, 0x9552, 0x9531, 0x94CF, 0x95B1, 0xD739, 0xADF5, 0x6C6D,
    0x6C6D, 0x6C2D, 0x74CE, 0x9DD3, 0xA5F3, 0x9551, 0x9572, 0x8D91, 0x9DB2, 0xA633, 0xC6B8, 0x7C8F,
    0x7C4E, 0x6BCC, 0x746E, 0xA594, 0x9D73, 0x7CCF, 0x7C2F, 0x63EE, 0x5B6C, 0x9532, 0xBE58, 0xB616,
    0xA616, 0xA615, 0x7C71, 0x7C8F, 0x9593, 0x9DD5, 0x9D94, 0x9DB5, 0x9573, 0x8CB1, 0x8CF2, 0x5B4A,
    0x95F6, 0xA616, 0xA615, 0x9DB3,
    0x8511, 0x7C6F, 0x744E, 0x74AF, 0x7CB0, 0x8D52, 0x8E35, 0x9DB5, 0x7450, 0x640E, 0x746E, 0x9572,
    0x8D31, 0x9511, 0x95D4, 0x8D31, 0x6CAF, 0x8D93, 0x9DF4, 0x9D52, 0x9571, 0x9DB2, 0x8D31, 0x7CCE,
    0x6C0B, 0x742C, 0x744C, 0x84CE, 0x8D2F, 0x84CC, 0x7D0E, 0x9530, 0x8D6F, 0x9E72, 0xB654, 0x9571,
    0x8D51, 0x9D93, 0xA614, 0xA5F5, 0x9550, 0xA632, 0x9E32, 0x8D6F, 0x74ED, 0x74CD, 0x6CAC, 0x7CCD,
    0x5BE9, 0x640A, 0x746C, 0x748C, 0x6C8B, 0x7CCD, 0x854F, 0x9E52, 0x9EB2, 0x84CC, 0x84AE, 0x744C,
    0x6C2B, 0x7C6D, 0x5347, 0x5B27, 0x742C, 0x84AE, 0x84EE, 0x7C6D, 0x8CAF, 0x8CF0, 0x848E, 0x8510,
    0x9592, 0xAE14, 0x856F, 0x7D0E, 0x7CCF, 0x746E, 0x6C2D, 0x848E, 0x638B, 0x73ED, 0x85D4, 0x6D2E,
    0x7CCE, 0x84D0, 0x4AEA, 0x5AA9, 0x7C8F, 0x638D, 0x746F, 0x8D32, 0x9DD3, 0xB6D8, 0x95F4, 0x84CF,
    0x84F0, 0x7CAE, 0x744D, 0x6C2D, 0x748F, 0x63EB, 0x848F, 0x84CE, 0x8D72, 0xA5F5, 0xAE35, 0xA655,
    0xA5F3, 0xA615, 0xAE35, 0xBE96, 0xAEB4, 0x9DD3, 0x9593, 0x9DB4, 0x9D93, 0x9635, 0x748E, 0x73AE,
    0x7CD0, 0x8DD3, 0xBEF8, 0x9E53, 0x7C0F, 0x742E, 0x7CF0, 0x8D72, 0xA5F4, 0xA5F3, 0x9593, 0x7D11,
    0x6C4F, 0x8D52, 0xB5F6, 0xC6F9, 0x9594, 0x8552, 0x7CD0, 0x7CB0, 0x9553, 0x8D53, 0x8532, 0x6C50,
    0x6C4F, 0x7450, 0x7470, 0xA594, 0xB656, 0x9DF4, 0x8550, 0x5C0C, 0x4AE7, 0x5B2B, 0x642E, 0x646E,
    0x6C6F, 0x7CB0, 0x74D1, 0x8552, 0xA676, 0xBEB8, 0xB677, 0x8CF0, 0x6C4D, 0x6C2E, 0x636D, 0x748F,
    0x84F1, 0xC6B9, 0xD73A, 0xAE16, 0x8D73, 0x748F, 0x7C90, 0x542D, 0xB676, 0xC6F9, 0xAE15, 0x8C90,
    0x8CD0, 0x7C6F, 0x7CAF, 0x7490, 0x9594, 0xAE78, 0x9532, 0x9DB3, 0xA5B3, 0x9D72, 0x9552, 0x7C70,
    0x4287, 0x536A, 0x63CB, 0x844F, 0x8DD6, 0x8594, 0x7CB2, 0x5B0B, 0x7510, 0x7C4F, 0x8512, 0x8D34,
    0x9512, 0x8490, 0xAE36, 0xA614, 0x84D1, 0x9DD3, 0x9D72, 0x9D2E, 0xB675, 0xD759, 0x9DD3, 0x746E,
    0x7C8F, 0x740D, 0x7CCF, 0x9DF4, 0xA633, 0x9551, 0x9591, 0x9D91, 0xA5F3, 0xB6B4, 0xB617, 0x740C,
    0x742D, 0x742E, 0x84D0, 0xB615, 0x9D93, 0x8511, 0x746F, 0x6C2E, 0x6C2E, 0x9511, 0xADF7, 0xB616,
    0x9DD4, 0x9DB3, 0x8511, 0x8511, 0x9553, 0x9D73, 0xA5D5, 0xA5D5, 0x9D73, 0x8CF1, 0x8490, 0x63CB,
    0x9E15, 0xA615, 0xA615, 0x9DB3,
    0x8D52, 0x84B0, 0x7C6F, 0x748F, 0x84D0, 0x9572, 0xAF3A, 0xA5B7, 0x7CB1, 0x642D, 0x742E, 0x8D72,
    0x8D72, 0x9531, 0x95D5, 0x8D52, 0x7D31, 0x9DD3, 0xA615, 0x9D93, 0x9550, 0x9572, 0x8D71, 0x84EF,
    0x744C, 0x740C, 0x744C, 0x84ED, 0x8D6F, 0x8D0E, 0x854E, 0x852E, 0x95B1, 0x9E52, 0xAE73, 0xA5D2,
    0x9D92, 0x9DB3, 0xA5D3, 0xAE76, 0x9591, 0xA633, 0xA653, 0x95B0, 0x6D0D, 0x7CEF, 0x74CD, 0x7CED,
    0x6C8B, 0x642A, 0x748C, 0x7CAD, 0x7CAD, 0x850E, 0x8D0E, 0xA672, 0x96B2, 0x8DAF, 0x7C8C, 0x742B,
    0x742C, 0x7C6D, 0x5347, 0x6368, 0x740C, 0x7CAD, 0x852F, 0x7CAE, 0x84CE, 0x84EF, 0x7CAD, 0x850E,
    0x8DB0, 0xAE33, 0x95D1, 0x8D71, 0x6C6D, 0x7CAD, 0x742C, 0x6BEC, 0x638B, 0x5B09, 0x8E15, 0x750E,
    0x7CCD, 0x7CCE, 0x634B, 0x638B, 0x746E, 0x6BED, 0x744E, 0x8CF0, 0x9D90, 0xB697, 0x9DD1, 0x8D10,
    0x8D31, 0x7CAE, 0x63EC, 0x63EC, 0x744E, 0x644C, 0x742E, 0x850E, 0x9572, 0xADD4, 0xAE56, 0xA655,
    0xAE15, 0xAE35, 0xAE74, 0xC6F7, 0xB695, 0xA614, 0x9DD4, 0xA5B4, 0xA5F5, 0x8D91, 0x6C0D, 0x6BED,
    0x74D0, 0x9DD3, 0xC6F6, 0x9E53, 0x740F, 0x740F, 0x7CD0, 0x9572, 0x9DB3, 0x9DD4, 0xA5B4, 0x8552,
    0x74AF, 0x9552, 0xBE57, 0xBED8, 0x9DD5, 0x8532, 0x8512, 0x6C30, 0x9574, 0x9D94, 0x8553, 0x7430,
    0x7490, 0x7C90, 0x84D1, 0xA5F5, 0xC6B8, 0x9D72, 0x8591, 0x740D, 0x4B2A, 0x4ACA, 0x636C, 0x644D,
    0x84D2, 0x7C91, 0x7470, 0x7D12, 0xAE56, 0xBED8, 0xB657, 0x8D0F, 0x5B6A, 0x6C4E, 0x534B, 0x74AF,
    0x8D72, 0xBEF9, 0xD71A, 0xAE76, 0x9574, 0x7490, 0x84F1, 0x5CB0, 0xBE97, 0xBED7, 0xB676, 0x9491,
    0x94F2, 0x8D11, 0x7CD0, 0x84D0, 0x9572, 0xB656, 0x9572, 0xA5D3, 0xB615, 0x9D72, 0x9D52, 0x742E,
    0x3A46, 0x5369, 0x7CB0, 0x7C6F, 0x9595, 0x95B5, 0x7470, 0x6B8D, 0x6C6E, 0x6C4E, 0x84F2, 0x8D53,
    0x9574, 0x8CB1, 0xADF5, 0xA5F4, 0x84D1, 0xA5D4, 0xB634, 0x8C8D, 0xBF19, 0xC6F8, 0xA5D3, 0x8D31,
    0x7C8F, 0x7C2E, 0x7CCF, 0xA614, 0xA5F4, 0x9D91, 0x9D91, 0xA5F4, 0xA614, 0xBF16, 0xB5D6, 0x746D,
    0x73ED, 0x846F, 0x9531, 0xADD5, 0x9DB4, 0x8D32, 0x7490, 0x73AD, 0x744C, 0xA574, 0xADF7, 0xADD6,
    0x9D75, 0xAE33, 0x9592, 0x8511, 0x9D93, 0x9D72, 0xAE15, 0xA5F5, 0x9572, 0x8510, 0x8C70, 0x84F0,
    0xA615, 0xA614, 0xAE15, 0x9DB4,
    0x8D11, 0x8CF0, 0x744E, 0x746F, 0x84D0, 0x8D72, 0xA6F8, 0xADD6, 0x7C91, 0x63ED, 0x7C8E, 0x9634,
    0x9D73, 0x9D73, 0x9E15, 0x95D4, 0x8D31, 0x9E15, 0xA635, 0x9D93, 0x9D93, 0xA5B3, 0x95B1, 0x8D10,
    0x6C2C, 0x740B, 0x744C, 0x84ED, 0x958F, 0x8D2F, 0x852D, 0x8D90, 0x95D1, 0xB654, 0xA632, 0x9DD1,
    0x9DB2, 0xA5F4, 0x9D92, 0xA614, 0x9DB2, 0xAE33, 0xAE74, 0x8DB0, 0x84EF, 0x7D0E, 0x854F, 0x852F,
    0x7CCD, 0x5C09, 0x74AC, 0x850E, 0x84ED, 0x8D2E, 0x8CEE, 0xA651, 0xAEF3, 0x9630, 0x7CCC, 0x7C8D,
    0x7C4C, 0x8CCF, 0x5327, 0x6BCA, 0x73EC, 0x84AE, 0x84CE, 0x84CD, 0x84CD, 0x8CEF, 0x7C8C, 0x8CEE,
    0x95B1, 0x9DB1, 0x9DF2, 0x8D90, 0x7CEE, 0x7C8D, 0x6C2C, 0x63EB, 0x63AA, 0x5BAB, 0x8531, 0x8CCF,
    0x7CED, 0x7C8E, 0x6BCC, 0x6BEC, 0x6BEC, 0x63CC, 0x746D, 0x94CE, 0xA5D2, 0xB677, 0xAE33, 0x9551,
    0x8D10, 0x7CCE, 0x6C2C, 0x63AB, 0x746D, 0x5BEB, 0x9511, 0x9570, 0xA592, 0xADF5, 0xBE97, 0xAE56,
    0xB676, 0xAE75, 0xAE94, 0xCF38, 0xB675, 0xAE54, 0xA5F5, 0xAE15, 0xAE75, 0x9530, 0x738C, 0x742E,
    0x7CF0, 0xA5F4, 0xBED6, 0xAE96, 0x742F, 0x7C6F, 0x7CF0, 0x9DB3, 0xA614, 0xAE35, 0xA5B4, 0x8531,
    0x7CF0, 0x9532, 0xC6DA, 0xB6B7, 0x9D94, 0x84D2, 0x84F2, 0x8D12, 0xA594, 0xA5B4, 0x7533, 0x7C70,
    0x7CB1, 0x84D1, 0x84B1, 0xB678, 0xCEF9, 0x9D92, 0x9DB2, 0x6C8E, 0x6BCC, 0x538C, 0x3A06, 0x6C2E,
    0x7CD2, 0x7470, 0x8D12, 0x84D1, 0xBE76, 0xCEF9, 0xB697, 0x9D11, 0x744D, 0x6C0D, 0x5BCB, 0x7C4F,
    0x7D30, 0xC719, 0xD75A, 0xB5F5, 0x84D2, 0x6C4F, 0x7CD0, 0x8511, 0xAE35, 0xBEB7, 0xB635, 0x84CF,
    0x846E, 0x94F0, 0x748F, 0x7CF0, 0x9DB2, 0x9572, 0xADF4, 0xAE15, 0xBE36, 0x9D51, 0x9511, 0x846F,
    0x4286, 0x4308, 0x84D2, 0x84D0, 0xADB5, 0x9D95, 0x7C0F, 0x6B8C, 0x740D, 0x7C6F, 0x84D1, 0x84F2,
    0x9513, 0x8C71, 0xAD95, 0x9593, 0x94D1, 0xA5F3, 0xAE15, 0x9D10, 0xBF19, 0xC6B8, 0xA593, 0x8CF0,
    0x84AF, 0x6C0D, 0x7CCD, 0xA5D4, 0xA615, 0xA5D3, 0xA5D1, 0xA614, 0xAE55, 0xC6D8, 0x8D93, 0x8CD0,
    0x7BCC, 0x848F, 0x9510, 0xA5F5, 0xA5D4, 0x8D32, 0x7470, 0x7C0D, 0x848F, 0x9D93, 0xBE37, 0xA594,
    0xAD95, 0xB633, 0xA5F3, 0x9D71, 0x9D73, 0xA5D4, 0xAE35, 0xB615, 0x9572, 0x9572, 0x8C90, 0x8D31,
    0xA614, 0xAE35, 0xAE55, 0xA615,
    0x8D31, 0x8CF0, 0x742F, 0x7C6F, 0x8511, 0x9DF4, 0xA6F9, 0xA553, 0x7470, 0x6C2D, 0x742D, 0x9614,
    0x9D73, 0xA5F4, 0xA615, 0x9DD5, 0x9552, 0x9DD4, 0xB657, 0x9552, 0x9DD3, 0x9DB2, 0x9D72, 0x9551,
    0x746D, 0x740C, 0x742C, 0x84EE, 0x9DD0, 0xA5B2, 0x7D2D, 0x8D8F, 0x95D1, 0xB654, 0xAE53, 0x9DF1,
    0x9DB2, 0xA5F3, 0x9572, 0x9DB2, 0xA5F3, 0xA612, 0xBEB6, 0x8DB0, 0x8D70, 0x8D50, 0x8D70, 0x9570,
    0x84CD, 0x640A, 0x7CAC, 0x850D, 0x850D, 0x8D4F, 0x9DB0, 0xB673, 0xAEB3, 0xA610, 0x952F, 0x84AD,
    0x7C6C, 0x8D0F, 0x5326, 0x6BCA, 0x7C6D, 0x7CAD, 0x7CEE, 0x848C, 0x7C8C, 0x9D50, 0x7CAC, 0x850D,
    0x9E11, 0xA612, 0xB634, 0x9590, 0x8D0E, 0x84CE, 0x744C, 0x73EB, 0x6B8A, 0x5B69, 0x94D1, 0x8CEF,
    0x7C8E, 0x7C8E, 0x748E, 0x6C0B, 0x740C, 0x6C2B, 0x7C6C, 0x8CEF, 0xA5B2, 0xB654, 0xAE34, 0x9591,
    0x84CF, 0x84EF, 0x744C, 0x63CA, 0x7C4D, 0x742C, 0x9590, 0x9DB1, 0xA592, 0xAE15, 0xBEB7, 0xB676,
    0xB696, 0xAE75, 0xB695, 0xCF38, 0xB634, 0xA634, 0xAE15, 0xAE15, 0xB696, 0x952F, 0x73CD, 0x740D,
    0x8571, 0xA592, 0xC717, 0xBEB7, 0x63CD, 0x6C4E, 0x8D51, 0xA5D4, 0xAE34, 0xAE57, 0xAE15, 0x8551,
    0x8D52, 0x9553, 0xC6D9, 0xAE36, 0x9553, 0x8D12, 0x8D52, 0x9533, 0xA5B5, 0x9DB4, 0x8D93, 0x7C8F,
    0x8553, 0x8D13, 0x9DB4, 0xB699, 0xC73A, 0xAE14, 0x9572, 0x7C8E, 0x638C, 0x6C4E, 0x4226, 0x7C91,
    0x8D33, 0x8D13, 0x9532, 0xB590, 0xC694, 0xC6B9, 0xC6D9, 0x9D52, 0x8CEF, 0x740D, 0x740D, 0x84AF,
    0x8D32, 0xBED8, 0xCF5A, 0xAE76, 0x8CD1, 0x7C70, 0x7CF0, 0x9592, 0xAE35, 0xBEB7, 0xBE75, 0x8CEF,
    0x7C4D, 0x846E, 0x638B, 0x846E, 0xADF2, 0x6D0D, 0xB676, 0xA635, 0xBE56, 0xADD4, 0x8D10, 0x8CAF,
    0x5B4A, 0x4AA8, 0x848F, 0x8CEF, 0x9D72, 0x9D93, 0x84AF, 0x536A, 0x6BEC, 0x848E, 0x9D33, 0x9553,
    0x8D12, 0x84B2, 0x9533, 0x8D51, 0x9DB2, 0xA5D3, 0x9CEC, 0xB5F2, 0xC739, 0xD6F9, 0x9D92, 0x8CF0,
    0x8510, 0x7C6E, 0x7C8D, 0xADB4, 0xB656, 0x9DD3, 0xADF4, 0xB655, 0xB635, 0xB6B6, 0x9DB4, 0x8C8F,
    0x842D, 0x844E, 0x9510, 0xA5F5, 0xADF4, 0x8D31, 0x748F, 0x7BAD, 0x8CD0, 0x9D93, 0xBE76, 0xB5F5,
    0xB5F5, 0xBE54, 0xB613, 0xADD3, 0x9D73, 0xB637, 0xAE35, 0xA5B4, 0x8D30, 0x9DB3, 0x9531, 0x8D52,
    0xAE34, 0xAE55, 0xB676, 0xB655,
    0x8D11, 0x9531, 0x7C70, 0x6C0E, 0x8511, 0xAE14, 0xA6D9, 0xA5B4, 0x744E, 0x6C0D, 0x7C6E, 0x9DD3,
    0xAE15, 0x9D93, 0xADF4, 0xA616, 0x9551, 0xA5D4, 0xB6B6, 0xA5B4, 0xA5D4, 0xA5B3, 0xA593, 0x9591,
    0x7C8D, 0x6BEB, 0x742C, 0x8D0F, 0x9DD1, 0x9D91, 0x754D, 0x8D8F, 0xA5F3, 0xB654, 0xAE33, 0xA632,
    0x9DD2, 0x9DD3, 0x9571, 0x9D91, 0xAE13, 0xAE33, 0xBEB5, 0x9E12, 0x95B1, 0x8D70, 0x9570, 0x8D4F,
    0x84ED, 0x744B, 0x7CCC, 0x8D4E, 0x852D, 0x9D90, 0xADF2, 0xB694, 0xB6D5, 0xAE12, 0x952E, 0x748C,
    0x84CE, 0x84ED, 0x63A9, 0x6BAA, 0x848D, 0x8D6F, 0x8D2F, 0x950F, 0x8CEE, 0xA592, 0x7C6B, 0x850D,
    0xBE74, 0xAE32, 0xAE33, 0xA5D1, 0x8D4F, 0x94EE, 0x6C0B, 0x6389, 0x73CA, 0x6B6A, 0x8C8F, 0x94F0,
    0x8CEF, 0x852F, 0x8D10, 0x742B, 0x73EB, 0x744B, 0x7C8D, 0x8CCE, 0x9D90, 0xBE35, 0xA653, 0x9590,
    0x8CCF, 0x84AE, 0x740C, 0x63AA, 0x84AE, 0x7C6C, 0x8D2F, 0xA592, 0xADD2, 0xA633, 0xBE97, 0xBEB6,
    0xB696, 0xB695, 0xBE96, 0xD739, 0xAE13, 0xAE75, 0xADF5, 0xB655, 0xCED9, 0x74EC, 0x742E, 0x6BEC,
    0x8531, 0xA592, 0xC6F6, 0xBEB6, 0x640D, 0x6C4E, 0x8D92, 0xA593, 0xAE14, 0xA655, 0xA5B3, 0x9592,
    0x9572, 0x8D93, 0xC6B8, 0xADD5, 0x9D52, 0x84D1, 0x8D52, 0x9573, 0xB5F6, 0x9D93, 0x95B4, 0x84F0,
    0x8512, 0x9533, 0xA5D5, 0xC6D9, 0xD75B, 0xAE55, 0x9D73, 0x8CEF, 0x632C, 0x636C, 0x4B4B, 0x63AE,
    0x9534, 0x8D33, 0x9D53, 0xB58C, 0xCE52, 0xC697, 0xBE96, 0x7CCE, 0x8D4F, 0x6BEA, 0x7C0D, 0x84AF,
    0x9D32, 0xBE97, 0xCF1A, 0xB655, 0x8D10, 0x84B0, 0x7C4F, 0x9592, 0x9E14, 0xBE96, 0xB614, 0x952F,
    0x7C6D, 0x740C, 0x638A, 0x7C0C, 0xA5D1, 0x8D6F, 0xAE14, 0xB676, 0xBE56, 0xC677, 0x7C8C, 0x9531,
    0x4266, 0x4AC7, 0x8CD0, 0x8CF0, 0x9D72, 0xAE14, 0x848F, 0x6C2C, 0x740C, 0x7C6D, 0x9D93, 0x9D93,
    0x8D52, 0x7D51, 0x9572, 0x9571, 0xADD4, 0xB5B1, 0xBD22, 0xAE31, 0xCF18, 0xBEB7, 0x9D91, 0x8D10,
    0x8CF0, 0x7C6E, 0x94B0, 0xADD3, 0xBE97, 0xADF4, 0xADF4, 0xBE36, 0xB696, 0xB6B5, 0xAD52, 0x846E,
    0x842C, 0x8C6D, 0x9530, 0xADF4, 0xADD4, 0x8D11, 0x7C6E, 0x734C, 0x84F0, 0xADD3, 0xB635, 0xB5D4,
    0xBE36, 0xBE54, 0xBE14, 0xADD3, 0x9DB4, 0xBE97, 0xAE35, 0xA594, 0x8550, 0x9D92, 0x9D52, 0x95B3,
    0xAE55, 0xB655, 0xBEB8, 0xB635,
    0x9DB3, 0x8CF0, 0x84B0, 0x744F, 0x744F, 0xB676, 0xAE57, 0x9D72, 0x6C2C, 0x7C4E, 0x7C4D, 0x9D72,
    0xB636, 0xA5B3, 0xB635, 0xA635, 0xA592, 0xA5B4, 0xB6B5, 0xADF4, 0xA5F4, 0xADD3, 0xA5D3, 0x9D71,
    0x8CCF, 0x6BEC, 0x742C, 0x850E, 0x9DB1, 0xA5D2, 0x8D2F, 0x95B0, 0xAE33, 0xBE55, 0xAE53, 0xAE53,
    0x9DD1, 0x9DB2, 0x8D10, 0x9D91, 0xA612, 0xAE74, 0xB694, 0xA5F2, 0x9DD2, 0x95B0, 0x9D90, 0x8D4E,
    0x84ED, 0x744B, 0x850D, 0x956E, 0x850B, 0xB653, 0xA5F1, 0xBED4, 0xBF36, 0xB6D4, 0x8D4F, 0x852F,
    0x852F, 0x7D0D, 0x63E8, 0x6BEA, 0x7CAD, 0x9590, 0x950F, 0x9D50, 0x954F, 0xADB2, 0x84CC, 0x954E,
    0xAE32, 0xAE72, 0xAE33, 0xBE54, 0x9D4F, 0x950F, 0x744C, 0x6BAA, 0x6B69, 0x634A, 0x7C2C, 0x8CCF,
    0x8D0F, 0x9571, 0x9D32, 0x846D, 0x742C, 0x6C0B, 0x7C6D, 0x9D71, 0xA5B2, 0xB655, 0x9E11, 0x8D0F,
    0x84AE, 0x848E, 0x6BEA, 0x5BAA, 0x7C8D, 0x6C4C, 0xA571, 0xA5B1, 0xADF2, 0xB654, 0xBE96, 0xBED6,
    0xBEB6, 0xBEB5, 0xC6D7, 0xCF18, 0xAE54, 0xAE55, 0xB655, 0xBE76, 0xD6F9, 0x85AF, 0x7CAD, 0x740D,
    0x748F, 0x9D11, 0xBED6, 0xC6B7, 0x94EF, 0x8CD0, 0x9E96, 0xB5F5, 0xAE13, 0xBEF9, 0xA5F4, 0xA5D3,
    0xA5F3, 0x95D3, 0xC6D7, 0xA593, 0x9D12, 0x8511, 0x9552, 0x9DB4, 0xA5D4, 0xA5B3, 0x9D92, 0x8CEF,
    0x9D53, 0x9574, 0xA5D4, 0xCED9, 0xC75A, 0xAE12, 0x9D71, 0x6CAF, 0x63CC, 0x5B0B, 0x5B8C, 0x6C4F,
    0x84D1, 0x8D52, 0x9D93, 0xAD4F, 0xCE10, 0xD6B4, 0xC6B5, 0x8CEC, 0x9D51, 0x7CCE, 0x8C8E, 0x8C8E,
    0xADD4, 0xBE77, 0xCF19, 0xAE55, 0x9531, 0x8CF0, 0x84AF, 0x94B0, 0xA592, 0xBEB6, 0xBE55, 0x9D30,
    0x848D, 0x742C, 0x6BEB, 0x7B8B, 0x9CF0, 0xA572, 0xAE15, 0xB676, 0xBE56, 0xA5B4, 0x748D, 0x94CF,
    0x6B6A, 0x6B2A, 0x946F, 0x9510, 0xA591, 0xADD2, 0x950F, 0x7C4C, 0x7C0C, 0x846D, 0xB574, 0x9D93,
    0x84D2, 0x8D52, 0x9551, 0x9D70, 0xB613, 0xBDD0, 0xBDC7, 0xC676, 0xCF18, 0xBED6, 0x9D72, 0x94F0,
    0x9511, 0x846F, 0x94EF, 0xAE13, 0xC696, 0xA5D3, 0xBDF5, 0xBE95, 0xBED6, 0xBE35, 0xB635, 0x848C,
    0x8C8D, 0x848D, 0x850F, 0xC657, 0xADB3, 0x84D0, 0x7C4D, 0x7BCD, 0x84F0, 0xA5D2, 0xB655, 0xBDF5,
    0xBE55, 0xC675, 0xBE34, 0xB636, 0xAE15, 0xB635, 0xADD4, 0xA532, 0x9D51, 0x9D92, 0x9510, 0xA613,
    0xB655, 0xAE35, 0xC6B8, 0xB635,
    0xA5D3, 0x9D10, 0x8CF0, 0x7C4F, 0x746E, 0xBEB7, 0xB656, 0x9D10, 0x746D, 0x73ED, 0x844D, 0x9D91,
    0xB636, 0xAE36, 0xB635, 0xA5F4, 0xA593, 0xADF4, 0xB695, 0xAE35, 0xA5D3, 0xA5D3, 0xA5D2, 0x9D71,
    0x9530, 0x63AB, 0x744D, 0x84EE, 0x9570, 0xB634, 0xA5F2, 0x8D90, 0xBE54, 0xBE74, 0xBE75, 0xBE95,
    0xA612, 0x9D91, 0x8D70, 0x9590, 0xAE33, 0xB674, 0xBEB5, 0xAE74, 0xA5D2, 0x9DD1, 0x9DB1, 0x958F,
    0x84AC, 0x7C6B, 0x8D0D, 0x956F, 0x9D8F, 0xAE51, 0xAE52, 0xBEF4, 0xBEF5, 0xB6B3, 0x9DD1, 0x8D0F,
    0x8D4F, 0x8D50, 0x6C2A, 0x740B, 0x744C, 0x9D70, 0xA571, 0x9D70, 0x9D6F, 0x9D8F, 0x8D0A, 0x9D8E,
    0xAE10, 0xB672, 0xB653, 0xBE34, 0xA591, 0x8D0F, 0x84AE, 0x740C, 0x6C0A, 0x6369, 0x73EB, 0x8CCF,
    0x950F, 0xA572, 0xA572, 0x7C8D, 0x8C8D, 0x742C, 0x846D, 0x9D50, 0xA5D2, 0xB6B5, 0xA5D2, 0x8CCE,
    0x84AE, 0x7BEC, 0x740B, 0x5B89, 0x84CE, 0x746B, 0x9D50, 0xADF2, 0xAE11, 0xB673, 0xB694, 0xC6B7,
    0xBEB6, 0xBEB5, 0xC6D6, 0xC6F7, 0xB675, 0xB655, 0xAE54, 0xBE56, 0xCEF7, 0x958F, 0x7D0C, 0x7C6D,
    0x742F, 0x9D72, 0xBEB6, 0xC6F8, 0xB5B2, 0xAD53, 0x9ED5, 0xB615, 0xAE13, 0xBE97, 0xAE14, 0xADF3,
    0xAE35, 0xBE55, 0xBEB7, 0xA592, 0x8CF1, 0x8CF0, 0x9571, 0xA5F4, 0xA5D4, 0xADD4, 0x9D51, 0x8D10,
    0x8CF1, 0x9D54, 0xA5F5, 0xC697, 0xCF3A, 0xC635, 0x9510, 0x5C8E, 0x6C0C, 0x5AEA, 0x5B6C, 0x6C2F,
    0x7C8E, 0x9533, 0xA5D4, 0xB5B5, 0xB612, 0xD692, 0xBDC7, 0x8D0C, 0xADD3, 0x94B0, 0x8CAE, 0x94EF,
    0xA5F3, 0xBE75, 0xCEB7, 0xAE35, 0x9DB3, 0x8CF0, 0x9510, 0x8C8E, 0xAD92, 0xCEB7, 0xC695, 0x9D0F,
    0x84AD, 0x84AE, 0x7369, 0x7C0A, 0xA4EF, 0x9D30, 0xAE35, 0xC698, 0xBE56, 0xADD5, 0x846E, 0x7C2D,
    0x7BCC, 0x6B8B, 0x94B0, 0xA551, 0xADD2, 0xADD2, 0x9D11, 0x7C0D, 0x73ED, 0x8CAF, 0x9DD2, 0xADD5,
    0x9531, 0x8D51, 0x9551, 0x9D51, 0xB5F3, 0xCE33, 0xC632, 0xC6B6, 0xCF18, 0xC6D7, 0x9D12, 0xA511,
    0x9CD0, 0x8CCE, 0xA530, 0xB632, 0xC696, 0xB635, 0xBE54, 0xCED6, 0xCED7, 0xBE75, 0xBEB5, 0x838C,
    0x8CAE, 0x7C6D, 0x94F0, 0xBE15, 0xA5D2, 0x94F0, 0x844E, 0x7C4E, 0x844E, 0xA5F3, 0xB654, 0xC615,
    0xBE75, 0xBE74, 0xBE55, 0xBE78, 0xAE14, 0xB634, 0xB5D4, 0xB594, 0x9D51, 0xADD4, 0xAD72, 0xA5F3,
    0xBE55, 0xADF4, 0xB655, 0xB635,
    0xADF3, 0xAD31, 0x9511, 0x848F, 0x6C2C, 0xBE96, 0xC6B8, 0x9510, 0x94CF, 0x73AC, 0x8C6D, 0x9D70,
    0xBE36, 0xC6B7, 0xB655, 0xAE15, 0x9DB3, 0xB5B4, 0xAE55, 0xAE55, 0xB615, 0xADF3, 0xA592, 0x9590,
    0x8CEF, 0x740C, 0x7C4D, 0x84EE, 0x9D90, 0xB5D3, 0xAE13, 0xADF2, 0xC676, 0xC6B6, 0xC6B6, 0xBE75,
    0xB613, 0x9DB1, 0x954F, 0x9DB1, 0xAE33, 0xB694, 0xBEB5, 0xB694, 0xAE12, 0xB613, 0x9DB0, 0x8D4F,
    0x8D2D, 0x8D0D, 0x8D4D, 0x9D8F, 0x9DD0, 0xA5D1, 0xB693, 0xBED4, 0xC6F4, 0xB6B3, 0xA632, 0x950E,
    0x950E, 0x9D90, 0x744A, 0x7C6B, 0x8CCE, 0x9D0F, 0xA550, 0x9DB0, 0x956F, 0xA5D1, 0xA58F, 0xADD1,
    0xBE34, 0xCE96, 0xC674, 0xB653, 0xA5D1, 0x8D2F, 0x8CCE, 0x7C2C, 0x846D, 0x73CB, 0x5AC8, 0x9CCF,
    0x9530, 0xA5B2, 0x9D51, 0x8C8E, 0x7C6C, 0x742B, 0x84AE, 0xA5D2, 0xAE13, 0xBE74, 0xADD2, 0x8D0F,
    0x84AE, 0x7C0C, 0x740B, 0x63CA, 0x848D, 0x8CCE, 0xA5D1, 0x9DD0, 0xAE11, 0xAE72, 0xAE72, 0xBE95,
    0xCEF8, 0xBE95, 0xCF17, 0xC6D7, 0xAE74, 0xAE54, 0xAE33, 0xBE36, 0xBED5, 0xA590, 0x8D0C, 0x7C6D,
    0x742E, 0xA571, 0xBE97, 0xCF7B, 0xB552, 0xB615, 0xA6F6, 0xB615, 0xB5F3, 0xBE96, 0xB654, 0xA5F2,
    0xB654, 0xB635, 0xB675, 0xA551, 0x7CAF, 0x84F0, 0x9573, 0xA635, 0x9DB4, 0xA5B4, 0x9DB3, 0x9DB3,
    0x9D72, 0x84F1, 0xA5D4, 0xC697, 0xD73A, 0xB5B4, 0x9D10, 0x748D, 0x63CB, 0x5287, 0x634A, 0x6C0E,
    0x64B0, 0x7C70, 0xB656, 0xADB4, 0xBE34, 0xCE53, 0xBD89, 0xAD2D, 0xBEB5, 0x9CF0, 0x94F0, 0x9D51,
    0xB614, 0xBE95, 0xBE55, 0xA5B3, 0x9552, 0x9D52, 0xA531, 0x840C, 0x9DD1, 0xC696, 0xC675, 0x9CEF,
    0x8C8E, 0x7CAD, 0x6BAA, 0x73EA, 0x94EE, 0x9CEE, 0xAE35, 0xC6D9, 0xC635, 0xC637, 0xA510, 0x8C2D,
    0x944E, 0x83EC, 0x94D0, 0xA552, 0xAE13, 0xA5D1, 0x9550, 0x8C4D, 0x7BCC, 0x846D, 0x9D92, 0xAE16,
    0x8D10, 0x9551, 0x9531, 0x9D31, 0xBE34, 0xC675, 0xC694, 0xD6F8, 0xD6F8, 0xCED7, 0xA591, 0x9D30,
    0x9CEF, 0x9CCF, 0x94EF, 0xADB1, 0xC676, 0xBE75, 0xB6B3, 0xCEF7, 0xCEF7, 0xBE95, 0xB634, 0x94AE,
    0x8CAE, 0x7C2E, 0x8CEF, 0xB5F3, 0xADF3, 0x94F0, 0x8C4E, 0x846E, 0x9510, 0xADF3, 0xC695, 0xC677,
    0xC6B6, 0xBE76, 0xBE34, 0xBE36, 0xB5F4, 0xB5F4, 0xB5F4, 0xB5B3, 0xA592, 0xADB3, 0xADD3, 0xAE13,
    0xB614, 0xA592, 0xB614, 0xBE35,
    0xADF3, 0xB5B3, 0x9DB3, 0x7CAF, 0x852F, 0xDEF9, 0xC6B7, 0x742C, 0x94CF, 0x6C4D, 0x8CAE, 0x9D90,
    0xC697, 0xCED8, 0xAE75, 0xAE14, 0xADD3, 0xB5B3, 0xB615, 0xB675, 0xB615, 0xAE14, 0xA5B1, 0x9570,
    0x9530, 0x740C, 0x7BEC, 0x84CE, 0x9D90, 0xADF3, 0xB613, 0xADD2, 0xCEB7, 0xC696, 0xCEF7, 0xC696,
    0xB614, 0xADB2, 0x9570, 0xA5F2, 0xA5D1, 0xB674, 0xBEB5, 0xBE95, 0xBE94, 0xB654, 0x9DD1, 0x956F,
    0xA5B0, 0x8D2D, 0x9DCF, 0x9D8F, 0x9DF0, 0xB633, 0xB673, 0xC6D4, 0xBED4, 0xBEB4, 0xAE32, 0xA590,
    0xA58F, 0x9D6F, 0x7C6B, 0x848C, 0x8CCD, 0x950E, 0xA590, 0x95B0, 0x8D8F, 0xDF5B, 0x9DB0, 0xAE12,
    0xBE74, 0xBE93, 0xBE73, 0xB633, 0xB5F3, 0xA530, 0x84CD, 0x7C2C, 0x8D0E, 0x7BEC, 0x736B, 0x952F,
    0x9570, 0xA591, 0x9D70, 0x848D, 0x848D, 0x848D, 0x8CEE, 0xA5F3, 0xCEB7, 0xBE34, 0xADF2, 0x9D50,
    0x84AE, 0x844D, 0x744B, 0x744B, 0x848D, 0x8CED, 0xA5B0, 0xA5D1, 0xB653, 0xBE93, 0xBE52, 0xBEB5,
    0xC6D6, 0xBEB6, 0xC6F6, 0xC6D6, 0xB674, 0xAE34, 0xBE75, 0xBE56, 0xB6B5, 0x9D70, 0x8CCB, 0x8CCF,
    0x7C2E, 0x9D51, 0xCE97, 0xCF5A, 0xD697, 0xBE97, 0xBF38, 0xB5D4, 0xBE14, 0xBE95, 0xBEB5, 0xBE15,
    0xBE75, 0xBE55, 0xB634, 0xA550, 0x84CF, 0x7CAE, 0xA5B5, 0xAE55, 0x9DD3, 0xADD4, 0x9DD3, 0x95F4,
    0x9572, 0x8CD1, 0xA5B3, 0xC676, 0xD73A, 0xBE56, 0xA531, 0x8C8E, 0x6B4A, 0x4A89, 0x6B4B, 0x6BCD,
    0x7D32, 0x7CB1, 0xB615, 0x9E14, 0xBE97, 0xC6B6, 0xC696, 0xBDF3, 0xBE77, 0xADD2, 0x94CF, 0xAD92,
    0xBE33, 0xC695, 0xB5F3, 0xA552, 0x84D0, 0x9D51, 0x9D51, 0xB531, 0x9570, 0xC6D6, 0xC674, 0x8CAD,
    0x840C, 0x7C0D, 0x7BEC, 0x63A9, 0x950F, 0x8CCD, 0xA5B3, 0xCE77, 0xC636, 0xBE16, 0xB552, 0x8BEC,
    0xA4B0, 0x8C6E, 0xA4F0, 0xAE14, 0xB674, 0x9D6F, 0xA552, 0x846E, 0x7BED, 0x844D, 0x9531, 0xADD5,
    0x9511, 0x9531, 0x9551, 0x9D91, 0xB632, 0xC6B6, 0xD6B7, 0xD6F7, 0xD718, 0xCE76, 0xA5B2, 0xA550,
    0x9D0F, 0x9CEE, 0x9D0E, 0xB590, 0xB654, 0xB694, 0xCED7, 0xD718, 0xCEF7, 0xC6B6, 0xBE13, 0x9D50,
    0x8C8E, 0x842D, 0x9D0F, 0xADF1, 0xB5F3, 0x9CAF, 0x944D, 0x8D10, 0x9D72, 0xADD3, 0xC636, 0xCE77,
    0xCEB7, 0xBE76, 0xBE55, 0xB634, 0xB5F4, 0xAD72, 0xB5F3, 0xBE55, 0xAD93, 0xB5B3, 0xBE14, 0xB613,
    0xADD2, 0xA531, 0xADB3, 0xB614,
    0xB613, 0xB615, 0xA634, 0x84AF, 0x8D71, 0xDF18, 0xBE57, 0x84CE, 0x84AF, 0x7C6D, 0x8CEF, 0xA5F2,
    0xC696, 0xD6F9, 0xBE76, 0xB635, 0xADD3, 0xBE14, 0xBDB5, 0xBED6, 0xB635, 0xB615, 0xA5B2, 0x954F,
    0x84CE, 0x7C2C, 0x7C2C, 0x84AE, 0x9D70, 0xAE54, 0xB613, 0xB5F3, 0xCEB7, 0xD6D8, 0xCED7, 0xBEB5,
    0xB634, 0xADD2, 0xA591, 0x9DB1, 0xA5F1, 0xB653, 0xBE94, 0xAE53, 0xCEB6, 0xBE74, 0xA5F1, 0x9590,
    0xADD1, 0x8D2D, 0x9DAF, 0xA5D0, 0x9DCF, 0xC695, 0xB652, 0xC6F5, 0xBED4, 0xBE93, 0xB632, 0xADD1,
    0xA5B0, 0x954E, 0x8CEC, 0x848C, 0x952E, 0x9DB0, 0xA5F1, 0xA5F1, 0x9DD0, 0xCE76, 0x9DB0, 0xAE11,
    0xC6B5, 0xC695, 0xC675, 0xBDF3, 0xADF2, 0x9D0F, 0x950F, 0x7C6C, 0x7C4C, 0x7C2C, 0x7C2C, 0x8D0F,
    0x9D71, 0xA5B2, 0x9570, 0x94EE, 0x8CCE, 0x8CED, 0x8D0F, 0xC6B6, 0xB634, 0xB613, 0xB633, 0xA5B1,
    0x94EE, 0x7C4C, 0x744C, 0x7C4C, 0x8C8D, 0x9D6F, 0xA5B0, 0xADF2, 0xB613, 0xBE94, 0xBE72, 0xBEB4,
    0xCED7, 0xC6F6, 0xC6F7, 0xC6D6, 0xBE74, 0xB634, 0xC655, 0xC6D7, 0xBEB6, 0xAE32, 0x9D2E, 0x7C4E,
    0x8CD0, 0xA572, 0xCE97, 0xDF9B, 0xC695, 0xBE35, 0xBF39, 0xADF3, 0xBDF4, 0xBE95, 0xBEB5, 0xC696,
    0xBE74, 0xB634, 0xADF2, 0x9D2F, 0x8CF0, 0x84CF, 0x9D93, 0xAE35, 0xADF4, 0x9DF3, 0xA614, 0x9D94,
    0x9D32, 0x8CAF, 0xA5B3, 0xC656, 0xCF18, 0xC6B7, 0xB591, 0x944F, 0x4B08, 0x632A, 0x6B4B, 0x6B6D,
    0x84F0, 0x7D12, 0xAD94, 0xB635, 0xC6B8, 0xBE96, 0xC6B6, 0xB633, 0xB615, 0xA5F2, 0x9D50, 0xAD72,
    0xBE14, 0xBE74, 0xADD1, 0x9D10, 0x8C8F, 0x9D31, 0xA531, 0xA4F0, 0x9CED, 0xCED5, 0xC674, 0x9C8D,
    0x83EB, 0x7C6C, 0x73EA, 0x6389, 0x8C2B, 0xA4EE, 0xAD92, 0xCE36, 0xC615, 0xB5D4, 0xAD72, 0x73AB,
    0x9D10, 0x8CAE, 0xA5B2, 0xB614, 0xC655, 0xB5B2, 0xA531, 0x746E, 0x84B0, 0x8C8F, 0xA5B2, 0x9592,
    0x9510, 0x8CF0, 0x9550, 0x9D8F, 0xBDF1, 0xD6D8, 0xD6D7, 0xD6D7, 0xCED7, 0xCE76, 0xC5D2, 0xAD90,
    0x950E, 0x94AD, 0x94AC, 0xAD4F, 0xB652, 0xBE93, 0xCEB6, 0xCF17, 0xD6F7, 0xC695, 0xB5F2, 0x9D4F,
    0x9CF0, 0x8C8D, 0xAD2F, 0xADD1, 0xA571, 0xAD31, 0x946E, 0x9510, 0xA592, 0xB5D4, 0xC656, 0xCE97,
    0xD6D8, 0xC697, 0xBE55, 0xB613, 0xB5F4, 0xAD92, 0xADB2, 0xB614, 0xAD93, 0xB5B3, 0xB674, 0xB613,
    0xADB2, 0x9D11, 0x9571, 0x9D92,
    0xBDF2, 0xC677, 0xA676, 0xA512, 0xB654, 0xCF17, 0xCE98, 0x7CEF, 0x7C4D, 0x7C8D, 0x8CEF, 0xA5D1,
    0xCEB7, 0xCEF8, 0xC676, 0xBE55, 0xBDD4, 0xBE35, 0xC635, 0xBE54, 0xBE55, 0xB615, 0xADB2, 0x952F,
    0x8CCD, 0x84AE, 0x844C, 0x8CAD, 0xA590, 0xB5F2, 0xB633, 0xBE74, 0xCF17, 0xD6D7, 0xCEF7, 0xC695,
    0xAE53, 0xA5D2, 0xA571, 0x9D70, 0xA5D1, 0xAE33, 0xBE94, 0xBEB5, 0xCEF7, 0xBE74, 0xB653, 0x9DB0,
    0x9D90, 0x8D2D, 0x956E, 0x9DAF, 0xADF0, 0xB652, 0xB671, 0xBED3, 0xC6F5, 0xBEB3, 0xB672, 0xADF0,
    0xADD0, 0x954D, 0x8CEC, 0x8CAC, 0x952E, 0xB612, 0xADD0, 0xB612, 0xADD1, 0xB633, 0xA5D0, 0xB652,
    0xC6D5, 0xC6B5, 0xC694, 0xBE53, 0xADF1, 0xA591, 0x952F, 0x8CCE, 0x94EE, 0x846D, 0x8C6D, 0x9510,
    0xA591, 0xBDF4, 0xAD91, 0x94AE, 0x8CCD, 0x8D2F, 0x9551, 0xBEB5, 0xBE95, 0xB673, 0xBE73, 0xADF1,
    0x952E, 0x84AD, 0x7C4B, 0x848C, 0x848C, 0x9D8F, 0xA590, 0xB5F2, 0xB633, 0xCEB6, 0xBEB3, 0xC6D6,
    0xCEF7, 0xCF17, 0xCEF7, 0xCEF6, 0xBE74, 0xB633, 0xBE34, 0xBED6, 0xB6B6, 0xAE52, 0x9D2E, 0x7C4D,
    0x8CEF, 0xA571, 0xD6D8, 0xD759, 0xC675, 0xB614, 0xB654, 0xADD3, 0xB614, 0xBE74, 0xC6B7, 0xCE97,
    0xBE74, 0xB614, 0xA570, 0x94EE, 0x842E, 0x84AF, 0x95B3, 0xAE15, 0xB614, 0xA634, 0xA5F3, 0x95B3,
    0x9CD1, 0x94CF, 0xADF3, 0xBE15, 0xCE97, 0xC716, 0xBD8F, 0x93CE, 0x6B09, 0x6B29, 0x6B6B, 0x6BAC,
    0x9510, 0x7CB0, 0x9DD3, 0xC656, 0xC697, 0xC696, 0xB695, 0xB633, 0xB614, 0xBE56, 0xADD2, 0xB5B3,
    0xBE14, 0xBE54, 0xA5B0, 0x9D50, 0x9D10, 0x9D10, 0xA552, 0xA510, 0xA550, 0xCEB6, 0xBE53, 0xA54F,
    0x742A, 0x73EB, 0x73A9, 0x4B26, 0x848D, 0x950E, 0x9D4F, 0xC5F4, 0xC614, 0xB5B3, 0xAD72, 0x8C6E,
    0x9CCF, 0x9D10, 0xADD4, 0xB634, 0xC676, 0xBDF4, 0xA551, 0x8CCF, 0x8CAF, 0x94AE, 0x9551, 0x8DB2,
    0x9531, 0x94EF, 0xA510, 0xAD31, 0xD654, 0xD6B7, 0xDF19, 0xD6F8, 0xCEB6, 0xCE75, 0xC612, 0xADB0,
    0x8CCC, 0x8C8C, 0x8C8C, 0x9D2D, 0xB631, 0xC694, 0xD6F7, 0xD717, 0xD737, 0xCE95, 0xBE34, 0x9D2E,
    0x9CEE, 0xA4CE, 0xA54F, 0xAD90, 0xAD92, 0xA4F0, 0x94AE, 0xA510, 0xA592, 0xC5F4, 0xCE77, 0xCEB7,
    0xCEB7, 0xBE56, 0xB613, 0xB5F4, 0xB5F4, 0x9D30, 0x9551, 0xB5B3, 0xB5D1, 0xBE15, 0xB674, 0xB613,
    0xA572, 0x9D10, 0x9D50, 0xADB1,
    0xC613, 0xC697, 0xC6F8, 0xB5D4, 0xCED7, 0xD737, 0xC676, 0x84CE, 0x7C6D, 0x7C8E, 0x84AD, 0xB5F3,
    0xCED8, 0xCED7, 0xC696, 0xBE14, 0xB5F4, 0xBE34, 0xCED7, 0xB592, 0xBE55, 0xBE55, 0xAD91, 0x9D2F,
    0x8CAD, 0x846C, 0x846C, 0x8CCD, 0xA5B0, 0xB5F2, 0xB633, 0xC694, 0xCF17, 0xCF17, 0xCEF7, 0xB632,
    0xB633, 0x9DD1, 0x9D90, 0x952F, 0xA5B1, 0xBE33, 0xBEB5, 0xC6D6, 0xC6D5, 0xBE73, 0xB652, 0xA5F1,
    0xA5D0, 0x956F, 0x958D, 0x9DAE, 0xB632, 0xAE31, 0xB672, 0xBED3, 0xC6F4, 0xC6D4, 0xC694, 0xB611,
    0xADF0, 0xA56E, 0x9D2D, 0x950D, 0x9D4E, 0xA58F, 0xB5F1, 0xCED6, 0xB611, 0xB5F2, 0xAD8F, 0xC674,
    0xC6F5, 0xCED6, 0xC6B5, 0xC6D5, 0xB633, 0xADF2, 0xA590, 0x8CEE, 0x8CAE, 0x8C6D, 0x9D0F, 0x9D30,
    0xA550, 0xADB2, 0xB5D2, 0x950E, 0x8D0F, 0x8D4F, 0xA591, 0xBED6, 0xCEF6, 0xC6B4, 0xB653, 0xA5D0,
    0x8D2D, 0x848C, 0x7C2B, 0x8CAD, 0x950D, 0x9D8F, 0xA570, 0xADB1, 0xBE73, 0xCEB6, 0xBE93, 0xCED6,
    0xCF17, 0xD717, 0xCEF6, 0xCEF6, 0xBE94, 0xB654, 0xBE14, 0xB6D5, 0xC675, 0xA630, 0x94AD, 0x848E,
    0x84AF, 0x9510, 0xD738, 0xCF17, 0xBE54, 0xAE13, 0xB5F3, 0xADF3, 0xB655, 0xC695, 0xC6B6, 0xC696,
    0xC654, 0xB613, 0xA52F, 0x94EE, 0x63AB, 0x84F1, 0xA613, 0xC635, 0xA5D2, 0xAE14, 0xBDF4, 0x9D31,
    0x94D0, 0x9C8F, 0xB593, 0xC676, 0xC676, 0xC693, 0xC5AF, 0x946C, 0x732A, 0x5B09, 0x5AE8, 0x73ED,
    0x94EF, 0x94B0, 0x9571, 0xAE13, 0xCE77, 0xD6B7, 0xB6B5, 0xB694, 0xBDD3, 0xB614, 0xB593, 0xADD3,
    0xB5D3, 0xBE33, 0xA530, 0x9D51, 0x9D2F, 0x94ED, 0x950F, 0xAD91, 0xA54E, 0xD695, 0xCE54, 0x9D2F,
    0x7C6B, 0x740B, 0x73AA, 0x4B27, 0x746D, 0x7CAD, 0x954E, 0xC695, 0xB614, 0x9571, 0x9D71, 0x94CF,
    0x9CCF, 0xA571, 0xC695, 0xB654, 0xBE54, 0xBE14, 0xAD72, 0xA530, 0xAD30, 0x9510, 0x9D52, 0xA5B2,
    0x9CAF, 0x9C8F, 0x9CCF, 0xA570, 0xCE95, 0xD6F9, 0xD6F9, 0xD6D8, 0xD6B6, 0xCE54, 0xD695, 0xBDD1,
    0x94AC, 0x7C0A, 0x7C2A, 0x952C, 0xADB0, 0xC672, 0xD737, 0xD717, 0xDF17, 0xD6B6, 0xBDF2, 0x9D4F,
    0xAD0E, 0xA4EE, 0xA58F, 0xB5B1, 0xAD92, 0xA4F0, 0x9CEF, 0xA531, 0xB5B3, 0xC5F5, 0xD698, 0xCEB6,
    0xCEB7, 0xC697, 0xB614, 0xB5F3, 0xADF3, 0x9D50, 0x9551, 0xAD72, 0xB5D2, 0xBE54, 0xBE75, 0xBE13,
    0xA571, 0x9D2F, 0x952E, 0xAD90,
    0xBDF2, 0xCE97, 0xCF18, 0xC676, 0xD719, 0xDF59, 0xC676, 0x8D0F, 0x848D, 0x848E, 0x8CCE, 0xC613,
    0xCE96, 0xCEF7, 0xCE96, 0xC615, 0xBE14, 0xBE14, 0xC655, 0xC655, 0xBE75, 0xBE74, 0xA570, 0x9D4F,
    0x8CED, 0x848C, 0x846C, 0x8CCD, 0x9D6F, 0xB5F1, 0xBE33, 0xBEB4, 0xD718, 0xD758, 0xCED6, 0xB653,
    0xAE12, 0x9D8F, 0x956F, 0x954F, 0xA5B0, 0xB632, 0xBEB4, 0xC6D5, 0xB693, 0xBE93, 0xB672, 0xA5F0,
    0xB632, 0x958F, 0x958D, 0x9DCE, 0xAE31, 0xAE30, 0xBE93, 0xC6D5, 0xC6F4, 0xC6D4, 0xBE93, 0xA5AF,
    0xB5F0, 0xADD0, 0xA54E, 0x9D0D, 0xA56F, 0xA56E, 0xADD0, 0xB611, 0xB5F1, 0xCE75, 0xADF0, 0xBE94,
    0xCEF6, 0xCEF7, 0xCEF6, 0xCEF7, 0xBE54, 0xB5F2, 0xA591, 0x950E, 0x8C4C, 0xA550, 0xA530, 0x9CF0,
    0xAD51, 0xAD91, 0xADB1, 0x954F, 0x9570, 0xA550, 0xADD2, 0xC695, 0xCF17, 0xD6D7, 0xB672, 0xA610,
    0x9D4E, 0x8CCD, 0x848C, 0x84EC, 0x9D6E, 0xA570, 0xADB0, 0xBE12, 0xBE94, 0xC694, 0xCED5, 0xD6F6,
    0xCEF6, 0xDF17, 0xCEF6, 0xCEF6, 0xC6B6, 0xBE74, 0xBE34, 0xB653, 0xCE34, 0xADEF, 0x948E, 0x846E,
    0x7C6E, 0x9551, 0xD738, 0xCED6, 0xBE54, 0xADF2, 0xB5F2, 0xADB2, 0xB635, 0xBE75, 0xC675, 0xBE54,
    0xBE33, 0xB5B1, 0x9D2F, 0x8CCE, 0x844D, 0x9551, 0xADB3, 0xBDF4, 0xA590, 0xADF3, 0xADB3, 0x9C90,
    0x94CF, 0x9C6F, 0xB572, 0xBE55, 0xBE33, 0xC632, 0xC5CF, 0xA4EA, 0x83CB, 0x634A, 0x6329, 0x7BCC,
    0x84F0, 0x948E, 0x950F, 0xA5D2, 0xCE77, 0xD6D8, 0xBE95, 0xBEB5, 0xBDF3, 0xB5B2, 0xAD91, 0xADB3,
    0xB5B2, 0xBE33, 0x950F, 0x9CCF, 0xAD72, 0x950E, 0x8CCD, 0xA5D0, 0xAD30, 0xC633, 0xCE53, 0xAD4E,
    0x948C, 0x8C2B, 0x7389, 0x5B08, 0x7BCC, 0x9CAF, 0xA570, 0xB632, 0xC6D7, 0xA5B3, 0xB572, 0x63EB,
    0x9CEF, 0xA571, 0xB613, 0xBE34, 0xBE13, 0xBE34, 0xADB1, 0xA5D2, 0x9D91, 0xA551, 0xA571, 0xADD3,
    0x9D50, 0x842B, 0x9CEE, 0xC5B3, 0xD697, 0xD6F9, 0xD6D9, 0xD6D7, 0xCEB5, 0xCE53, 0xCE54, 0xBDB1,
    0x9D0D, 0x7C0A, 0x7C09, 0x94CC, 0xAD6E, 0xBE72, 0xD6F6, 0xD717, 0xDF37, 0xD694, 0xBDB0, 0xAD0F,
    0xB590, 0xAD4D, 0xBDAF, 0xBD92, 0xAD30, 0x9CCF, 0x9CF0, 0xAD71, 0xBDD3, 0xC615, 0xCEB7, 0xCEB6,
    0xCED7, 0xCEB6, 0xBE33, 0xB5F2, 0xA5B2, 0xA571, 0x9D50, 0xAD91, 0xB5F4, 0xBE34, 0xBE74, 0xBE13,
    0xAD91, 0x9D0E, 0x94EF, 0xB591,
    0xB5F2, 0xC654, 0xCEF7, 0xD6F8, 0xDF5B, 0xDF7A, 0xCED8, 0xA550, 0x8C2C, 0x8C8E, 0x94EF, 0xBE54,
    0xD6D8, 0xCED7, 0xCE96, 0xC655, 0xBE14, 0xC655, 0xC696, 0xBE35, 0xC675, 0xC694, 0xADD0, 0x9D4E,
    0x9D2E, 0x846C, 0x846C, 0x8CCD, 0x9D4F, 0xADF1, 0xBE32, 0xC6B5, 0xCF37, 0xCF37, 0xCEF6, 0xBE73,
    0xA611, 0x9D8F, 0x954E, 0x952E, 0xA58F, 0xB632, 0xC6B4, 0xC6D4, 0xC6F5, 0xBE93, 0xB651, 0xAE11,
    0xB611, 0xADD0, 0x9DAE, 0x9DCF, 0xAE11, 0xB672, 0xBE93, 0xC6B4, 0xCEF5, 0xC6D4, 0xBE93, 0xAE51,
    0xB651, 0xAE11, 0x9DAF, 0xA5AF, 0xA58F, 0xADF0, 0xADF0, 0xB611, 0xB612, 0xC634, 0xB611, 0xC674,
    0xCEF6, 0xCEF6, 0xD717, 0xCEF6, 0xC695, 0xB5F2, 0xADB1, 0xA52F, 0x94ED, 0xA54F, 0xAD31, 0xA4F0,
    0xA531, 0xB5B2, 0xADB1, 0x950F, 0xA550, 0xAD91, 0xB5D2, 0xC6B5, 0xD6F8, 0xCEF6, 0xC674, 0xB632,
    0x9D6E, 0x94EE, 0x94ED, 0x9D4E, 0xA56F, 0xA590, 0xADB0, 0xBE12, 0xC694, 0xCEB6, 0xCED6, 0xD6D6,
    0xD6F7, 0xD6F6, 0xCED5, 0xC6D4, 0xCED7, 0xCEB5, 0xC654, 0xBE12, 0xB5B2, 0x9D8E, 0x94EF, 0x846E,
    0x8CAF, 0xA592, 0xD737, 0xCEB6, 0xB634, 0xADD1, 0xB5D2, 0x9D30, 0xBE77, 0xC676, 0xC655, 0xC614,
    0xB5F2, 0xB570, 0xA52F, 0x8CED, 0x8C6E, 0x9510, 0xADD4, 0xB5D3, 0xADB1, 0xB5F3, 0xA572, 0x94AF,
    0x94CF, 0xA511, 0xB592, 0xC654, 0xC652, 0xBE32, 0xC611, 0xB58E, 0x946C, 0x7B6C, 0x5B29, 0x83AB,
    0x8C8E, 0x9CEF, 0xA4CE, 0xADD0, 0xBE55, 0xCED8, 0xCED7, 0xC695, 0xBE14, 0xB571, 0xA570, 0xA570,
    0xB5F2, 0xC675, 0x7BCA, 0x8CEE, 0xAD51, 0x9CCE, 0x8CAD, 0xB5B1, 0xA56F, 0xBE33, 0xC612, 0xA52E,
    0x948C, 0x8C4A, 0x6B69, 0x62E9, 0x7B8A, 0x946E, 0xAD10, 0xB5F2, 0xCED6, 0xBE14, 0xB551, 0x83CE,
    0x83EC, 0xA570, 0xBE53, 0xBE13, 0xBE12, 0xB613, 0xB5F2, 0xADD2, 0xAD91, 0xAD6F, 0xC5D2, 0xBDB2,
    0x9CCF, 0x942D, 0x9CAE, 0xC613, 0xCEF7, 0xCF18, 0xD6F8, 0xCEB6, 0xCE74, 0xCE13, 0xC632, 0xCE12,
    0xA58F, 0x846C, 0x8C8B, 0x9CCD, 0x9D2E, 0xC693, 0xD6F6, 0xD6D5, 0xDF17, 0xC671, 0xAD90, 0xB54F,
    0xC5F1, 0xAD8E, 0xC58F, 0xAD0F, 0xAD0F, 0x9CEF, 0xAD30, 0xADB1, 0xBD91, 0xCE95, 0xD719, 0xD6D7,
    0xD6F7, 0xCEB5, 0xBE54, 0xADD0, 0xADD2, 0xA550, 0x8C8D, 0xA591, 0xB5D3, 0xBE54, 0xBE55, 0xBDF3,
    0xA570, 0x9CEE, 0x950E, 0xBD91,
    0xA590, 0xCE96, 0xCEB7, 0xD6B7, 0xDF39, 0xDF79, 0xDF19, 0xA551, 0x9C6D, 0x7BEB, 0xAD51, 0xBE95,
    0xCEB7, 0xD6D8, 0xD6B7, 0xC634, 0xC614, 0xCE75, 0xCEB7, 0xCEB7, 0xCEB6, 0xCE95, 0xADF0, 0xAD6F,
    0x9D2E, 0x8CED, 0x844C, 0x8CCD, 0x9D6F, 0xADB1, 0xC654, 0xCED5, 0xD717, 0xCF17, 0xC6F5, 0xBE93,
    0xAE11, 0x9DAF, 0x9D4E, 0x8C8C, 0x956E, 0xAE31, 0xBE93, 0xC6D5, 0xCED5, 0xBE93, 0xB651, 0xAE10,
    0xB5F0, 0xADD0, 0x9DAE, 0x9DAE, 0xA5EF, 0xAE30, 0xBE72, 0xBEB2, 0xCEF5, 0xC6D3, 0xBEB2, 0xB670,
    0xA60E, 0xBE51, 0xADF0, 0xB5F0, 0xADAF, 0xB611, 0xAD90, 0xC633, 0xBE12, 0xBE12, 0xBE12, 0xC673,
    0xC6F5, 0xD737, 0xD737, 0xCEF6, 0xC694, 0xB571, 0xBDF2, 0xA54F, 0x9D2E, 0xA590, 0xBDB3, 0xADD2,
    0xADB2, 0xBDD2, 0xB5B1, 0xA570, 0xAD70, 0x9D4F, 0xB633, 0xCEF6, 0xDF39, 0xD718, 0xCEB5, 0xBE53,
    0xB5B1, 0xA52F, 0x94ED, 0xA56F, 0x9D8F, 0xA58F, 0xA56F, 0xBE32, 0xC674, 0xD695, 0xD6D5, 0xD6D6,
    0xD6D6, 0xCED5, 0xCED5, 0xCED5, 0xCEB5, 0xCEB5, 0xCE75, 0xBDB2, 0xB551, 0xA5D0, 0x94AE, 0x844E,
    0x94F0, 0xA5B2, 0xCEF6, 0xCEB6, 0xB634, 0xB5D1, 0xB5B1, 0xB5B2, 0xBE34, 0xBE75, 0xC655, 0xBDD2,
    0xB5B1, 0xB590, 0xA52E, 0x8CED, 0x9C6F, 0xA551, 0xB5B3, 0xB5D3, 0xB5D2, 0xB5D3, 0x9D31, 0x94CE,
    0x8CCF, 0xA530, 0xBD71, 0xC655, 0xBE73, 0xB653, 0xCE73, 0xC5CF, 0x9CAB, 0x7B4A, 0x52C8, 0x4B29,
    0x83EC, 0xA4EF, 0xACCF, 0xB611, 0xBE33, 0xC6D6, 0xCE96, 0xC655, 0xB5F2, 0xB551, 0x9D50, 0xA550,
    0xBDF2, 0xBE33, 0x8C2C, 0x84AD, 0x8D0E, 0x94EE, 0xACEE, 0xB530, 0xB590, 0xBE12, 0xC652, 0xAD4F,
    0x948C, 0x844B, 0x6BA9, 0x6B28, 0x7BA9, 0xA4AE, 0xA510, 0xB572, 0xCE35, 0xC5D4, 0xA4CF, 0x83CB,
    0x7B2A, 0x9CCE, 0x9D71, 0xB5D3, 0xB5D1, 0xC634, 0xC634, 0xB5F3, 0xBD92, 0xBDB2, 0xC5F4, 0xBD72,
    0x9C8F, 0x944D, 0x9D0E, 0xAE12, 0xC6B6, 0xD719, 0xCED7, 0xD696, 0xCE53, 0xCE32, 0xD653, 0xCE73,
    0xADB0, 0x8C6B, 0x94AC, 0x94AC, 0xA56E, 0xC632, 0xCED5, 0xCEB4, 0xD6D4, 0xD6B4, 0xC5F3, 0xC5B0,
    0xB5CF, 0xB5AF, 0xBD6F, 0xAD2E, 0xAD0F, 0xA50F, 0xA4CD, 0xB5D1, 0xCE34, 0xDEB6, 0xD6D8, 0xDEF7,
    0xD6F6, 0xCEF5, 0xCEB5, 0xBE32, 0xB5F2, 0xADB1, 0xA4CD, 0xAD91, 0xBE14, 0xBE74, 0xC654, 0xB5B1,
    0xAD70, 0xA52F, 0xA530, 0xAD50,
    0xADB1, 0xC675, 0xC676, 0xD696, 0xDF39, 0xE77B, 0xCEB7, 0x9D31, 0x9C4D, 0x8C4D, 0xAD51, 0xAE33,
    0xC6D6, 0xD6D7, 0xDEB7, 0xCE75, 0xBDF3, 0xCE75, 0xD6D7, 0xDF3A, 0xD696, 0xC634, 0x9DCF, 0xA56F,
    0x9D4E, 0xA56F, 0x842B, 0x8CAC, 0x9D4E, 0xB5D1, 0xBE12, 0xCED5, 0xDF38, 0xD717, 0xD6D6, 0xB652,
    0xAE11, 0xA590, 0x9D2E, 0x94EC, 0xA56E, 0xB632, 0xC6B4, 0xCEF5, 0xCEF5, 0xC693, 0xB631, 0xAE10,
    0xADF0, 0xA5AF, 0xA5AF, 0xADD0, 0xA5EF, 0xAE0E, 0xC672, 0xBE91, 0xC6D4, 0xC6D3, 0xB691, 0xBE91,
    0xB630, 0xBE11, 0xB5F0, 0xADCF, 0xA5CF, 0xB611, 0xBDF2, 0xBE11, 0xBE12, 0xB5F1, 0xBDF1, 0xC674,
    0xCEF5, 0xD737, 0xDF38, 0xD6F6, 0xD6B5, 0xBE12, 0xB5D1, 0x9D4F, 0xA56F, 0xADB1, 0xB653, 0xB5B2,
    0xB571, 0xBDD3, 0xB5B1, 0xA54F, 0xB571, 0xA590, 0xC6B5, 0xCED6, 0xDF38, 0xDF39, 0xD6D6, 0xCED6,
    0xC654, 0xAD90, 0xAD70, 0xA590, 0xADB0, 0xB5D0, 0xB5D0, 0xBEB4, 0xCE95, 0xCE94, 0xD6D6, 0xD6B5,
    0xD6B5, 0xC693, 0xCED5, 0xC673, 0xC693, 0xCEB5, 0xCE54, 0xBD92, 0xB4F0, 0xA56F, 0x94AE, 0x73AB,
    0x9D31, 0xAE34, 0xCEB6, 0xCEB6, 0xB634, 0xBDF3, 0xBDB2, 0xB592, 0xBDF3, 0xAE54, 0xB612, 0xBDB1,
    0xA570, 0xB550, 0xAD90, 0x9D0E, 0xA4CF, 0xA592, 0xAD92, 0xBDD2, 0xB612, 0xA5B0, 0x952D, 0x9C8D,
    0x846E, 0xA530, 0xB571, 0xBE12, 0xBE53, 0xBE12, 0xC611, 0xC5CE, 0x9CCB, 0x8369, 0x4A08, 0x4B69,
    0x7BCB, 0x946C, 0xAD31, 0xBDF2, 0xBE32, 0xC695, 0xBE73, 0xBE54, 0xA5B0, 0xB570, 0xAD70, 0xA510,
    0xBDF2, 0xBDD1, 0x8C49, 0x952E, 0x8D0D, 0x9CED, 0x94ED, 0xAD4F, 0xBDB1, 0xC612, 0xCE32, 0xAD4F,
    0x948C, 0x842B, 0x6B69, 0x6369, 0x6BC9, 0x8CCD, 0x9CCF, 0xACF0, 0xCDF4, 0xC5D4, 0xAD31, 0x73EB,
    0x7BCB, 0x948E, 0x9D30, 0xAD50, 0xA52F, 0xBDF2, 0xC634, 0xBDF2, 0xB5B1, 0xB5D2, 0xAD72, 0x9C8F,
    0x944E, 0x942D, 0x9CEF, 0xB5F4, 0xCE76, 0xD6B7, 0xD6B6, 0xD695, 0xC611, 0xCDF2, 0xCE73, 0xCE94,
    0xBDF1, 0xA50E, 0x8CCC, 0x950C, 0xB56D, 0xBDF0, 0xC694, 0xC694, 0xCED4, 0xD6B5, 0xBDB0, 0xCE11,
    0xAD8E, 0xC5AF, 0xBDB1, 0xAD2E, 0x9CCD, 0x9CCD, 0xAD0F, 0xBDD1, 0xCE54, 0xC695, 0xD6B6, 0xD6F7,
    0xDF17, 0xCF15, 0xCEB5, 0xCE53, 0xBDF2, 0xAD70, 0xA4ED, 0xBDB1, 0xBE33, 0xC6B4, 0xBE13, 0xAD70,
    0xB5D1, 0xAD2F, 0xA52E, 0xA50E,
    0xADD1, 0xCE54, 0xC655, 0xD6B6, 0xDF19, 0xE77B, 0xCF17, 0x8C8E, 0x940D, 0x8C6D, 0xAD51, 0xB633,
    0xC6D6, 0xD6D8, 0xDEB8, 0xCE54, 0xCE54, 0xE6F8, 0xDEF7, 0xDEF9, 0xD6B6, 0xC653, 0xADAF, 0xAD6F,
    0xA54E, 0x9D2E, 0x8C8C, 0x846A, 0xA52E, 0xADF0, 0xC632, 0xCEB5, 0xD717, 0xD6F6, 0xD6F6, 0xBE73,
    0xB632, 0xADD0, 0x9D4E, 0x9CED, 0x9D4E, 0xB632, 0xCED6, 0xCED5, 0xCED5, 0xC6B4, 0xB631, 0xA5AF,
    0xA58E, 0x9D4D, 0x9D6D, 0x9D6D, 0xADF0, 0xADEF, 0xB650, 0xCED5, 0xC6D2, 0xCEF4, 0xCED3, 0xBE91,
    0xBE50, 0xAE0F, 0xBE10, 0xADCF, 0xB5F0, 0xB5F0, 0xBE11, 0xADAF, 0xBE32, 0xBE12, 0xBE11, 0xBE52,
    0xCED4, 0xD716, 0xDF17, 0xD6F6, 0xC694, 0xBE12, 0xB5B1, 0xAD90, 0xAD91, 0xADB1, 0xB5B1, 0xAD50,
    0xAD70, 0xB5B1, 0xAD91, 0x9D2F, 0xA570, 0xADD1, 0xC674, 0xD6F7, 0xDF39, 0xDF18, 0xD6B6, 0xD6B6,
    0xC695, 0xB613, 0xAD91, 0xADD1, 0xB5D1, 0xBDF1, 0xBE11, 0xB673, 0xCEB5, 0xD6D5, 0xD6D5, 0xD6B4,
    0xD694, 0xBE31, 0xBE51, 0xC632, 0xBE31, 0xCE95, 0xC633, 0xB551, 0xAD10, 0xA4EF, 0x94AE, 0x948E,
    0xA551, 0x9DF3, 0xCE54, 0xCE95, 0xB634, 0xBDF3, 0xAD2F, 0xB592, 0xBDD3, 0xB694, 0xB612, 0xB570,
    0xA52F, 0xA4EE, 0xAD0F, 0x9D2D, 0xAD0F, 0xA551, 0xA591, 0xC5F3, 0xB5F2, 0xA5B0, 0x8C8B, 0x946D,
    0x842E, 0xAD91, 0xB592, 0xBE32, 0xBE53, 0xC60F, 0xC58D, 0xBD6D, 0x8C4B, 0x8368, 0x6B0A, 0x632A,
    0x73CB, 0x8C6A, 0xA550, 0xBDF2, 0xCE75, 0xC653, 0xC654, 0xBE53, 0xA5F0, 0xA58F, 0xB510, 0x9C6E,
    0xAD4F, 0xA54E, 0x9CAC, 0x952D, 0xAD6F, 0x950C, 0x94EC, 0xAD90, 0xAD6F, 0xC5F1, 0xC611, 0xB54F,
    0x948C, 0x8C0B, 0x7BA9, 0x7328, 0x7369, 0x846C, 0x8CAC, 0xB510, 0xCE34, 0xCEB6, 0xBD91, 0xA4CE,
    0x8C0C, 0x7BCA, 0x9CAE, 0xAD10, 0x948C, 0xC633, 0xCE33, 0xBDD2, 0xBDB2, 0xBD90, 0xA4F0, 0x836B,
    0x8BEB, 0x8BAC, 0x94CE, 0xADD3, 0xCE75, 0xD6B5, 0xD695, 0xD654, 0xCE12, 0xCE31, 0xCEB4, 0xCE93,
    0xBDF1, 0x950D, 0x8CCA, 0xA54C, 0xAD4D, 0xBE10, 0xC672, 0xC673, 0xCE93, 0xC652, 0xBE11, 0xBE11,
    0xB5AF, 0xB56F, 0xB5D0, 0xA52E, 0xA4CD, 0x9CAC, 0xA50E, 0xBDF1, 0xCE53, 0xCE75, 0xDEF7, 0xDF17,
    0xDF38, 0xD717, 0xD694, 0xCE54, 0xC611, 0xB56F, 0xB58F, 0xBDB1, 0xC654, 0xCEB3, 0xC614, 0xAD4F,
    0xA52F, 0xAD2F, 0xA52E, 0xAD2F,
    0xB5B0, 0xC634, 0xCE75, 0xD6B6, 0xDF18, 0xDF59, 0xD77A, 0x9CCF, 0x9C6F, 0xA48E, 0xA530, 0xB5D2,
    0xBE34, 0xCE76, 0xD697, 0xD695, 0xBE53, 0xD6B7, 0xDED6, 0xD6D7, 0xCEB6, 0xADF0, 0xB5AF, 0xA54E,
    0xAD4E, 0xA52E, 0x9CCD, 0x848B, 0x946B, 0xB611, 0xC632, 0xCE94, 0xD717, 0xD716, 0xD6F5, 0xC6B4,
    0xB611, 0xADB0, 0xA58F, 0xA50E, 0xAD8F, 0xB611, 0xCED5, 0xC6D4, 0xCED4, 0xC6B4, 0xBE52, 0xB5F0,
    0xA58E, 0x9D2D, 0x9D2D, 0xA58E, 0xB610, 0xBE10, 0xC672, 0xCED4, 0xCEF4, 0xD736, 0xD715, 0xC692,
    0xBE50, 0xB60F, 0xADCE, 0xADAE, 0xB5AF, 0xB5F0, 0xB5F0, 0xB611, 0xC632, 0xCE53, 0xC611, 0xC652,
    0xCEB3, 0xCEF3, 0xCEF3, 0xDF17, 0xC672, 0xBDB1, 0xBDD2, 0xB5B1, 0xBD91, 0xB591, 0xBDF2, 0xAD90,
    0xAD70, 0xB5D2, 0x9D71, 0xA5B0, 0xAD4F, 0xB5B1, 0xBE33, 0xD6F7, 0xE739, 0xDF18, 0xD6D7, 0xD6B7,
    0xCE95, 0xC654, 0xB5D1, 0xB5D1, 0xBDD1, 0xB5D0, 0xBE12, 0xC675, 0xD6B5, 0xD6D5, 0xD6D4, 0xD694,
    0xC653, 0xBDF1, 0xC652, 0xBDF1, 0xBDF1, 0xCE33, 0xC612, 0xB550, 0x94CF, 0xA4CF, 0x9CCF, 0x7BAB,
    0xA4CF, 0xA571, 0xCE12, 0xC695, 0xBE14, 0xBDD2, 0xB550, 0xB591, 0xCDD2, 0xB672, 0xAD90, 0xA4CE,
    0xA4EE, 0xA4AD, 0xA4CD, 0xAD4E, 0xB4CE, 0x94CE, 0xA5B0, 0xC5F4, 0xC633, 0xA54F, 0x8C0D, 0x8C4D,
    0x9CAF, 0xAD92, 0xBDF2, 0xC654, 0xBE93, 0xBDCE, 0xCD4D, 0xBD2C, 0x8BE9, 0x734C, 0x6328, 0x6309,
    0x7C4D, 0xAD4E, 0xA56F, 0xBE33, 0xC633, 0xC5F2, 0xC612, 0xBE12, 0xAE51, 0xA610, 0xA4CF, 0x8BCC,
    0xACCD, 0x9C8C, 0x946C, 0xA54D, 0xAD8F, 0xB5B0, 0x94EC, 0xB571, 0xADD2, 0xBDB0, 0xC5F1, 0xAD2E,
    0x9CAC, 0x7C09, 0x7BE9, 0x6B48, 0x7BA9, 0x844B, 0x946C, 0xC654, 0xCE53, 0xDF18, 0xC613, 0xA4AF,
    0x944D, 0x83AC, 0x8C4D, 0xAD2F, 0xAD0D, 0xC632, 0xC654, 0xBE32, 0xC652, 0xAD70, 0x8CCE, 0x7BAB,
    0x83CA, 0x8C0B, 0x94CD, 0xBDB2, 0xCE53, 0xCE94, 0xD654, 0xD653, 0xD633, 0xCE32, 0xD6D5, 0xCE74,
    0xB5D1, 0x8CCC, 0x9CCA, 0xAD6D, 0xA54D, 0xBDEF, 0xBE52, 0xC672, 0xCE94, 0xC630, 0xBDF1, 0xB5CF,
    0xBD8F, 0xA54D, 0x9D6E, 0xA4CC, 0x9C8C, 0x9CAC, 0xA50D, 0xBDB0, 0xCE73, 0xD6B5, 0xD6D6, 0xD716,
    0xDF16, 0xDF17, 0xDEB7, 0xD675, 0xC610, 0xB52E, 0xB56E, 0xB54E, 0xCE72, 0xCED3, 0xC5F3, 0xAD6C,
    0xAD6E, 0xACEE, 0xA50E, 0xA52E,
    0xBDB1, 0xC633, 0xCE75, 0xD6D7, 0xDF18, 0xDF38, 0xE7BC, 0xAD51, 0x9C6F, 0x9C4D, 0xAD50, 0xBDD2,
    0xB5F2, 0xC634, 0xCE75, 0xCE75, 0xBE32, 0xD695, 0xD696, 0xD676, 0xCE75, 0xB5F1, 0x9D2C, 0xAD4D,
    0xA52E, 0xAD2E, 0xA4ED, 0x94CC, 0x9D0D, 0xB5B0, 0xBE32, 0xD6B4, 0xD6D5, 0xD6F6, 0xD6F5, 0xC6B3,
    0xBE31, 0xADF0, 0xADB0, 0x950D, 0xB590, 0xBDF1, 0xBE72, 0xCED4, 0xCED4, 0xC6B3, 0xBE71, 0xB5EF,
    0xADAE, 0x9D2B, 0xA56C, 0xA58E, 0xADCF, 0xC631, 0xBE50, 0xD6D4, 0xD6F5, 0xD715, 0xD715, 0xCEB3,
    0xBE51, 0xADCE, 0xA5AE, 0xA58D, 0xAD8E, 0xB5D0, 0xBE11, 0xBDF0, 0xC631, 0xC632, 0xB630, 0xBE51,
    0xC691, 0xC6D1, 0xD6F4, 0xD6F6, 0xD6B5, 0xC633, 0xC613, 0xB590, 0xB570, 0xAD50, 0xB590, 0xAD70,
    0xB5D1, 0xADB1, 0xADB1, 0xAD91, 0xB590, 0xBDF2, 0xBE33, 0xD6B5, 0xDF17, 0xDEF7, 0xD6D7, 0xD6B6,
    0xCE74, 0xCE54, 0xC613, 0xBDF2, 0xBDF1, 0xB5B0, 0xBE73, 0xC694, 0xD6D5, 0xD6D5, 0xCEB4, 0xD654,
    0xBE12, 0xB5B0, 0xBDF2, 0xBDB1, 0xBDD1, 0xC633, 0xB5D1, 0xAD2F, 0x94CF, 0x9CAE, 0x9CAE, 0x8C2C,
    0x944E, 0x9CEF, 0xCE12, 0xCE74, 0xB592, 0xAD51, 0xB52F, 0xB570, 0xB54F, 0xADF0, 0xA50F, 0x9CAD,
    0xA4AD, 0x9CAD, 0x9CAD, 0xA4ED, 0xA50D, 0x9C8E, 0xADD0, 0xBDF4, 0xCDD2, 0x94EE, 0x83AC, 0x846D,
    0x9CCF, 0xA571, 0xCE34, 0xCE54, 0xC694, 0xC5D0, 0xC56D, 0xC50D, 0x9C6A, 0x7B6A, 0x6B29, 0x6B49,
    0x844D, 0xBD90, 0xB5F1, 0xC632, 0xC632, 0xC5F1, 0xBDD0, 0xBDF1, 0xC5D1, 0xAD6F, 0x9CCD, 0x8BCA,
    0x9C2C, 0x9C4C, 0x944A, 0xA4ED, 0xB5AF, 0xB5D0, 0xAD2E, 0xA50F, 0xAD30, 0xB570, 0xC5D1, 0xB54F,
    0xA4AC, 0x944A, 0x842A, 0x5B27, 0x6B68, 0x6C49, 0x6C8A, 0xADD1, 0xD674, 0xD694, 0xCE33, 0xB590,
    0xA4ED, 0x942C, 0x9C8D, 0xBDCF, 0xCDEF, 0xCE51, 0xCE93, 0xCEB4, 0xC652, 0xA5B2, 0x8CAE, 0x7B4A,
    0x83CB, 0x8BEB, 0xAD2E, 0xCDF2, 0xC652, 0xC632, 0xD633, 0xCE12, 0xCDF1, 0xD693, 0xCE94, 0xCE54,
    0xBDD1, 0xA4ED, 0xB56D, 0xB56D, 0xB5AE, 0xB5CF, 0xCE31, 0xC693, 0xD694, 0xC631, 0xB5AF, 0xBDF0,
    0xB5AF, 0xAD6E, 0xAD2D, 0xA4ED, 0x9CAC, 0x9C8C, 0xA4ED, 0xBDB0, 0xC612, 0xCE94, 0xCEB4, 0xDF16,
    0xDF16, 0xDEF7, 0xDEB7, 0xD654, 0xBDF0, 0xB52D, 0xB56E, 0xC5B0, 0xCE91, 0xD6B3, 0xCE14, 0xA52B,
    0xA52D, 0xAD0E, 0xA50E, 0xA50E,
    0xC5F2, 0xCE94, 0xCE95, 0xD6D6, 0xDF18, 0xDF39, 0xDF5A, 0xBDF4, 0xA510, 0x9C2E, 0xA550, 0xBDD2,
    0xC5F3, 0xB5D2, 0xCDD2, 0xCE74, 0xCE75, 0xD675, 0xD675, 0xCE13, 0xCE54, 0xC5D0, 0xAD0D, 0xA52C,
    0xA52D, 0xA50D, 0xA50E, 0xA4ED, 0x94CD, 0xB5CF, 0xCE12, 0xD693, 0xDED5, 0xD6F4, 0xCEF4, 0xC6B3,
    0xC652, 0xB5F0, 0xA58E, 0x9D4E, 0xA56E, 0xB5F0, 0xBE51, 0xCED4, 0xCEF4, 0xC6B2, 0xB630, 0xADCE,
    0xAD8D, 0xAD8C, 0xA56C, 0xADAE, 0xB610, 0xBE30, 0xC672, 0xD6F4, 0xDF16, 0xDF35, 0xDF36, 0xCEB2,
    0xC671, 0xBDEF, 0xB5CE, 0xAD8E, 0xA56E, 0xB5D0, 0xBE11, 0xBE31, 0xBE31, 0xC651, 0xC650, 0xCEB3,
    0xD6D4, 0xD6F4, 0xDEF6, 0xDEF6, 0xD6D5, 0xD6B4, 0xC632, 0xB570, 0xA4EE, 0xA4EF, 0xAD50, 0xAD70,
    0xC633, 0xB5F1, 0xB570, 0xAD90, 0xB5B1, 0xBDB1, 0xC633, 0xD6B5, 0xDF17, 0xD6D6, 0xD6D6, 0xCE95,
    0xCE74, 0xCE53, 0xC5F2, 0xBDF2, 0xBDF1, 0xB5D0, 0xBE12, 0xCE53, 0xD6B4, 0xD6D4, 0xCE73, 0xC5F2,
    0xBDF1, 0xBD90, 0xAD6F, 0xCE11, 0xC611, 0xC612, 0xAD70, 0xA4CE, 0x940D, 0x8C2D, 0x942D, 0x8BEC,
    0x8C2C, 0xA50F, 0xCE12, 0xCE52, 0xAD30, 0xAD10, 0xB54F, 0xB570, 0xAD4F, 0xA54F, 0xAD0F, 0x9CAD,
    0x946D, 0x9C8C, 0x946C, 0xA4ED, 0x9CCC, 0x948D, 0xA5AF, 0xBE54, 0xC56F, 0x8CAD, 0x83CC, 0x844C,
    0xA4AF, 0x9D10, 0xC5F4, 0xCE33, 0xCE54, 0xBDAF, 0xBD6E, 0xC54F, 0x9CAD, 0x7389, 0x6B29, 0x7BCA,
    0x948C, 0xB570, 0xBDF1, 0xB5D0, 0xD652, 0xBDF0, 0xBDCF, 0xBDAF, 0xB56F, 0xC5B2, 0x83C9, 0x8BC9,
    0x8BEA, 0xA42C, 0x942A, 0x9C6B, 0xBD6F, 0xCE11, 0xB58F, 0x9D0D, 0xAD0E, 0xAD2E, 0xBD90, 0xBD4F,
    0xACAD, 0xA46B, 0x7B89, 0x6AE6, 0x7B88, 0x7C08, 0x7C6A, 0xAD8F, 0xDEB5, 0xDED4, 0xCE53, 0xAD91,
    0xA52E, 0x9CCE, 0xACEE, 0xCE31, 0xBDCE, 0xCE92, 0xCED2, 0xCEB2, 0xC652, 0xBD71, 0x8C2B, 0x83EA,
    0x83AA, 0x83EA, 0xB54F, 0xC612, 0xBE32, 0xBDF0, 0xCDF1, 0xCDB1, 0xCDD0, 0xCE12, 0xCE94, 0xCE32,
    0xBD90, 0xB54E, 0xAD4D, 0xC5F0, 0xBDF0, 0xBDAE, 0xC610, 0xC672, 0xCEB4, 0xC612, 0xA52D, 0xB58F,
    0xB58F, 0xB56E, 0xB54F, 0xACEE, 0xA4AC, 0x9CAC, 0x9C8C, 0xB54F, 0xB5D0, 0xBE52, 0xCEB3, 0xDEF5,
    0xDEF6, 0xDED6, 0xDEB6, 0xCE52, 0xADCF, 0xB56E, 0xB56E, 0xC5CF, 0xCE71, 0xCE50, 0xBD6E, 0x9469,
    0x9CAB, 0xACED, 0xB52E, 0xB54F,
    0xB54F, 0xCE33, 0xD696, 0xDEF7, 0xDF19, 0xE719, 0xCEB5, 0xBE35, 0xBE14, 0x93CD, 0xB570, 0xBDB1,
    0xBD71, 0xA590, 0xC5B2, 0xC613, 0xCE55, 0xD654, 0xCDF4, 0xC5B1, 0xC5F1, 0xC5F1, 0xACEE, 0xA4CC,
    0x9CAC, 0xA4ED, 0xB56F, 0xB58F, 0x9D0D, 0xB5AF, 0xC5F1, 0xD672, 0xDED4, 0xDED4, 0xCED3, 0xCED3,
    0xCE92, 0xC631, 0xADAF, 0x9D6D, 0xA5AE, 0xADAF, 0xBE30, 0xD6F5, 0xD6B3, 0xD6B4, 0xAE0E, 0xADAE,
    0xA56D, 0xAD6C, 0xAD8C, 0xADAD, 0xBE10, 0xC652, 0xC672, 0xD6B3, 0xDF17, 0xDF15, 0xDF16, 0xD6D3,
    0xC671, 0xBE0F, 0xBDCE, 0xBDCE, 0xB5CF, 0xBDF0, 0xC611, 0xC651, 0xC671, 0xC670, 0xC671, 0xCEB3,
    0xCEB3, 0xD715, 0xD6F5, 0xD6F5, 0xD6D5, 0xD6B4, 0xBE11, 0xAD4E, 0x9CCD, 0xA4CE, 0xA4EE, 0xB590,
    0xCE32, 0xC612, 0xB570, 0xB570, 0xBD91, 0xC5D2, 0xC5D2, 0xCE94, 0xD716, 0xD6B4, 0xCEB5, 0xCE95,
    0xD694, 0xCE33, 0xC5F2, 0xBDD1, 0xBDB1, 0xBDB0, 0xBDD1, 0xC612, 0xCE93, 0xD6B4, 0xCE32, 0xBDD1,
    0xBDD1, 0xB52E, 0xACEE, 0xCDF0, 0xD652, 0xC612, 0xAD0F, 0x9C8D, 0x940C, 0x8C0C, 0x8C0B, 0x83AB,
    0x8BEC, 0xA4EE, 0xBDD1, 0xC5F1, 0xAD10, 0xA4EF, 0xAD2F, 0xAD4E, 0xB56F, 0xA4CE, 0xA4EE, 0xA4AD,
    0x9C8D, 0x9C6C, 0x9CCD, 0x9C8D, 0x7BA9, 0xA4CE, 0xA54E, 0xBE72, 0xBD50, 0x9CCE, 0x8C0C, 0x8C6D,
    0x8C4D, 0x9CEF, 0xAD71, 0xCE33, 0xC5F2, 0xBD2D, 0xBD4E, 0xB54E, 0x944C, 0x83CA, 0x6B09, 0x83A9,
    0xA4ED, 0xBDB2, 0xBDB0, 0xB5AE, 0xC610, 0xBDB0, 0xAD2D, 0xAD6D, 0xA58E, 0xA54E, 0x942C, 0x8BC9,
    0x944A, 0xA4AE, 0x9C4C, 0x9409, 0xB54E, 0xCE32, 0xC5B0, 0xA4EF, 0xA4ED, 0xA4ED, 0xBDAF, 0xB56E,
    0xA4CC, 0x942B, 0x7B49, 0x7B48, 0x8389, 0x9409, 0x948C, 0xB570, 0xDED4, 0xDEF6, 0xC5F3, 0xAD0F,
    0xA50C, 0xAD2E, 0xB590, 0xCE31, 0xBEB1, 0xCEB2, 0xCED3, 0xCE93, 0xD5D3, 0xA4EE, 0x7BE9, 0x73A8,
    0x840A, 0x946B, 0xADB0, 0xBE32, 0xBE11, 0xB58E, 0xC5AF, 0xCDB1, 0xC590, 0xC611, 0xD652, 0xCDF1,
    0xB56F, 0xB56F, 0xAD6E, 0xBE10, 0xBD4F, 0xB58F, 0xBDCF, 0xCE52, 0xCE73, 0xC5F1, 0xAD4E, 0xA54D,
    0xB56E, 0xB54E, 0xACEE, 0xA4AD, 0xA4AC, 0x9CAB, 0xACEE, 0xACAD, 0xB5B1, 0xC631, 0xCE92, 0xDEF4,
    0xD6F5, 0xD6B5, 0xCE54, 0xBDD0, 0xAD4E, 0xA50D, 0xAD0C, 0xB56D, 0xC62F, 0xC5CE, 0xA4EA, 0x9429,
    0x944A, 0xA4AC, 0xAD0D, 0xAD2F,
    0x9CAB, 0xCDD1, 0xD655, 0xDED7, 0xDF39, 0xDEF9, 0xBE12, 0xB5F2, 0xA5B1, 0x9C0D, 0xAD2F, 0xB5F1,
    0xC592, 0xAD91, 0xCDD2, 0xC613, 0xC634, 0xD654, 0xC5B1, 0xBD6E, 0xB54D, 0xCE51, 0xACED, 0xA4AC,
    0x9C4B, 0xA4EC, 0xC5F1, 0xAD8E, 0xAD6E, 0xBD6E, 0xCE32, 0xD652, 0xDED3, 0xDEF4, 0xD6D3, 0xD6D3,
    0xD6B2, 0xBE0F, 0xB58E, 0xA54E, 0xA56E, 0xADAE, 0xBE10, 0xCEB2, 0xD693, 0xD693, 0xB5EF, 0xB5CE,
    0xAD6D, 0xAD8C, 0xB5AD, 0xB5AE, 0xBE10, 0xD6B3, 0xC651, 0xC691, 0xD6F4, 0xDF36, 0xDF36, 0xD6D3,
    0xCE91, 0xC630, 0xBDEE, 0xB5AE, 0xBDEE, 0xC610, 0xBDF0, 0xCE72, 0xC650, 0xC650, 0xCE71, 0xCE92,
    0xC691, 0xCED3, 0xD6F4, 0xD6F5, 0xD6D5, 0xCE93, 0xB5D0, 0xA50D, 0x9CCC, 0x9CAD, 0xA4AD, 0xB56F,
    0xCE32, 0xC5D1, 0xB550, 0xB550, 0xBDB1, 0xBD91, 0xBDF1, 0xD694, 0xD6F5, 0xCED4, 0xCEB4, 0xD694,
    0xD673, 0xCE33, 0xC612, 0xC5B1, 0xBDB0, 0xBD90, 0xBDB0, 0xC611, 0xCE93, 0xD693, 0xCE32, 0xADAF,
    0xBD70, 0xB50E, 0xAD0E, 0xCDEF, 0xCE11, 0xC5F1, 0xAD0F, 0x9CAD, 0x8C2C, 0x8C0C, 0x8C4B, 0x83CB,
    0x83CB, 0x9CAC, 0xBD90, 0xBD90, 0xA4AF, 0xACEF, 0xAD2F, 0xA4ED, 0xBD6F, 0xA4AE, 0x9CAD, 0x9C8D,
    0x9C6D, 0x946D, 0x9C8C, 0x8BEB, 0x93CB, 0x9CAD, 0xA4CD, 0xA4ED, 0xB4CF, 0x9C6C, 0x7BAA, 0x9C8E,
    0x94CE, 0x9CEF, 0xA550, 0xC633, 0xBDB1, 0xAD0D, 0xB4EC, 0xACED, 0x9C2C, 0x83AA, 0x6B49, 0x7B6A,
    0xACCE, 0xAD0E, 0xBD50, 0xB54E, 0xC5F0, 0xB58F, 0xA50D, 0xB4ED, 0x9CED, 0x950D, 0x9CAC, 0x942B,
    0x942B, 0xA4CB, 0xB52E, 0x8BC9, 0xB52D, 0xCE31, 0xC5D0, 0xA4AD, 0xACAE, 0xACEE, 0xBD90, 0xB54F,
    0x948B, 0x842A, 0x7BA9, 0x7347, 0x944B, 0x9CAC, 0x9CCB, 0xBD90, 0xD6B3, 0xCE32, 0xBD70, 0xB52F,
    0x9CAC, 0xB52F, 0xBDB0, 0xCE2F, 0xC671, 0xCE92, 0xC672, 0xC632, 0xBDB2, 0xAD0E, 0x8C29, 0x8C49,
    0x8C4A, 0x8CCC, 0xB5D0, 0xBE11, 0xBDD0, 0xB54E, 0xBD6D, 0xCD90, 0xCDD1, 0xCDF1, 0xC611, 0xBDD0,
    0xB54F, 0xB54F, 0xBDAF, 0xC5AF, 0xBD91, 0xB58F, 0xBDD0, 0xD672, 0xD652, 0xBDD0, 0xAD4D, 0xA52D,
    0xB50E, 0xB52E, 0xA4AE, 0x9C4C, 0xA4AD, 0xA48C, 0xACEF, 0xB50E, 0xB5F1, 0xC611, 0xD6B2, 0xDEF3,
    0xD716, 0xD6B5, 0xC5F3, 0xBDB1, 0xAD0E, 0xA4CC, 0xAD2D, 0xB52D, 0xBD6D, 0xC54B, 0x9C8B, 0x8C2A,
    0x8C2A, 0xB50E, 0xB52E, 0xAD0E,
    0xA4AC, 0xB530, 0xCE13, 0xD6B6, 0xDF18, 0xCE55, 0xC5D1, 0x9D4F, 0x948C, 0xA44D, 0xAD2F, 0xBE11,
    0xBD51, 0xB551, 0xC612, 0xCE14, 0xCE54, 0xCDF3, 0xC5B1, 0xBD6F, 0xB50D, 0xBDAE, 0xB52E, 0x9C8B,
    0x944B, 0x9CCC, 0xAD4C, 0xAD2D, 0xB5AF, 0xAD4E, 0xC5F0, 0xD632, 0xDEB3, 0xDEF4, 0xD6B3, 0xD6D3,
    0xCE71, 0xC5EF, 0xB58E, 0xB5AE, 0xAD4D, 0xB58E, 0xADCE, 0xC651, 0xD6B3, 0xDE93, 0xC60F, 0xADAC,
    0xA54B, 0xB56B, 0xBDAC, 0xBDEE, 0xC610, 0xD651, 0xCE50, 0xC671, 0xCEB2, 0xDF15, 0xDF15, 0xD6F3,
    0xCE91, 0xC650, 0xC60F, 0xBDEE, 0xBDEE, 0xC5EF, 0xC610, 0xC630, 0xC630, 0xD692, 0xCE70, 0xC650,
    0xCE72, 0xD6F4, 0xD6D4, 0xD6F5, 0xD6F5, 0xD693, 0xBDD0, 0xA50D, 0x948B, 0x942B, 0x9C6C, 0xAD2E,
    0xCE12, 0xC5D1, 0xBD71, 0xC591, 0xC5D2, 0xB570, 0xBD90, 0xCE32, 0xD6F5, 0xCED4, 0xCE73, 0xCE32,
    0xCE12, 0xCE53, 0xC5D1, 0xB570, 0xBD71, 0xBD70, 0xBD70, 0xC5D0, 0xD672, 0xD673, 0xC5F0, 0xB56F,
    0xB50E, 0xACED, 0xB52E, 0xCDCE, 0xCE10, 0xC5B1, 0xAD2F, 0x9CAD, 0x942C, 0x8C0B, 0x8C0B, 0x83AB,
    0x8BEB, 0xA4CD, 0xBD70, 0xB52F, 0xA4AE, 0xA4AF, 0xACCF, 0xACED, 0xACEE, 0x9CAD, 0x9C4C, 0x9CAD,
    0x9C6E, 0x948D, 0x9C6C, 0x8BEC, 0x93CB, 0xA4CE, 0xAD0D, 0xAC6C, 0x93ED, 0x944C, 0x840B, 0x942D,
    0x948E, 0x9CAE, 0xAD50, 0xC612, 0xB54F, 0xA4AC, 0xA40A, 0xACCB, 0x9C0B, 0x83AA, 0x7389, 0x6B09,
    0xAC8D, 0xB4AE, 0xB50E, 0xAD0E, 0xBD8F, 0xB54E, 0x94AC, 0x940A, 0x834A, 0x9CAC, 0x944A, 0x942B,
    0x946C, 0xA48C, 0xA4AB, 0x9429, 0xAD0D, 0xCE10, 0xC5AF, 0xACCD, 0xAC8D, 0xACCD, 0xB52F, 0xB50E,
    0x940B, 0x83A9, 0x8BE9, 0x83A8, 0xA4AC, 0xB52E, 0xB54E, 0xC570, 0xD5F2, 0xCDB1, 0xC570, 0xB4EE,
    0xB4CE, 0xA4AE, 0xBD90, 0xC5B0, 0xB5F0, 0xCE31, 0xC630, 0xBDF0, 0xC5D0, 0xA4ED, 0x8C0A, 0x942A,
    0x940A, 0xA4AC, 0xBDB0, 0xC611, 0xBD6F, 0xB52D, 0xC54E, 0xC56F, 0xC56F, 0xBDB0, 0xBDD0, 0xBD90,
    0xB52F, 0xB52E, 0xB54E, 0xBD8F, 0xBDB0, 0xBDAE, 0xC5CF, 0xD672, 0xD652, 0xB58F, 0xAD4D, 0xA50D,
    0xB50E, 0xBD71, 0xA42C, 0x942A, 0xA4AD, 0xA4AD, 0xACEE, 0xB50E, 0xAD4F, 0xC5F1, 0xD691, 0xD6F2,
    0xD6F5, 0xD6B3, 0xC5F2, 0xB590, 0xA50E, 0xAD0D, 0xA50D, 0xACAD, 0xA4CB, 0xACAB, 0x942A, 0x7C09,
    0x83C9, 0xA48C, 0xACED, 0xA4AC,
    0xA48C, 0xAD0E, 0xCE13, 0xCE74, 0xD6B4, 0xBE14, 0xA50E, 0x9CED, 0x9C6D, 0xA48D, 0xB52E, 0xB5B0,
    0xACCF, 0xAC90, 0xC611, 0xCDB2, 0xCE34, 0xBD30, 0xBD90, 0xC550, 0xACEB, 0xB50D, 0xBD8E, 0x9C8B,
    0x9C8B, 0x9CAB, 0xA50C, 0xB54E, 0xAD6E, 0xB5AE, 0xBD8F, 0xD630, 0xDE93, 0xE715, 0xD6D2, 0xDEF4,
    0xCE50, 0xBDAC, 0xBDAD, 0xB5CE, 0xB56D, 0xB5AE, 0xB5EE, 0xCE50, 0xD692, 0xD693, 0xC60F, 0xB5AC,
    0xAD6B, 0xB58B, 0xBDAB, 0xB5AC, 0xC5EE, 0xCE10, 0xCE4F, 0xCE71, 0xD6B2, 0xDEF3, 0xDF14, 0xD6D2,
    0xCE91, 0xC650, 0xC630, 0xC60F, 0xC5EE, 0xC5EF, 0xCE10, 0xCE30, 0xC5EF, 0xC62F, 0xC630, 0xBE10,
    0xC671, 0xD692, 0xD6B3, 0xD6F5, 0xD6F4, 0xD693, 0xBDAF, 0xA4EC, 0x8C4A, 0x83EA, 0x8C0A, 0xACED,
    0xCDF1, 0xCDF1, 0xBD70, 0xBD91, 0xBDD1, 0xBD91, 0xBD50, 0xBD70, 0xD652, 0xD6B3, 0xD652, 0xC5B0,
    0xC591, 0xCDD2, 0xBDB0, 0xBD70, 0xBD50, 0xBD50, 0xBD70, 0xC5AF, 0xD651, 0xD652, 0xC5D0, 0xB52F,
    0xACEE, 0xA48D, 0xBD4E, 0xCDAE, 0xCDCF, 0xC570, 0xACEE, 0x9C8C, 0x83EB, 0x83EA, 0x83AA, 0x838A,
    0x8C0B, 0xA4CD, 0xBD6F, 0xACCE, 0xA44E, 0xA4AE, 0xA48E, 0xACCD, 0xA46D, 0xA4CE, 0x9C6C, 0x8C2B,
    0x946E, 0x946D, 0x940B, 0x836B, 0x9C4D, 0xAD0E, 0xB54E, 0xA4AD, 0x8BAB, 0x948E, 0x840C, 0x8C0C,
    0x8C8D, 0xA4EF, 0xB570, 0xC5F1, 0xAD0E, 0x944B, 0x9C09, 0x9C4C, 0x9C4A, 0x8BEA, 0x7BCA, 0x73A9,
    0x93EB, 0xA46C, 0xA46C, 0xACED, 0xC58F, 0xB50D, 0xA48B, 0x8BEA, 0x8389, 0x940B, 0x8BC9, 0x946B,
    0xA4CE, 0x9C6A, 0x9C2A, 0x9C4A, 0xB4ED, 0xCE11, 0xC5AF, 0xA48D, 0xA4AD, 0xA4AC, 0xB4ED, 0xA4AC,
    0x8BEA, 0x83A9, 0x8BA9, 0x8388, 0xA46B, 0xBD4F, 0xC56F, 0xC54F, 0xCD71, 0xC52F, 0xBD2F, 0xA4CC,
    0xACCC, 0x8C2A, 0xB52E, 0xC591, 0xBDB0, 0xCDF0, 0xC5F0, 0xCE10, 0xB58F, 0xA50E, 0x944B, 0xA46C,
    0x9C2B, 0xACAC, 0xBDB0, 0xBDD0, 0xBD4E, 0xB4CC, 0xCD4F, 0xC54F, 0xBD2E, 0xC5B0, 0xBDB0, 0xB52E,
    0xBD4F, 0xB54E, 0xB54E, 0xBD6E, 0xC5AE, 0xCDAE, 0xC5CF, 0xD671, 0xCE51, 0xB54E, 0xA4EC, 0x94AB,
    0x9CAC, 0xB4CF, 0xAC8C, 0x9C8A, 0xA4AD, 0xA48D, 0xACCE, 0xACEE, 0xBD90, 0xCDD0, 0xDE90, 0xDF54,
    0xD6B1, 0xD672, 0xCDF1, 0xAD6F, 0xA52E, 0xAD0D, 0x9D0D, 0x9C6B, 0x942A, 0xA46A, 0x942A, 0x7409,
    0x83C9, 0xA46B, 0xA4AC, 0xACCD,
    0xACCD, 0xBD50, 0xCE33, 0xCE74, 0xCE53, 0xBDD2, 0xB52F, 0xA4AD, 0x9C4D, 0x940B, 0xACED, 0xA4CD,
    0xA4AE, 0xAC4E, 0xBDB0, 0xC590, 0xC5D1, 0xCDF2, 0xC590, 0xBD70, 0xACCC, 0xB50C, 0xBD4D, 0xA4EB,
    0x9C8A, 0x9CAC, 0xA50C, 0xAD0D, 0xB54E, 0xB58E, 0xC5AF, 0xD610, 0xDE51, 0xE6D4, 0xDED2, 0xDED2,
    0xD670, 0xC5AD, 0xBD8D, 0xB5CE, 0xB58D, 0xB5AD, 0xB5CE, 0xC650, 0xD671, 0xD6D3, 0xC60F, 0xAD8C,
    0xAD4B, 0xB56B, 0xB56B, 0xB5AB, 0xBDCD, 0xC5EE, 0xD64F, 0xD691, 0xD6B2, 0xDEF3, 0xE714, 0xDED2,
    0xCE70, 0xC62E, 0xCE2F, 0xC5EE, 0xBDCE, 0xC5CE, 0xC5EF, 0xC5EF, 0xBDCE, 0xC60F, 0xC5EF, 0xB5CF,
    0xC651, 0xC650, 0xCE70, 0xCE92, 0xD6D4, 0xD672, 0xBDAF, 0xA50C, 0x8C4A, 0x83C9, 0x83EA, 0xACCD,
    0xCDD1, 0xCDD1, 0xAD4F, 0xBD91, 0xBD90, 0xBD70, 0xB52F, 0xBD50, 0xCE11, 0xD693, 0xD653, 0xB56F,
    0xAD0F, 0xBD90, 0xBD70, 0xB50F, 0xACEE, 0xA48C, 0xAD2E, 0xC58F, 0xD650, 0xD631, 0xBD90, 0xB50E,
    0xB54F, 0xACEE, 0xBD2E, 0xCD8E, 0xCD6F, 0xBD4F, 0xACCD, 0x944C, 0x7BAA, 0x83CA, 0x83AA, 0x83AA,
    0x944B, 0xAD0E, 0xBD6F, 0xACEE, 0x9C4D, 0xA48E, 0xA46E, 0xA4CD, 0xA46C, 0x9C8D, 0x9C4C, 0x93CC,
    0x942D, 0x946E, 0x944B, 0x8B8B, 0xA48D, 0xB54F, 0xBDAF, 0xACEE, 0x940A, 0x94AF, 0x8C6D, 0x9CAE,
    0x948E, 0x9CCE, 0xBD50, 0xBD70, 0xACED, 0x942B, 0x8C09, 0x9C2B, 0xA46C, 0xA46C, 0x93EB, 0x8C0B,
    0x942B, 0x93AB, 0xA44B, 0xACED, 0xBD6E, 0xB50D, 0x9C6B, 0x940A, 0x8BAA, 0x9C0B, 0x93AA, 0x942A,
    0x9C8B, 0x8C09, 0x8BA7, 0x9C4A, 0xBD6F, 0xCDD0, 0xC58F, 0xA4AD, 0x9C6C, 0x9C6B, 0xACAC, 0x9C0B,
    0x8BC8, 0x93C9, 0x8BA7, 0x7B66, 0x946A, 0xC590, 0xC590, 0xCDB1, 0xC54E, 0xBD0E, 0xC52F, 0xAC8D,
    0x9C2C, 0x9C2B, 0xAC8D, 0xBCEE, 0xCD91, 0xC570, 0xC56F, 0xCDB0, 0xB52F, 0xB50E, 0x9C8C, 0xA46D,
    0xA44C, 0xACED, 0xC5D0, 0xBDD0, 0xBD2E, 0xB4CC, 0xCDB1, 0xC52F, 0xB4AC, 0xC590, 0xC5D0, 0xB54F,
    0xBD2E, 0xB4ED, 0xBD8E, 0xBD8E, 0xC56D, 0xCD8D, 0xCE0F, 0xD651, 0xCE10, 0xB56E, 0xA4ED, 0x9C6B,
    0xA3EB, 0xACCC, 0xA48B, 0x8C2A, 0xA4AD, 0xACCF, 0xACAE, 0xA4CE, 0xBD6F, 0xCDF0, 0xDF13, 0xD6D2,
    0xCDEE, 0xC5AD, 0xBDAD, 0xB54E, 0xAD2E, 0xA4CC, 0x94CC, 0x9C4B, 0x83A8, 0x942A, 0x946C, 0x7C2A,
    0x8C0A, 0x9C0B, 0xA48B, 0xACCD,
    0xACCD, 0xBD70, 0xCE52, 0xCE53, 0xCDF1, 0xBD90, 0xB54F, 0x9C0A, 0x93CC, 0xA44D, 0xA4CD, 0x9C8C,
    0xA46D, 0xAC6E, 0xBD30, 0xBD4F, 0xC5B1, 0xCDD2, 0xC570, 0xBD4F, 0xB4CE, 0xACAC, 0xACEC, 0xACCB,
    0xA4AB, 0xA4CC, 0x9CAB, 0xA48B, 0xB50D, 0xBD6E, 0xBD6D, 0xCDAF, 0xDE50, 0xDEB2, 0xDED2, 0xD6D1,
    0xCE0E, 0xBD6C, 0xBD6D, 0xB56D, 0xB56D, 0xBD6D, 0xCE0F, 0xC650, 0xCE70, 0xD671, 0xC5CE, 0xAD6C,
    0x9D0A, 0xB56B, 0xBD6B, 0xB56B, 0xBD6C, 0xCDED, 0xD62F, 0xCE70, 0xD691, 0xDEF2, 0xDEF3, 0xDEB1,
    0xCE2F, 0xBDCC, 0xBDAC, 0xB5AC, 0xB56C, 0xB56D, 0xBD8E, 0xBD6D, 0xB56D, 0xBDAE, 0xBD8E, 0xB5AE,
    0xBDCE, 0xC5CF, 0xCE30, 0xD671, 0xD6B3, 0xCE71, 0xB58E, 0x9CAC, 0x8C0A, 0x83A9, 0x7B68, 0x9C6C,
    0xBD70, 0xBD90, 0xB52F, 0xB52F, 0xB54F, 0xB56F, 0xB52F, 0xBCEF, 0xCE12, 0xD632, 0xC590, 0xBD70,
    0xB4EE, 0xBD50, 0xB4EE, 0x9C6C, 0x8BEA, 0x8C4B, 0xA4AB, 0xC56D, 0xD60F, 0xD631, 0xBD4F, 0xACCD,
    0xACEE, 0xACEE, 0xC52D, 0xCD6D, 0xB4EC, 0xACCD, 0xA46D, 0x942B, 0x940B, 0x83A9, 0x7B48, 0x8389,
    0xA48C, 0xBD4F, 0xBD6F, 0xACCD, 0x942B, 0x9C4D, 0x8BAB, 0x9CCC, 0x8B8B, 0x844C, 0x9C2D, 0x8BCB,
    0x93EC, 0x948E, 0x8C0B, 0x940C, 0xACAE, 0xC58F, 0xC5AF, 0xAD0D, 0x9C2B, 0x840C, 0x8C2C, 0x948E,
    0x9CAE, 0x9CCE, 0xB52F, 0xBD4F, 0xA4CD, 0x944B, 0x9C0B, 0x9C2B, 0xA44C, 0x9C2B, 0x9C0B, 0x93EB,
    0x8C0A, 0x8BCA, 0xA44B, 0xB4ED, 0xBD2E, 0xACED, 0x9C4A, 0x8C09, 0x93EA, 0x940B, 0x93EA, 0x8BE9,
    0x9409, 0x8BC8, 0x6B45, 0x942A, 0xCD8F, 0xCDB0, 0xC56F, 0xA4CD, 0x8C6B, 0x942A, 0xA44B, 0x9BEA,
    0x8BC8, 0x93E8, 0x8B87, 0x8B46, 0x8BC8, 0xB50D, 0xC56F, 0xCD6E, 0xC52E, 0xC50E, 0xB4CD, 0x942A,
    0x9C4A, 0x9C2A, 0x93E8, 0xB4CD, 0xC50F, 0xACAE, 0xB50E, 0xB54E, 0xB52E, 0xB52E, 0xB4CD, 0xAC8C,
    0xA46C, 0xB4ED, 0xCDF1, 0xC5D0, 0xBD2D, 0xBD0D, 0xCD2E, 0xBCEC, 0xB4ED, 0xC5B0, 0xCDF1, 0xC52F,
    0xACAD, 0xB4CD, 0xB54C, 0xB54C, 0xBD2B, 0xC56C, 0xD5F0, 0xD631, 0xCE10, 0xBD4E, 0x8C6B, 0x942B,
    0x940A, 0xAC6B, 0xA48B, 0x9C8B, 0xA48D, 0xACAE, 0xACCE, 0xB50E, 0xBD6F, 0xD630, 0xD6F3, 0xCDF0,
    0xBCAD, 0xB4A9, 0xBCED, 0xAD0D, 0xACCD, 0x9CAC, 0x8C6C, 0x940A, 0x93EA, 0x8387, 0x8C4B, 0x840B,
    0x8BC9, 0x940B, 0xA46B, 0xA4AD,
    0xB4AD, 0xC590, 0xCE32, 0xCE33, 0xC5D0, 0xB56F, 0xA4AD, 0xA40A, 0x9C2B, 0x9C0C, 0x9C4C, 0xACCE,
    0x9C6C, 0xB4CE, 0xACAE, 0xB50E, 0xC550, 0xC5B1, 0xBD8F, 0xC52F, 0xB4CE, 0xB4AD, 0xB4CC, 0xAC8B,
    0x9C4A, 0x9429, 0x9CAB, 0xA4AB, 0xACEC, 0xB50C, 0xB54C, 0xCD8E, 0xDE31, 0xDE92, 0xDEB2, 0xD670,
    0xC5CD, 0xBD6C, 0xBD2B, 0xB52C, 0xBD6C, 0xBD4C, 0xC5CE, 0xCE2F, 0xCE50, 0xD692, 0xCE0F, 0xB56C,
    0xA4EB, 0xB54B, 0xB56B, 0xB58C, 0xC5CE, 0xC5AD, 0xCDCD, 0xCE2F, 0xD690, 0xDED1, 0xDEF2, 0xD691,
    0xC5EE, 0xBD8C, 0xB54C, 0xAD2B, 0xAD0B, 0xACEB, 0xAD0C, 0xAD0C, 0xB52D, 0xB56E, 0xAD2D, 0xAD0D,
    0xAD2C, 0xB56D, 0xC5AF, 0xCE10, 0xD692, 0xCE51, 0xBD8E, 0x9C6A, 0x8BE9, 0x6B68, 0x7328, 0x9C2B,
    0xB52E, 0xBD4F, 0xACCE, 0xB4EE, 0xA4CD, 0xB50F, 0xB50E, 0xC590, 0xCE11, 0xCE11, 0xC5B0, 0xB50F,
    0xACAE, 0xA46D, 0x942B, 0x8C0A, 0x7BC9, 0x8C0A, 0xA48A, 0xBD4C, 0xCDAE, 0xCDD0, 0xB50E, 0x9C6C,
    0xA4CD, 0xB4EE, 0xC54C, 0xC54C, 0xACAC, 0x9C4C, 0x942C, 0x942B, 0x8BEA, 0x8369, 0x7B28, 0x8BCA,
    0xACCD, 0xC56F, 0xBD2E, 0xA48D, 0x9C2C, 0x940B, 0x838B, 0x948B, 0x940C, 0x8C4D, 0x8BAB, 0x8BAB,
    0x8BEB, 0x8C0C, 0x83EA, 0x7B69, 0xA44C, 0xD610, 0xC5AE, 0xB50D, 0x9C4B, 0x8BEC, 0x93EC, 0x9CAE,
    0x9C8E, 0x9CAD, 0xA4CD, 0xB50E, 0xACCD, 0x9C4B, 0x9BCB, 0xAC4C, 0x9BEA, 0x940A, 0x9C0B, 0x93EB,
    0x8BCA, 0x940B, 0xAC8C, 0xBD0D, 0xBD2E, 0xACCC, 0x942A, 0x93EA, 0x8BC9, 0x93EC, 0x9C0A, 0x83A8,
    0x8BC8, 0x8B87, 0x8BA8, 0x9C4A, 0xC58F, 0xC5B0, 0xC56F, 0xACAC, 0x942A, 0x8BEA, 0x9C0A, 0x93EA,
    0x8BC9, 0x8BA8, 0x8367, 0x8346, 0x83A8, 0xB4CC, 0xC52E, 0xBCED, 0xBD0C, 0xB4CC, 0xA46B, 0x83A8,
    0x93C9, 0x9BE9, 0x8387, 0xB48C, 0xC4EE, 0xACEB, 0xAD0B, 0xACEB, 0xB4ED, 0xC54E, 0xB4ED, 0xA48C,
    0x9C4B, 0xB4ED, 0xCDF0, 0xC5CF, 0xB4ED, 0xBCEC, 0xC4EC, 0xB4CB, 0xB4EC, 0xBD6F, 0xCDB0, 0xBD0E,
    0xA46B, 0xACAC, 0xB4CC, 0xACEB, 0xA46A, 0xBD0D, 0xCDD0, 0xCE10, 0xC58F, 0xACEC, 0x9C2B, 0x8BA9,
    0x7B89, 0x8BC9, 0x944A, 0xA46B, 0xA44C, 0x9C6B, 0x9C8D, 0xB50E, 0xCDAF, 0xCE30, 0xD690, 0xC54E,
    0xBCCD, 0xA42B, 0xB4CB, 0xA4AC, 0xA42C, 0xA46C, 0x9C2B, 0x9C2B, 0x9BCA, 0x940A, 0x8C0A, 0x840A,
    0x8BCA, 0x940B, 0xA48D, 0xA48C,
    0xA44C, 0xB52E, 0xC5F1, 0xC5F2, 0xBD70, 0xACEE, 0xACCE, 0x9C0C, 0xA42C, 0x93CB, 0x93EB, 0x9C2B,
    0xA48D, 0x9C4C, 0xA44C, 0xA48D, 0xBCEE, 0xC570, 0xB56E, 0xBD0E, 0xB4CD, 0xB4AD, 0xAC8C, 0xAC8B,
    0x9C2A, 0x9C0A, 0x9C6B, 0xA48B, 0xACAB, 0xB4EB, 0xBD4C, 0xCDAE, 0xD610, 0xDE73, 0xD691, 0xCE2F,
    0xC5AC, 0xB54C, 0xB4EB, 0xB50B, 0xB50B, 0xB52C, 0xBD8D, 0xC5CE, 0xC5EE, 0xCE10, 0xC5CF, 0xAD0C,
    0x9C6A, 0x9C89, 0xB54C, 0xBD6C, 0xBD8D, 0xC58E, 0xC5AD, 0xC5CE, 0xCE0E, 0xD690, 0xDEB1, 0xD62F,
    0xBD6D, 0xB50B, 0xACEB, 0xB50C, 0xA4CB, 0x9C8B, 0x9C6B, 0xA4AC, 0xB50D, 0xB52E, 0xACED, 0xA4AC,
    0xA4AB, 0xA4CC, 0xB52D, 0xCDF0, 0xCDF0, 0xC5D0, 0xAD0C, 0x8C6A, 0x83C9, 0x7B68, 0x7328, 0x93EA,
    0xACCD, 0xB52E, 0xA4AD, 0xA46C, 0x9C4C, 0xA46D, 0xB50F, 0xC5B0, 0xCE11, 0xCDF1, 0xBD4F, 0xACAD,
    0xA44D, 0x9C0C, 0x8BCA, 0x8389, 0x7BA9, 0x8BCA, 0xA46A, 0xBD2C, 0xC5AE, 0xC590, 0xB50E, 0xA4AD,
    0xA48D, 0xB4ED, 0xBD0C, 0xBD0B, 0x9C8B, 0x9C2B, 0x940B, 0x93EB, 0x838A, 0x7B28, 0x7B48, 0x8BCA,
    0xACAD, 0xBD6F, 0xB50E, 0x9C6C, 0x83AA, 0x8BAA, 0x7B49, 0x8C2C, 0x83AB, 0x8C2C, 0x8BCB, 0x8BAA,
    0x8BEA, 0x83CA, 0x93CA, 0x93AA, 0xACAC, 0xCDCF, 0xC56D, 0xAC8B, 0x8BCB, 0x8B6A, 0x8BAB, 0x940C,
    0x838B, 0x944C, 0x9C6C, 0xACEE, 0xACED, 0x8C4B, 0x8BCA, 0x9BEB, 0x93CA, 0x7B48, 0x93AB, 0x8BAA,
    0x8B69, 0x8BEA, 0xACAD, 0xBD2E, 0xBD2E, 0xACAC, 0x940A, 0x8BEA, 0x8C0A, 0x940B, 0x93CA, 0x8368,
    0x7B48, 0x7B47, 0x8BA8, 0xA44B, 0xC54E, 0xC58F, 0xBD4E, 0xACAC, 0x7B67, 0x8B88, 0x8BA9, 0x93EA,
    0x8BE9, 0x93C9, 0x8387, 0x8387, 0x8387, 0x9C4B, 0xB4ED, 0xACCC, 0x9CAB, 0x9C6B, 0x9C0A, 0x9369,
    0x9328, 0x9347, 0x8BC9, 0x9C4A, 0xA48B, 0x9C0A, 0x946A, 0x944A, 0xA46B, 0xACAC, 0xAC6C, 0xA44B,
    0x9C4A, 0xB50D, 0xC5AF, 0xC58F, 0xB4EC, 0xBD0C, 0xBD0C, 0xBCED, 0xB4ED, 0xC54E, 0xC58F, 0xB4ED,
    0xA46B, 0xA46B, 0xA46B, 0xA42A, 0xA44B, 0xB4ED, 0xCDD0, 0xC5D0, 0xBD6E, 0xA48C, 0x93AA, 0x8349,
    0x6B28, 0x7346, 0x8BE9, 0xAC6C, 0x9C6A, 0x944B, 0x940B, 0xB4EE, 0xC5CF, 0xCE10, 0xCE0F, 0xB4ED,
    0xA4AA, 0xAC8B, 0xACAB, 0xA4AC, 0xA42B, 0x9C4C, 0xA48D, 0xAC8C, 0x9C2B, 0x940A, 0xA40B, 0x940A,
    0x8B89, 0x8BA8, 0x9C4C, 0xA44B,
    0xA42C, 0xACEE, 0xBD90, 0xBD70, 0xBD30, 0xB4CE, 0xACAE, 0x9BCC, 0x93CA, 0x8B89, 0x938A, 0x8BCA,
    0x9C0B, 0x93CA, 0x9BCB, 0xA4AD, 0xACAD, 0xBCEE, 0xBD4E, 0xBD4F, 0xC52E, 0xB4CD, 0xAC6C, 0xAC6B,
    0x9C2B, 0x8BC9, 0x93EA, 0x9C2A, 0x944A, 0xA46A, 0xB4A9, 0xCD4B, 0xD5EE, 0xD651, 0xD650, 0xCE0E,
    0xBD8C, 0xAD0B, 0x9429, 0x9409, 0xA48A, 0xB52C, 0xB54D, 0xB54D, 0xBD6E, 0xC58E, 0xC56E, 0xA48C,
    0x83C9, 0x9429, 0xA48A, 0xACCA, 0xACEA, 0xB4EA, 0xB4EA, 0xB50C, 0xBD2D, 0xCDEE, 0xD62F, 0xCDCE,
    0xB50C, 0xACCB, 0xA4AB, 0xA4AB, 0x942A, 0x940B, 0x93EB, 0x9C4C, 0xACCE, 0xB50E, 0xACCD, 0x9C4B,
    0x8BEA, 0x942A, 0xA48B, 0xBD6E, 0xBD8F, 0xB54E, 0xA4AC, 0x942A, 0x8BC9, 0x7B68, 0x7348, 0x83A9,
    0xA48C, 0xB50E, 0xACAD, 0x9C0B, 0x940B, 0x944C, 0xA4ED, 0xBD2F, 0xBD6F, 0xC56F, 0xBD2F, 0x9C0B,
    0x93CA, 0x8BCA, 0x8369, 0x7329, 0x7328, 0x83A9, 0xA44A, 0xBCEC, 0xBD4E, 0xB50E, 0xA46C, 0x9C2B,
    0x9C4C, 0xACAC, 0xB4AC, 0xACAB, 0x9C2A, 0x8BCA, 0x8BCA, 0x8BAB, 0x8B49, 0x7B29, 0x7B49, 0x8B89,
    0xA46C, 0xBD2E, 0xB4ED, 0x9C4B, 0x83A9, 0x7B4A, 0x7B6A, 0x83CB, 0x836A, 0x7BCA, 0x834A, 0x8389,
    0x93EA, 0x8BCA, 0x8369, 0x93CA, 0xACAC, 0xBD4D, 0xB4EC, 0x9C2B, 0x838A, 0x8369, 0x834A, 0x838A,
    0x8BCB, 0x8BCA, 0x940B, 0xACAD, 0xA4AC, 0x8C0A, 0x83C9, 0x8B8A, 0x93AA, 0x8369, 0x8369, 0x7B69,
    0x7B48, 0x93AA, 0xAC8C, 0xBD2E, 0xBD2E, 0xA46C, 0x93CA, 0x8BCA, 0x93EA, 0x93CB, 0x8BCB, 0x8369,
    0x8349, 0x8348, 0x8347, 0x93C9, 0xB4ED, 0xC56E, 0xBD2E, 0xA46B, 0x93C9, 0x8368, 0x8B68, 0x8BA9,
    0x8BC9, 0x8BA9, 0x8368, 0x7B26, 0x8347, 0x8BA9, 0xA46C, 0xB4AD, 0xAC8C, 0x9C0A, 0x8B88, 0x8348,
    0x8308, 0x8327, 0x7B88, 0x7BC9, 0x8388, 0x93CA, 0x9C0A, 0x8B88, 0xA40B, 0xB46C, 0xAC2B, 0x9C2A,
    0x9C2A, 0xB4ED, 0xC56F, 0xBD4E, 0xACCC, 0xB4AB, 0xB4AC, 0xB4CD, 0xB4CC, 0xB50D, 0xBD2E, 0xACAD,
    0xA44B, 0x9C0A, 0x9C2A, 0x93E9, 0x9C0A, 0xACCC, 0xBD8F, 0xBD8F, 0xB50D, 0x9C2C, 0x8B69, 0x7B2A,
    0x62C5, 0x7305, 0x8BA7, 0x93E7, 0x944A, 0x944A, 0x9C2B, 0xACAC, 0xC58E, 0xCE0F, 0xC54E, 0xACAD,
    0xAC8B, 0xAC4B, 0xA44A, 0x9C2C, 0x9C0B, 0x9C4C, 0xACAD, 0xB4CD, 0xA46C, 0x942A, 0x93E9, 0x83C8,
    0x8B89, 0x9BCA, 0x940B, 0x9C0B,
    0x93CB, 0xA48D, 0xB54F, 0xB52F, 0xACCE, 0x9C4C, 0x93CC, 0x93CC, 0x83AA, 0x8389, 0x8328, 0x8349,
    0x8B89, 0x7B28, 0x93AA, 0x93CA, 0xAC8D, 0xBCED, 0xBD6E, 0xB52E, 0xBD0E, 0xACCD, 0xA44B, 0x9C2B,
    0x9C0A, 0x8BC9, 0x8BE9, 0x93C9, 0x8BC8, 0x9C09, 0xAC28, 0xC4EB, 0xC56D, 0xCDCF, 0xCDEF, 0xC5CE,
    0xB50C, 0xA48A, 0x9408, 0x7B08, 0x9BC9, 0xB4AB, 0xACEB, 0xAD0B, 0xB52D, 0xBD6E, 0xB4ED, 0x944A,
    0x83A8, 0x8BA9, 0x9409, 0x9C49, 0xA469, 0xA469, 0xA469, 0xACAB, 0xB4EC, 0xC5AE, 0xCDEE, 0xBD6D,
    0xA4AB, 0x944A, 0x8C2A, 0x8BE9, 0x8BC9, 0x8BAA, 0x8BAA, 0x93EB, 0xA48C, 0xACCD, 0xA46C, 0x940A,
    0x8BC9, 0x83C9, 0x9C4B, 0xACCD, 0xB52E, 0xACCD, 0xA48B, 0x942A, 0x8BCA, 0x7B68, 0x7B28, 0x7B28,
    0x940B, 0xA48D, 0xA48D, 0x9C2C, 0x940B, 0x940B, 0x942B, 0xA48C, 0xACCD, 0xB4EE, 0xBCEE, 0x9C2B,
    0x8BCA, 0x8BA9, 0x7B49, 0x7B49, 0x7B48, 0x8BA9, 0xA42A, 0xB4CB, 0xB4ED, 0xACAD, 0x940C, 0x8BAB,
    0x9C2B, 0xA46C, 0xAC6C, 0x9C4B, 0x93CA, 0x83AA, 0x8369, 0x7B69, 0x72E8, 0x72E7, 0x7308, 0x7B49,
    0x9C0B, 0xB4CC, 0xB4EC, 0xA44A, 0x8369, 0x7B4A, 0x7B29, 0x83AA, 0x8B4A, 0x83A9, 0x834A, 0x8369,
    0x8BA9, 0x8389, 0x7AE8, 0x8BCA, 0xAC8C, 0xACAC, 0x9C2B, 0x838A, 0x7B4A, 0x7B29, 0x7AE9, 0x8329,
    0x8BAB, 0x8BC9, 0x93EB, 0xA44C, 0x9C6C, 0x942A, 0x7BA9, 0x7B49, 0x8B2A, 0x8329, 0x7B08, 0x6AE7,
    0x7328, 0x8BA9, 0x9C4B, 0xACAD, 0xACCD, 0xA44B, 0x8BA9, 0x8B8A, 0x8BA9, 0x8BAB, 0x8369, 0x7B28,
    0x72E7, 0x7307, 0x7AC7, 0x93AA, 0xB4AD, 0xBD4E, 0xBCEE, 0xA42B, 0x8B69, 0x72E7, 0x7306, 0x8388,
    0x8348, 0x8348, 0x7B48, 0x6AE6, 0x6AE6, 0x7347, 0x93EA, 0xACAC, 0xB4CD, 0x9C2A, 0x8348, 0x7AE6,
    0x7B07, 0x7306, 0x7B26, 0x7B26, 0x8306, 0x8B68, 0x93A9, 0x93E9, 0x940A, 0xA44B, 0x9C0A, 0x93C9,
    0x9C0A, 0xAC8C, 0xBD4E, 0xB50D, 0xA46B, 0xA42A, 0xA44A, 0xAC6B, 0xACAD, 0xB4EE, 0xACCD, 0xACCD,
    0xA46B, 0x93E9, 0x93E9, 0x8B88, 0x93E9, 0xACAC, 0xB54E, 0xB54E, 0xACCD, 0x9C4C, 0x7B4A, 0x6AA6,
    0x6AC4, 0x8345, 0x9BA7, 0x93A7, 0x93E8, 0x8C09, 0x940B, 0xA44B, 0xBD0D, 0xC5AE, 0xBD2D, 0xA42B,
    0x93C9, 0x93A9, 0x93CA, 0x9BCB, 0x9BCB, 0x9C0B, 0xB4AD, 0xB4AD, 0xA46B, 0x9C2A, 0x8BC9, 0x8BA8,
    0x8B69, 0x93C9, 0x8BCA, 0x8B8A,
    0x7B48, 0x9C4B, 0xACEE, 0xACEE, 0xA48D, 0x93CB, 0x8BCC, 0x8B6B, 0x8369, 0x7328, 0x72E7, 0x72E7,
    0x7B08, 0x8328, 0x8B69, 0x93CA, 0xA46C, 0xB4CD, 0xBCED, 0xB4ED, 0xACAD, 0xA46C, 0x9C2B, 0x93EA,
    0x93EA, 0x93CA, 0x8BEA, 0x8BA9, 0x93A8, 0x9BA8, 0xA3E8, 0xB429, 0xBCCB, 0xBD4E, 0xBD6E, 0xBD8E,
    0xACAC, 0xA46A, 0x93E8, 0x8328, 0x7AC8, 0x9BEA, 0xAC8B, 0xACEB, 0xB52C, 0xBD2E, 0xA44B, 0x8BEA,
    0x83C9, 0x83C9, 0x8BC8, 0x9409, 0x9C29, 0x93E8, 0x9C09, 0x9429, 0xA4AB, 0xBD2D, 0xC58D, 0xB50D,
    0x9C4B, 0x8BE9, 0x83A9, 0x7B68, 0x7B48, 0x7B28, 0x8369, 0x8B8A, 0x940B, 0x9C4C, 0x93CB, 0x8BAA,
    0x8389, 0x8BA9, 0x940A, 0xACAC, 0xB50E, 0xAC8D, 0x9C2B, 0x8BCA, 0x8BA9, 0x7B68, 0x7308, 0x7308,
    0x8BAA, 0x9C2B, 0x9C2B, 0x8BEB, 0x8BAA, 0x8BAA, 0x8B8A, 0x93EB, 0x9C2B, 0xA46C, 0xA46C, 0x9C2B,
    0x8BAA, 0x836A, 0x7B49, 0x7B49, 0x7B49, 0x8389, 0x9C0A, 0xAC8B, 0xAC8C, 0x9C2B, 0x8BCA, 0x8BAA,
    0x8C0B, 0x9C0B, 0x8BCA, 0x93CA, 0x8B49, 0x7B68, 0x8368, 0x7B49, 0x7B49, 0x7308, 0x6AE8, 0x7B08,
    0x8BAA, 0xA44B, 0xB4AB, 0xA42A, 0x8389, 0x7309, 0x7309, 0x7309, 0x7329, 0x7B29, 0x7328, 0x5AA6,
    0x7B27, 0x8348, 0x72E7, 0x8B89, 0xA44B, 0x9C2B, 0x8BAA, 0x7B29, 0x7309, 0x7308, 0x7AC8, 0x72C8,
    0x83AA, 0x83A9, 0x8BCA, 0x9C0B, 0x9C2C, 0x8BCA, 0x7B49, 0x7308, 0x7AE8, 0x7AE9, 0x72C7, 0x6266,
    0x6AC7, 0x7B48, 0x8BC9, 0xA44C, 0xA46C, 0xA40B, 0x8B89, 0x7B48, 0x8349, 0x8389, 0x7B29, 0x7B08,
    0x72C7, 0x6A86, 0x8308, 0x93AA, 0xA44C, 0xB4CD, 0xB48C, 0x9BEA, 0x8348, 0x6A86, 0x7B07, 0x7B48,
    0x7B48, 0x7327, 0x7306, 0x7306, 0x6AE6, 0x6AE5, 0x8389, 0xA46C, 0xB4ED, 0xA44B, 0x7B28, 0x6AC6,
    0x72E7, 0x6AC5, 0x7306, 0x6AE5, 0x7B06, 0x62A3, 0x8B68, 0x9C0A, 0x9BCA, 0x9BEA, 0x93C9, 0x9388,
    0x9C0A, 0xAC6C, 0xB4ED, 0xACCD, 0x9C0A, 0x8389, 0x8388, 0xA42B, 0x9C4C, 0xACAD, 0xA46D, 0xA44C,
    0x9C2B, 0x93C9, 0x8B68, 0x8B68, 0x8B88, 0x9C4B, 0xACED, 0xB52E, 0xA48D, 0x8BAB, 0x7B08, 0x72A5,
    0x6AC5, 0x7B25, 0x8B26, 0x7B06, 0x7B26, 0x7B67, 0x83A8, 0x93E9, 0xBCCC, 0xBD4D, 0xB4EC, 0xA42A,
    0x8B88, 0x8B67, 0x938A, 0x9B8B, 0x93AA, 0x93CA, 0xAC6C, 0xA46C, 0x940A, 0x8BC9, 0x8B88, 0x8368,
    0x8348, 0x8BA8, 0x8BA9, 0x8348,
    0x8368, 0x83EA, 0x9C8C, 0x9C8D, 0x8C2B, 0x838A, 0x5287, 0x72E7, 0x6AE7, 0x6AE7, 0x72C7, 0x72C6,
    0x72E7, 0x7AE8, 0x7B28, 0x8369, 0x8BEA, 0xAC6C, 0xAC8D, 0xB4AD, 0xA46C, 0x9C0A, 0x83A9, 0x7B88,
    0x8BA9, 0x8BA9, 0x8389, 0x7B68, 0x8348, 0x9B88, 0xA3C8, 0xA3C9, 0xB48C, 0xB4CD, 0xB52E, 0xACED,
    0xA46B, 0x93E9, 0x8B88, 0x7B27, 0x72C7, 0x8348, 0x9C0A, 0xA46B, 0xAC6C, 0xA44A, 0x9C0A, 0x8348,
    0x7B48, 0x8368, 0x8388, 0x8BA8, 0x8BC8, 0x8BA8, 0x8368, 0x8348, 0x940A, 0xB4CB, 0xB50C, 0xAC8B,
    0x8BC9, 0x8368, 0x7B48, 0x7327, 0x6AE6, 0x6AA6, 0x7B08, 0x7B48, 0x8369, 0x8369, 0x8348, 0x7B27,
    0x7B47, 0x8369, 0x8BCA, 0xA44C, 0xACAD, 0xA46C, 0x8BCA, 0x93CA, 0x83A9, 0x7B48, 0x7307, 0x7307,
    0x7328, 0x8369, 0x8369, 0x8369, 0x8369, 0x836A, 0x7B29, 0x8369, 0x8B8A, 0x93EB, 0x93EB, 0x8BCA,
    0x838A, 0x7B69, 0x7B69, 0x7B49, 0x7B29, 0x8368, 0x93A8, 0xAC6A, 0x9C0A, 0x8389, 0x7B49, 0x7B49,
    0x8B8A, 0x838A, 0x83AA, 0x8349, 0x7B28, 0x8348, 0x7B28, 0x7328, 0x7308, 0x6AC7, 0x6AA7, 0x6AA7,
    0x6AE8, 0x8369, 0x93E9, 0x8BC9, 0x8369, 0x72E8, 0x6AC8, 0x72E9, 0x62A7, 0x6267, 0x62A6, 0x6A85,
    0x72E7, 0x72E7, 0x6AE6, 0x8349, 0x93EA, 0x93EA, 0x8B8A, 0x7308, 0x7308, 0x7308, 0x72E8, 0x6AE8,
    0x7328, 0x7B69, 0x8389, 0x93EA, 0x93EA, 0x836A, 0x7309, 0x62C8, 0x72C9, 0x6A87, 0x6266, 0x6266,
    0x6266, 0x72E7, 0x7B28, 0x93CA, 0x9C0B, 0x93CA, 0x8328, 0x7B07, 0x7308, 0x7B48, 0x6B08, 0x72E8,
    0x72A7, 0x6246, 0x7AE7, 0x8B69, 0x9C0B, 0xAC8C, 0x9C0B, 0x8368, 0x7B08, 0x72E6, 0x7B27, 0x7B27,
    0x7B27, 0x7306, 0x6AE6, 0x7306, 0x6AC5, 0x6AE5, 0x7B48, 0x940B, 0xA46C, 0x93EB, 0x72E8, 0x6286,
    0x6A86, 0x6A86, 0x72C6, 0x6AC6, 0x72E6, 0x6AA5, 0x8327, 0x9389, 0x9389, 0x8B68, 0x9388, 0x9388,
    0x8BA9, 0x9C2B, 0xA48C, 0x9C4B, 0x8BC9, 0x7B27, 0x8BA9, 0x9C0B, 0x9C2B, 0x9C2B, 0x9C0B, 0xA44C,
    0x9BEB, 0x8B49, 0x8308, 0x8328, 0x8368, 0x93EA, 0xA4AC, 0xACAD, 0x940B, 0x7B49, 0x72C7, 0x6285,
    0x6243, 0x6284, 0x6264, 0x6284, 0x6AC5, 0x6B07, 0x6B27, 0x8B89, 0xA44B, 0xB50C, 0xACAB, 0x9BE9,
    0x8347, 0x8368, 0x8B88, 0x8B8A, 0x8329, 0x8B8A, 0x9C2B, 0x9C2B, 0x93EA, 0x8368, 0x8347, 0x7306,
    0x7B07, 0x7B27, 0x7B27, 0x8348,
    0x7B28, 0x8369, 0x8C0B, 0x942B, 0x8BEB, 0x8389, 0x6AA7, 0x6AA6, 0x62C7, 0x6AC7, 0x6AA7, 0x6AC6,
    0x7AE7, 0x6286, 0x72C7, 0x7B07, 0x8B8A, 0x9C0B, 0xA42C, 0xA44C, 0x9C2B, 0x8BAA, 0x8349, 0x7328,
    0x8369, 0x8389, 0x8368, 0x7B28, 0x8328, 0x9347, 0x9B68, 0x9B88, 0xA40A, 0xAC8C, 0xACCC, 0xA48C,
    0x9C2A, 0x83A8, 0x8348, 0x7B07, 0x72C5, 0x9BCA, 0x7B68, 0x93EA, 0x8B89, 0x93C9, 0x8B88, 0x7B27,
    0x6AC7, 0x8328, 0x7B28, 0x8348, 0x8367, 0x8368, 0x7B27, 0x7B48, 0x8BA9, 0xA44A, 0xACAB, 0x9C4B,
    0x83A9, 0x7328, 0x62C7, 0x6AC7, 0x6286, 0x6AC6, 0x7307, 0x7307, 0x7307, 0x7307, 0x6AE5, 0x6AE5,
    0x6B06, 0x7327, 0x8368, 0x93EA, 0x9C2B, 0x93EB, 0x8BAA, 0x8389, 0x8369, 0x7B28, 0x72E8, 0x6AC7,
    0x72E7, 0x7307, 0x6B07, 0x7308, 0x7B28, 0x7B49, 0x7B08, 0x7328, 0x7328, 0x7B28, 0x7B28, 0x8389,
    0x7B48, 0x7B28, 0x7B28, 0x7308, 0x7B49, 0x8368, 0x93C8, 0x9C09, 0x9BEA, 0x7B68, 0x72E8, 0x72E8,
    0x7309, 0x7309, 0x8BAB, 0x7B29, 0x6AE7, 0x7AE7, 0x72E7, 0x6AA6, 0x6AC7, 0x6286, 0x6266, 0x6287,
    0x6287, 0x6AC7, 0x7308, 0x7B28, 0x7B08, 0x6AC8, 0x72E8, 0x72C8, 0x6267, 0x5A66, 0x5265, 0x6265,
    0x6AA6, 0x62A6, 0x6AA6, 0x7B28, 0x8B89, 0x8BCA, 0x8369, 0x7B08, 0x72C7, 0x7307, 0x6AE7, 0x62A7,
    0x6AE7, 0x7328, 0x7B49, 0x8BA9, 0x93CA, 0x8389, 0x72E8, 0x6A87, 0x6A87, 0x6A87, 0x5A46, 0x5225,
    0x6246, 0x5A66, 0x72E7, 0x8389, 0x8BCA, 0x8369, 0x72E7, 0x6A66, 0x6AA7, 0x6AA7, 0x62A7, 0x62A6,
    0x6266, 0x5A46, 0x5A65, 0x7B28, 0x93CA, 0xA42B, 0x8BCA, 0x7B28, 0x72C7, 0x72E7, 0x62C6, 0x7B47,
    0x6AE6, 0x6AC5, 0x6AC6, 0x6AA5, 0x6AC5, 0x62A5, 0x7307, 0x8BA9, 0x93CA, 0x938A, 0x6266, 0x6266,
    0x6246, 0x6265, 0x6A86, 0x6A85, 0x6265, 0x6284, 0x72E6, 0x8368, 0x8389, 0x7B48, 0x8368, 0x8B89,
    0x8BA9, 0x8B89, 0x8B89, 0x8369, 0x7B08, 0x6AE8, 0x7308, 0x8B8A, 0x9C2B, 0x93EA, 0x93AA, 0x93AA,
    0x9BAB, 0x8308, 0x8307, 0x7B07, 0x7327, 0x83A9, 0xA44C, 0x9C6C, 0x8BAA, 0x72E8, 0x6285, 0x6244,
    0x6203, 0x5223, 0x4A03, 0x5A23, 0x5A24, 0x6AC7, 0x6AE7, 0x7B28, 0x93CA, 0xA46B, 0x9C2A, 0x8388,
    0x7B07, 0x7326, 0x7B27, 0x7B07, 0x72E7, 0x7B28, 0x93AA, 0x93CA, 0x8B88, 0x8348, 0x7B07, 0x6AA6,
    0x6A66, 0x72A7, 0x6AA7, 0x72C7,
    0x6AA7, 0x7B28, 0x8389, 0x83CA, 0x8389, 0x7B07, 0x62A7, 0x6A67, 0x6AA6, 0x6A87, 0x6A86, 0x6A86,
    0x6AA5, 0x6285, 0x62A7, 0x72C7, 0x7B28, 0x8B89, 0x93CA, 0x93CA, 0x8BAA, 0x8349, 0x7AE8, 0x7B08,
    0x7B28, 0x7B28, 0x7307, 0x72E7, 0x72E6, 0x8327, 0x8B27, 0x8B48, 0x9BC9, 0x9C2B, 0xA46B, 0x9C4B,
    0x9409, 0x8367, 0x7B07, 0x72E6, 0x6AC6, 0x7B27, 0x7B67, 0x8BA9, 0x8348, 0x8B69, 0x6285, 0x6A85,
    0x72E7, 0x8328, 0x7B28, 0x7B07, 0x7B27, 0x7B27, 0x7B27, 0x6B07, 0x8388, 0x9409, 0xA44B, 0x9C2B,
    0x8BA9, 0x7307, 0x62A6, 0x6286, 0x6265, 0x6286, 0x6AC6, 0x6AC7, 0x6AC7, 0x72E7, 0x62A5, 0x6285,
    0x6AC6, 0x6AC6, 0x72C7, 0x8348, 0x8B89, 0x8389, 0x7B48, 0x7B48, 0x7B48, 0x72E7, 0x6AC7, 0x6286,
    0x6AC7, 0x72E7, 0x6AE7, 0x6AC7, 0x7308, 0x7308, 0x72E8, 0x72E8, 0x6AE7, 0x6AE7, 0x6B08, 0x7B49,
    0x6AE6, 0x72E7, 0x7B08, 0x6AE7, 0x7308, 0x7B48, 0x8388, 0x8B88, 0x8348, 0x7B28, 0x72C8, 0x6AA7,
    0x6AA7, 0x6AE8, 0x72E8, 0x6AA7, 0x6286, 0x6286, 0x6286, 0x5A45, 0x6246, 0x5A26, 0x5A25, 0x5A25,
    0x5A45, 0x6266, 0x6286, 0x72C7, 0x72E8, 0x7AE8, 0x6AC7, 0x6AC7, 0x6286, 0x5A66, 0x5A65, 0x6286,
    0x6A86, 0x6285, 0x6A86, 0x72E7, 0x8B89, 0x8B8A, 0x8349, 0x72C7, 0x6AA6, 0x6AA6, 0x6286, 0x5A46,
    0x6266, 0x6B08, 0x7B28, 0x8389, 0x8389, 0x8369, 0x7B08, 0x6266, 0x5A26, 0x6247, 0x5A06, 0x4205,
    0x5246, 0x6266, 0x6AC7, 0x8349, 0x8389, 0x7B28, 0x6AA7, 0x6A86, 0x6266, 0x6266, 0x6246, 0x5A25,
    0x5A45, 0x5204, 0x5224, 0x72E7, 0x8B89, 0x9C0A, 0x8B69, 0x7AE8, 0x6A66, 0x5A25, 0x6246, 0x6286,
    0x6AA6, 0x6285, 0x5284, 0x5A64, 0x5A64, 0x6285, 0x72E7, 0x7B48, 0x8349, 0x7AE8, 0x5A25, 0x51C5,
    0x51E5, 0x4A04, 0x6AC6, 0x62C5, 0x5A64, 0x5A44, 0x6265, 0x7B29, 0x7B49, 0x7B08, 0x72E7, 0x7B28,
    0x7B28, 0x72E7, 0x6AC7, 0x6AC7, 0x6AC7, 0x6286, 0x72E7, 0x8349, 0x8BAA, 0x8BAA, 0x8B69, 0x8328,
    0x8307, 0x7AE7, 0x72C7, 0x6AC7, 0x6AC7, 0x8369, 0x940B, 0x940B, 0x8369, 0x6A86, 0x51E4, 0x5A25,
    0x5223, 0x49E2, 0x5203, 0x49E3, 0x41C3, 0x5266, 0x5265, 0x6AC7, 0x8389, 0x9C0A, 0x8BEA, 0x7348,
    0x6AC6, 0x5A84, 0x6A86, 0x6AC6, 0x6AC6, 0x72C7, 0x7B28, 0x7B28, 0x72E7, 0x7306, 0x6A85, 0x6A85,
    0x6A47, 0x6A46, 0x6246, 0x6246,
    0x5A46, 0x6286, 0x7308, 0x7B49, 0x7308, 0x6AC7, 0x6266, 0x5A05, 0x6246, 0x6286, 0x6266, 0x6286,
    0x6265, 0x5A44, 0x5245, 0x5245, 0x6A86, 0x72E8, 0x7B28, 0x8369, 0x8349, 0x72E7, 0x6A86, 0x72C7,
    0x6AE7, 0x6AC7, 0x72A7, 0x6AC6, 0x72C6, 0x72E6, 0x72C6, 0x7AE7, 0x7B27, 0x93C9, 0x940A, 0x940A,
    0x8BC9, 0x7B47, 0x72E6, 0x6AC6, 0x6AC6, 0x72E6, 0x7B47, 0x7B67, 0x7B47, 0x72E7, 0x6A85, 0x6A86,
    0x6265, 0x72C7, 0x6AA6, 0x6AA6, 0x72C6, 0x6AA6, 0x6285, 0x6AC6, 0x7B28, 0x8B88, 0x93C9, 0x93E9,
    0x8348, 0x6AC6, 0x6265, 0x5A45, 0x5A45, 0x5A65, 0x5A65, 0x62A6, 0x6286, 0x62A6, 0x6286, 0x6266,
    0x6A86, 0x62A6, 0x62A6, 0x6AC6, 0x7307, 0x7307, 0x6AE7, 0x6AE7, 0x7B28, 0x6AC7, 0x6286, 0x6286,
    0x6AA7, 0x6286, 0x6286, 0x6AA7, 0x6AC7, 0x6AC7, 0x6AC7, 0x62C7, 0x62A6, 0x62A6, 0x72E7, 0x6AC6,
    0x6A85, 0x6AA6, 0x62A7, 0x6AC7, 0x6AC7, 0x6287, 0x6AC7, 0x72C7, 0x6A87, 0x6287, 0x6267, 0x6266,
    0x5A45, 0x5A44, 0x5224, 0x5224, 0x49E3, 0x5204, 0x5224, 0x49E3, 0x49E3, 0x51E4, 0x5205, 0x5205,
    0x5205, 0x5204, 0x5A44, 0x6286, 0x6AA7, 0x72C7, 0x6AA6, 0x6AA7, 0x6AA7, 0x6266, 0x5A46, 0x6266,
    0x6266, 0x6246, 0x6A87, 0x72C8, 0x7B49, 0x8B49, 0x7B08, 0x72A7, 0x6A66, 0x5A46, 0x5A25, 0x5225,
    0x5245, 0x5A66, 0x6AC7, 0x7308, 0x72E7, 0x72C7, 0x72C8, 0x6266, 0x5A26, 0x6246, 0x5A05, 0x4184,
    0x49E5, 0x4A25, 0x6266, 0x72E7, 0x7B48, 0x7308, 0x6266, 0x6246, 0x5A25, 0x5A25, 0x5205, 0x51E5,
    0x49A3, 0x51C3, 0x5A04, 0x72A7, 0x8349, 0x8B89, 0x8348, 0x72C7, 0x6245, 0x51E4, 0x5A25, 0x5A45,
    0x5A25, 0x5A45, 0x5A24, 0x5A24, 0x5204, 0x5204, 0x5A65, 0x6AA6, 0x6A86, 0x6A67, 0x51E5, 0x49A4,
    0x59E5, 0x51E5, 0x6266, 0x5A45, 0x5204, 0x51E4, 0x5A24, 0x6A86, 0x7308, 0x72E7, 0x6AE7, 0x6B07,
    0x7328, 0x62C6, 0x6286, 0x6246, 0x5A45, 0x5204, 0x6AA7, 0x7B28, 0x8369, 0x836A, 0x7B08, 0x72E7,
    0x6AA6, 0x6AA7, 0x6AC8, 0x6286, 0x6A87, 0x7328, 0x8BAA, 0x8BAA, 0x7328, 0x5A45, 0x49C3, 0x49E3,
    0x4A03, 0x4A03, 0x5204, 0x49A3, 0x3942, 0x4A24, 0x5A45, 0x6266, 0x7B28, 0x83A9, 0x8369, 0x6B07,
    0x5264, 0x5223, 0x5A04, 0x5A44, 0x5224, 0x5225, 0x6266, 0x5265, 0x5204, 0x5A64, 0x5A43, 0x5A45,
    0x5A05, 0x5A05, 0x5A05, 0x5A05,
    0x49A4, 0x5205, 0x6287, 0x62C7, 0x62A7, 0x6266, 0x5A26, 0x51C4, 0x5A04, 0x5A44, 0x5A65, 0x5A46,
    0x5A46, 0x51C3, 0x49C4, 0x49E5, 0x5A25, 0x6287, 0x72E8, 0x7B08, 0x72E7, 0x6286, 0x5A66, 0x6226,
    0x6A66, 0x6A86, 0x6A66, 0x6266, 0x6286, 0x6A86, 0x6A86, 0x6A86, 0x6AA6, 0x7B47, 0x8388, 0x8388,
    0x8348, 0x7307, 0x6AC5, 0x62C5, 0x6285, 0x6285, 0x6AA6, 0x6AE6, 0x6AC6, 0x62A6, 0x6286, 0x6265,
    0x6286, 0x5A45, 0x5225, 0x6285, 0x6266, 0x5225, 0x5A45, 0x5A45, 0x6286, 0x7307, 0x7B27, 0x7B08,
    0x72E7, 0x6265, 0x5204, 0x49C3, 0x51E4, 0x5224, 0x5A45, 0x5A66, 0x5A65, 0x5A66, 0x6286, 0x5A86,
    0x5A86, 0x5AA6, 0x5A85, 0x6266, 0x6AA6, 0x6AA6, 0x6266, 0x62A6, 0x62A7, 0x6266, 0x6246, 0x5A46,
    0x6266, 0x6266, 0x5225, 0x5A66, 0x62A7, 0x5285, 0x62C6, 0x5265, 0x5245, 0x5A45, 0x6A86, 0x5A65,
    0x5245, 0x5A65, 0x6266, 0x6286, 0x6286, 0x5A46, 0x5205, 0x51E5, 0x5A05, 0x5204, 0x5204, 0x5A25,
    0x49E3, 0x41C2, 0x41C2, 0x41C2, 0x49C3, 0x49C3, 0x49C2, 0x4181, 0x49A4, 0x41C3, 0x49C2, 0x41A3,
    0x49C4, 0x49E4, 0x51E3, 0x5224, 0x5A45, 0x6266, 0x6246, 0x6266, 0x6A66, 0x5A06, 0x51E5, 0x5A05,
    0x6226, 0x6246, 0x6267, 0x6A87, 0x6A87, 0x72A7, 0x6A87, 0x6246, 0x5205, 0x5205, 0x6225, 0x5204,
    0x49E4, 0x49C4, 0x5225, 0x5A46, 0x5A25, 0x6226, 0x6226, 0x5A46, 0x51E5, 0x51E5, 0x49A4, 0x4183,
    0x3963, 0x41A3, 0x49E4, 0x5A65, 0x6286, 0x6266, 0x5205, 0x49C4, 0x51C4, 0x49C4, 0x41A3, 0x4183,
    0x3983, 0x49A3, 0x51C3, 0x6245, 0x72C7, 0x8309, 0x7AE8, 0x6266, 0x49E4, 0x49A3, 0x49C3, 0x51E4,
    0x51E4, 0x51E4, 0x51E4, 0x51E4, 0x49C3, 0x41A2, 0x49E3, 0x49C4, 0x51E4, 0x51E4, 0x51C4, 0x49A3,
    0x51E4, 0x49C4, 0x51E4, 0x49C4, 0x49C4, 0x41C2, 0x49C3, 0x5204, 0x6266, 0x6265, 0x6286, 0x6A86,
    0x6266, 0x5A25, 0x5A24, 0x5204, 0x6245, 0x5205, 0x5A66, 0x6AC7, 0x72E8, 0x72E8, 0x6AA8, 0x5A66,
    0x6245, 0x5A45, 0x5A45, 0x5A65, 0x6286, 0x6AC7, 0x7B48, 0x7B68, 0x6AC7, 0x49C4, 0x4162, 0x41A2,
    0x41A2, 0x49C3, 0x4163, 0x3922, 0x4183, 0x41C3, 0x49C4, 0x5A25, 0x62A6, 0x6AE7, 0x72E7, 0x6286,
    0x49E3, 0x41C2, 0x49E2, 0x49E3, 0x4162, 0x4183, 0x41C3, 0x3982, 0x4182, 0x49C2, 0x5203, 0x51A4,
    0x51C5, 0x51C4, 0x4983, 0x4984,
    0x49A4, 0x41C4, 0x5205, 0x5A46, 0x5225, 0x51E4, 0x41A2, 0x3963, 0x49A3, 0x5A04, 0x4A24, 0x5225,
    0x41C4, 0x3921, 0x3941, 0x49C4, 0x51E4, 0x5A45, 0x6AA7, 0x6AA6, 0x6266, 0x5A25, 0x4A05, 0x5205,
    0x5A25, 0x5225, 0x5205, 0x5A45, 0x5A45, 0x5A25, 0x5A45, 0x5A04, 0x5224, 0x6285, 0x72E6, 0x7307,
    0x72E6, 0x6AC6, 0x6285, 0x5A84, 0x5244, 0x5A44, 0x6265, 0x6285, 0x5A45, 0x5A25, 0x5A25, 0x5A25,
    0x5A25, 0x6245, 0x5224, 0x5204, 0x51E3, 0x51E4, 0x49C2, 0x4A04, 0x5224, 0x6286, 0x6286, 0x6265,
    0x5A65, 0x5A25, 0x49E4, 0x49A3, 0x49A4, 0x51E4, 0x5205, 0x5225, 0x5245, 0x5265, 0x5265, 0x5265,
    0x5A86, 0x5245, 0x5A45, 0x6245, 0x6245, 0x6245, 0x5204, 0x5A45, 0x6266, 0x5A25, 0x5A25, 0x5205,
    0x5A05, 0x5225, 0x5205, 0x5246, 0x5245, 0x5245, 0x4A04, 0x51E4, 0x49A3, 0x49C3, 0x5204, 0x5245,
    0x5204, 0x5205, 0x5245, 0x5A66, 0x5205, 0x49E4, 0x49A3, 0x4983, 0x49A3, 0x4182, 0x4162, 0x4982,
    0x49A2, 0x3940, 0x3981, 0x3981, 0x41C2, 0x41A1, 0x41A2, 0x31A1, 0x49C3, 0x4182, 0x4163, 0x3942,
    0x4163, 0x49A4, 0x51E5, 0x49C5, 0x51E5, 0x5A26, 0x5A05, 0x6246, 0x5205, 0x5205, 0x49C4, 0x49E4,
    0x5A25, 0x5A46, 0x5A26, 0x5A26, 0x5A26, 0x6226, 0x5A25, 0x49C4, 0x51E4, 0x5204, 0x49E4, 0x41C4,
    0x39A3, 0x41A4, 0x41C4, 0x41A4, 0x4184, 0x49A4, 0x59E5, 0x51E5, 0x49A5, 0x3983, 0x3963, 0x3943,
    0x2901, 0x3942, 0x3962, 0x41A3, 0x41C3, 0x49E4, 0x4183, 0x3142, 0x3142, 0x3963, 0x3942, 0x3942,
    0x3963, 0x3141, 0x3962, 0x49C3, 0x6246, 0x6A66, 0x6246, 0x51E5, 0x4183, 0x4162, 0x4983, 0x49A3,
    0x4983, 0x4184, 0x4163, 0x4163, 0x3942, 0x4182, 0x3962, 0x3962, 0x3962, 0x3962, 0x4182, 0x3962,
    0x3982, 0x3962, 0x49A3, 0x4183, 0x4183, 0x4181, 0x49A3, 0x51C4, 0x51C4, 0x49C4, 0x5A05, 0x5A05,
    0x5A05, 0x49C4, 0x41C3, 0x51E4, 0x51E5, 0x49E4, 0x5205, 0x6AA7, 0x5A66, 0x62A7, 0x5A67, 0x5205,
    0x5205, 0x4A05, 0x5225, 0x5225, 0x5204, 0x6286, 0x6AE7, 0x6AC7, 0x5A45, 0x39A3, 0x3982, 0x3982,
    0x4182, 0x4182, 0x3942, 0x2901, 0x3942, 0x3962, 0x3942, 0x4183, 0x49E4, 0x5225, 0x5225, 0x5204,
    0x3982, 0x3982, 0x3981, 0x3962, 0x3922, 0x3962, 0x3962, 0x3122, 0x3921, 0x3961, 0x49C3, 0x4984,
    0x4984, 0x49A4, 0x4983, 0x4163,
    0x3923, 0x3942, 0x4163, 0x4183, 0x3963, 0x3142, 0x28E1, 0x28E1, 0x3901, 0x4142, 0x41C3, 0x41E4,
    0x3963, 0x3942, 0x3942, 0x4163, 0x41A3, 0x49C4, 0x51E4, 0x4A04, 0x41A3, 0x41A3, 0x4183, 0x41A4,
    0x41C4, 0x41A3, 0x39A3, 0x49C3, 0x49C3, 0x49E3, 0x49C3, 0x49A3, 0x49C3, 0x51E3, 0x5A24, 0x5A44,
    0x5A64, 0x5244, 0x4A02, 0x41C2, 0x49C3, 0x49E3, 0x5204, 0x51E4, 0x49E4, 0x51E4, 0x49C3, 0x49C4,
    0x49E4, 0x49E4, 0x49E4, 0x41C3, 0x49C3, 0x41A3, 0x41A2, 0x41A3, 0x49C3, 0x49E4, 0x4A04, 0x4A24,
    0x49E4, 0x41C3, 0x3982, 0x4163, 0x3922, 0x4983, 0x49C4, 0x49C4, 0x49E4, 0x49E4, 0x49E4, 0x41C3,
    0x41C3, 0x41A3, 0x49E3, 0x5203, 0x49E3, 0x49E3, 0x41C3, 0x41C4, 0x39A3, 0x41C4, 0x49C4, 0x49C4,
    0x41A3, 0x41A3, 0x49A3, 0x41A3, 0x49C3, 0x49C3, 0x4182, 0x4183, 0x3943, 0x3182, 0x3982, 0x4183,
    0x3943, 0x4164, 0x41C4, 0x3983, 0x4183, 0x3943, 0x20A1, 0x28E1, 0x2900, 0x3120, 0x3941, 0x3921,
    0x3121, 0x28E0, 0x3101, 0x3121, 0x3941, 0x3141, 0x3963, 0x3162, 0x3962, 0x3121, 0x3122, 0x28E1,
    0x3943, 0x3964, 0x41A5, 0x4184, 0x4184, 0x49C4, 0x41A4, 0x41A4, 0x49C3, 0x49E4, 0x4182, 0x3962,
    0x4183, 0x49C5, 0x49C5, 0x49C5, 0x51E5, 0x49E5, 0x41A3, 0x3962, 0x51E4, 0x51E4, 0x4183, 0x3963,
    0x3163, 0x3143, 0x3123, 0x3122, 0x3122, 0x3963, 0x4183, 0x4183, 0x3943, 0x2922, 0x3122, 0x28E1,
    0x28C1, 0x28E1, 0x28C1, 0x28C1, 0x20E1, 0x2901, 0x3101, 0x28E1, 0x20A1, 0x20E1, 0x2901, 0x2901,
    0x3101, 0x3101, 0x3122, 0x3122, 0x3983, 0x41C4, 0x41A4, 0x3942, 0x3921, 0x3921, 0x3942, 0x3942,
    0x3922, 0x3102, 0x3102, 0x3102, 0x30E1, 0x28E1, 0x2901, 0x3121, 0x3121, 0x3121, 0x3962, 0x3962,
    0x3121, 0x3121, 0x3942, 0x3122, 0x3942, 0x3962, 0x3983, 0x4183, 0x4183, 0x4183, 0x4183, 0x41A3,
    0x4184, 0x4183, 0x3963, 0x4183, 0x4183, 0x41A4, 0x49C4, 0x51E5, 0x49E5, 0x51E5, 0x49C4, 0x49C4,
    0x49A4, 0x41A3, 0x49C4, 0x49C4, 0x49C4, 0x5205, 0x5A25, 0x5205, 0x41A3, 0x2101, 0x2101, 0x2901,
    0x3122, 0x3902, 0x30E1, 0x28E1, 0x28C1, 0x28E1, 0x28C1, 0x28E1, 0x3122, 0x3122, 0x3122, 0x2921,
    0x2901, 0x2100, 0x2921, 0x3121, 0x2921, 0x3121, 0x3122, 0x30E1, 0x28E0, 0x28E1, 0x4162, 0x3923,
    0x4142, 0x3922, 0x3902, 0x3902,
    0x28A1, 0x28A1, 0x28C1, 0x20C1, 0x28E1, 0x20A0, 0x0840, 0x1880, 0x2081, 0x2881, 0x3101, 0x3983,
    0x28E2, 0x2080, 0x28C1, 0x28E1, 0x28E2, 0x2902, 0x2901, 0x2921, 0x20C1, 0x28E1, 0x3101, 0x3142,
    0x3143, 0x2922, 0x3121, 0x3962, 0x3962, 0x3942, 0x3122, 0x3102, 0x3121, 0x3121, 0x4161, 0x4181,
    0x4182, 0x41A2, 0x3962, 0x3121, 0x3942, 0x3941, 0x3962, 0x3982, 0x3962, 0x3122, 0x3122, 0x3942,
    0x41A3, 0x3983, 0x3962, 0x3122, 0x3122, 0x3122, 0x3122, 0x3101, 0x3962, 0x3962, 0x3963, 0x3963,
    0x3122, 0x3122, 0x3922, 0x28E1, 0x28E1, 0x3142, 0x3942, 0x3963, 0x3942, 0x3142, 0x3142, 0x3142,
    0x3141, 0x3121, 0x3121, 0x3141, 0x2921, 0x2922, 0x2902, 0x2902, 0x28E1, 0x3102, 0x3942, 0x3121,
    0x30E1, 0x30E1, 0x30E1, 0x2900, 0x3101, 0x3121, 0x30E1, 0x28A1, 0x2080, 0x28C1, 0x28E1, 0x28E2,
    0x30E2, 0x2902, 0x2901, 0x20E1, 0x20C1, 0x1881, 0x1860, 0x1860, 0x2080, 0x28C0, 0x20C0, 0x20E0,
    0x20C0, 0x1880, 0x2060, 0x2060, 0x2080, 0x20C0, 0x28E0, 0x3121, 0x2900, 0x28E0, 0x1880, 0x20A0,
    0x28C1, 0x3102, 0x3123, 0x3102, 0x3102, 0x3102, 0x3102, 0x3102, 0x3922, 0x3102, 0x28E1, 0x28C1,
    0x3102, 0x3122, 0x3943, 0x3923, 0x3922, 0x3922, 0x3101, 0x30E1, 0x3101, 0x3142, 0x3101, 0x3121,
    0x28E1, 0x28C1, 0x20C1, 0x20C1, 0x20A0, 0x28C1, 0x28E1, 0x2901, 0x28E1, 0x20E1, 0x20A0, 0x1880,
    0x1860, 0x1860, 0x1840, 0x1840, 0x1860, 0x1860, 0x20A0, 0x1860, 0x1040, 0x1040, 0x2081, 0x2080,
    0x20A0, 0x20A1, 0x2080, 0x20A0, 0x20A1, 0x28E2, 0x2902, 0x20E1, 0x28E1, 0x28E1, 0x28C1, 0x20C0,
    0x20C1, 0x28C0, 0x28C1, 0x20C1, 0x1880, 0x20A1, 0x1880, 0x20A0, 0x20C1, 0x20C1, 0x20C0, 0x1880,
    0x28C1, 0x28C1, 0x20A1, 0x20C1, 0x28E1, 0x3122, 0x2922, 0x2922, 0x3122, 0x2902, 0x3122, 0x3102,
    0x3122, 0x3122, 0x2901, 0x2901, 0x3121, 0x3122, 0x3943, 0x3943, 0x3923, 0x3943, 0x3122, 0x3102,
    0x3122, 0x3922, 0x3943, 0x3142, 0x3963, 0x3963, 0x4163, 0x3942, 0x20E1, 0x20C0, 0x18A0, 0x2080,
    0x2080, 0x2080, 0x20A0, 0x1880, 0x1880, 0x2080, 0x20A0, 0x1860, 0x2080, 0x1880, 0x20A0, 0x20A0,
    0x18A0, 0x1880, 0x20A0, 0x20C0, 0x20C1, 0x20A1, 0x20C1, 0x1880, 0x20A0, 0x2080, 0x20A0, 0x20A0,
    0x20A0, 0x20A0, 0x20A0, 0x2881,
    0x0820, 0x0820, 0x1020, 0x0820, 0x0840, 0x0820, 0x0820, 0x0820, 0x0800, 0x1020, 0x1860, 0x1060,
    0x1040, 0x0820, 0x1020, 0x0840, 0x1040, 0x0820, 0x0840, 0x1040, 0x1040, 0x1040, 0x1860, 0x2080,
    0x1860, 0x1060, 0x1060, 0x1880, 0x1860, 0x1861, 0x1860, 0x1840, 0x1860, 0x1880, 0x1880, 0x2080,
    0x18A0, 0x20A0, 0x1880, 0x1880, 0x1860, 0x1880, 0x1880, 0x20C0, 0x18A0, 0x1880, 0x1860, 0x1860,
    0x20A0, 0x1880, 0x1880, 0x1860, 0x1880, 0x1860, 0x1860, 0x1860, 0x1860, 0x1881, 0x1860, 0x1880,
    0x1880, 0x1880, 0x1860, 0x1040, 0x1040, 0x1040, 0x1060, 0x1880, 0x2081, 0x1880, 0x1860, 0x1060,
    0x1880, 0x1060, 0x1060, 0x1060, 0x1060, 0x1860, 0x1060, 0x1040, 0x1040, 0x1040, 0x1860, 0x1840,
    0x1840, 0x1040, 0x0840, 0x1040, 0x1040, 0x1040, 0x0820, 0x1020, 0x0820, 0x1040, 0x1040, 0x1060,
    0x1060, 0x0840, 0x0820, 0x0840, 0x0020, 0x0820, 0x0020, 0x0000, 0x0820, 0x0840, 0x0820, 0x1040,
    0x1020, 0x1020, 0x0800, 0x1020, 0x1020, 0x0840, 0x1860, 0x1060, 0x1060, 0x1040, 0x0000, 0x0000,
    0x1020, 0x1860, 0x1880, 0x1880, 0x1060, 0x1060, 0x1040, 0x1040, 0x1860, 0x1860, 0x1860, 0x1060,
    0x1060, 0x1860, 0x2081, 0x2060, 0x1860, 0x1860, 0x1040, 0x0840, 0x1860, 0x1860, 0x1860, 0x1860,
    0x1060, 0x1040, 0x1060, 0x1040, 0x1060, 0x1860, 0x1860, 0x1040, 0x1060, 0x1040, 0x0820, 0x0820,
    0x1020, 0x0820, 0x0820, 0x0820, 0x0820, 0x0820, 0x0820, 0x0820, 0x0800, 0x0820, 0x0820, 0x0820,
    0x0820, 0x1040, 0x0820, 0x0820, 0x0820, 0x1040, 0x1860, 0x1040, 0x1040, 0x0820, 0x1040, 0x0820,
    0x1040, 0x1060, 0x1040, 0x1040, 0x0820, 0x0840, 0x0820, 0x0840, 0x1040, 0x1040, 0x1860, 0x1040,
    0x1040, 0x1040, 0x0820, 0x0820, 0x1040, 0x1060, 0x1860, 0x1060, 0x1060, 0x1060, 0x1860, 0x1880,
    0x1880, 0x1880, 0x1880, 0x1040, 0x1040, 0x1860, 0x20A1, 0x1881, 0x1881, 0x1881, 0x1860, 0x1060,
    0x1860, 0x1860, 0x2080, 0x1881, 0x2081, 0x20A1, 0x20A1, 0x1880, 0x0820, 0x0820, 0x1020, 0x0820,
    0x0820, 0x0820, 0x0840, 0x0820, 0x1040, 0x0820, 0x1040, 0x0820, 0x0800, 0x0820, 0x1040, 0x1860,
    0x0820, 0x0820, 0x0820, 0x0820, 0x0820, 0x1040, 0x1040, 0x0820, 0x0820, 0x0820, 0x1040, 0x1040,
    0x0840, 0x0820, 0x0820, 0x1020,
};

const IrisTexture kIrisHuman = {kHumanData, 256, 64};

static const uint16_t kDragonData[80 * 256] = {
    0x8020, 0xA861, 0xA040, 0x8840, 0x8840, 0x8040, 0x7020, 0x6820, 0x7020, 0x6000, 0x5000, 0x7020,
    0x8020, 0x7020, 0x7020, 0x7020, 0x5000, 0x5800, 0x6820, 0x7820, 0x7820, 0x6820, 0x7020, 0x6800,
    0x6820, 0x7020, 0x9041, 0x9840, 0x9840, 0x9840, 0x9040, 0x9840, 0x8020, 0x7820, 0x9040, 0x8020,
    0x9040, 0x9840, 0xA061, 0x8020, 0x9040, 0xA861, 0x9841, 0x8840, 0x9041, 0xA061, 0x8020, 0x9840,
    0x8840, 0x9041, 0x9841, 0x9041, 0x9841, 0x9040, 0x9061, 0xA061, 0xA861, 0x9841, 0x9841, 0x9040,
    0x9041, 0x9041, 0x8840, 0x8020, 0x8820, 0x8020, 0xA041, 0x8020, 0x7820, 0x7820, 0x8020, 0x8020,
    0x8040, 0x7020, 0x8840, 0x7020, 0x8020, 0x9040, 0x8020, 0x7820, 0x7820, 0x7820, 0x7820, 0x8820,
    0x9040, 0x9840, 0x8840, 0x8840, 0x9041, 0x8840, 0x8840, 0x8020, 0x8840, 0xA061, 0x8841, 0x8840,
    0x7820, 0x6800, 0x6820, 0x7020, 0x6020, 0x6000, 0x7020, 0x7020, 0x7000, 0x8840, 0x7820, 0x8040,
    0x8040, 0x7020, 0x7820, 0x7020, 0x5000, 0x7820, 0x5800, 0x8040, 0x8840, 0x7840, 0x8020, 0x9840,
    0xB060, 0x9840, 0x9040, 0xA061, 0x9840, 0x5820, 0x6000, 0x6820, 0x7020, 0x9040, 0x8020, 0x8040,
    0x7820, 0x6000, 0x7020, 0x7820, 0x8040, 0x7820, 0x7020, 0x7820, 0x8040, 0x6820, 0x8040, 0x7020,
    0x7820, 0x7840, 0x5800, 0x6820, 0x6820, 0x7020, 0x8040, 0x7820, 0x7820, 0x7020, 0x6000, 0x7020,
    0x7820, 0x7820, 0x7820, 0x7020, 0x7820, 0x7020, 0x6820, 0x6820, 0x6820, 0x5800, 0x5800, 0x7020,
    0x7020, 0x9040, 0x9840, 0xA040, 0x8020, 0x8020, 0x8040, 0x8040, 0x8020, 0x7820, 0x7020, 0x6820,
    0x7020, 0x5800, 0x7020, 0x7820, 0x7020, 0x6820, 0x8040, 0x8020, 0x7820, 0x8040, 0x7820, 0x7820,
    0x7820, 0x7020, 0x6020, 0x6800, 0x7020, 0x7020, 0x5800, 0x5800, 0x6820, 0x6000, 0x7820, 0x6820,
    0x8020, 0x6820, 0x7020, 0x6800, 0x6000, 0x7020, 0x5800, 0x6800, 0x7020, 0x7020, 0x7020, 0x7020,
    0x7820, 0x8040, 0x7820, 0x7820, 0x6800, 0x6000, 0x6000, 0x7020, 0x6000, 0x7020, 0x7820, 0x9040,
    0x7820, 0x8020, 0x6000, 0x7020, 0x7020, 0x7000, 0x7820, 0x7820, 0x7820, 0x8020, 0x7820, 0x6820,
    0x7020, 0x7820, 0x6820, 0x6820, 0x7020, 0x6000, 0x6820, 0x6820, 0x7020, 0x7020, 0x7020, 0x6020,
    0x6020, 0x6820, 0x7820, 0x8020,
    0xA881, 0xB081, 0xB881, 0x9061, 0xA061, 0x9861, 0x8860, 0x7040, 0x8860, 0x7840, 0x7840, 0x8860,
    0x9060, 0x7840, 0xA061, 0x7840, 0x7040, 0x6820, 0x8040, 0x8060, 0xA080, 0x7840, 0x8040, 0x7020,
    0x7840, 0x8860, 0xA061, 0x9860, 0xA880, 0xA881, 0xA080, 0xA881, 0x8860, 0x9861, 0xA061, 0xA861,
    0xB081, 0xA061, 0xB881, 0xA081, 0xA061, 0xC0A1, 0xB881, 0xA081, 0xA881, 0xA881, 0xA881, 0xA881,
    0xA881, 0xB081, 0xA081, 0xA061, 0xA881, 0x9860, 0xA061, 0xB081, 0xB081, 0xB881, 0xB081, 0xA061,
    0xA081, 0xA081, 0xA881, 0x9061, 0xA061, 0xA861, 0x9861, 0x9061, 0xA061, 0xA061, 0x9861, 0x9861,
    0x9861, 0x8060, 0xA861, 0x9061, 0x9061, 0xA881, 0xA081, 0x8860, 0x8860, 0x8860, 0x8040, 0x8840,
    0xA061, 0xA081, 0xA881, 0x9861, 0x9060, 0xA881, 0x9861, 0x9060, 0x8861, 0xA881, 0xA081, 0x9860,
    0x9861, 0x6840, 0x7840, 0x8040, 0x7840, 0x7840, 0x7840, 0x9060, 0x8840, 0xA860, 0x8860, 0x8840,
    0x9861, 0x8860, 0x8040, 0x9060, 0x8040, 0x8861, 0x8040, 0x9060, 0x9860, 0x9060, 0x8860, 0xB080,
    0xC0A1, 0xB881, 0xB081, 0xB8A1, 0xC0A1, 0x4020, 0x7840, 0x7840, 0x8860, 0xA881, 0xB881, 0xA080,
    0x8840, 0x7840, 0x8040, 0x9060, 0x9860, 0x9060, 0x9060, 0x9860, 0x8860, 0x8860, 0x9861, 0x9861,
    0x7840, 0x9881, 0x7040, 0x9861, 0x8861, 0x9061, 0x9061, 0xA081, 0x8860, 0x9861, 0x7840, 0x9861,
    0x8860, 0x9860, 0x8860, 0x8040, 0x8040, 0x9860, 0x8840, 0x8840, 0x7840, 0x6820, 0x6820, 0x8040,
    0x8840, 0xB880, 0xC0A0, 0xB880, 0xA080, 0x9860, 0x9060, 0x9860, 0x9860, 0xA880, 0x8860, 0x8060,
    0x8840, 0x6820, 0x8860, 0xA881, 0x9060, 0x8860, 0x9860, 0xA060, 0xA080, 0x9860, 0x9860, 0x9860,
    0x9060, 0x8860, 0x8860, 0x7840, 0x8040, 0x7040, 0x7040, 0x7840, 0x8040, 0x7040, 0x7840, 0x8860,
    0x7040, 0x7840, 0x8040, 0x7840, 0x8060, 0x7020, 0x6820, 0x8040, 0x8840, 0x8040, 0x8860, 0x8840,
    0x9860, 0xA080, 0x9060, 0x8860, 0x7020, 0x6820, 0x7040, 0x7840, 0x7840, 0x8040, 0x9860, 0xA060,
    0x9060, 0x9860, 0x8040, 0x8860, 0x9860, 0x9040, 0x9860, 0x9060, 0x8860, 0xA060, 0x8040, 0x7840,
    0x8840, 0x8040, 0x7840, 0x7040, 0x8860, 0x8040, 0x8040, 0x8040, 0x9060, 0x8860, 0x8040, 0x7840,
    0x8040, 0x8040, 0x8860, 0x9860,
    0xB8A1, 0xB8A1, 0xC0A1, 0xB0A1, 0xB8A1, 0xB0A1, 0xA8A1, 0x7860, 0x8881, 0x8060, 0x9880, 0xA0A1,
    0x8860, 0x8881, 0xA081, 0x8060, 0x7040, 0x7040, 0x9881, 0x9881, 0xB8A1, 0x8060, 0x9881, 0x8060,
    0x8060, 0xA080, 0xC081, 0xA081, 0xC0C1, 0xC0A1, 0xB0A1, 0xB0A1, 0x9880, 0xA881, 0xB0A1, 0xC0A2,
    0xC0C1, 0xB0A1, 0xB8A1, 0xB0A1, 0xB8A1, 0xC0C2, 0xC0C1, 0xB8A1, 0xB8A1, 0xB0A1, 0xB8A1, 0xB0A1,
    0xB8A1, 0xB8A1, 0xA881, 0xB8A2, 0xA8A1, 0xB0A1, 0xB0A1, 0xC0A1, 0xC0C2, 0xC0A2, 0xC0C2, 0xB0A1,
    0xB0A1, 0xB8A1, 0xC0C2, 0xA881, 0xC0C2, 0xC0C2, 0xA081, 0xB8A1, 0xB0A1, 0xC0A2, 0xB0A1, 0xB8A1,
    0xA881, 0xA081, 0xB0A1, 0xB0A1, 0x9881, 0xB0A1, 0xB0A1, 0xA081, 0x9881, 0x9881, 0xA081, 0x8881,
    0xA0A1, 0xA8A1, 0xB8A1, 0x9880, 0x9080, 0xC0C1, 0xA081, 0x9881, 0x9081, 0xB8C1, 0x9881, 0xA881,
    0xB0A1, 0x9081, 0x8060, 0x8060, 0x8880, 0x8860, 0x8860, 0xA081, 0xA881, 0xB8A1, 0xA081, 0xA081,
    0xA881, 0xA081, 0x9060, 0xA081, 0x8880, 0x9060, 0x9880, 0xA0A0, 0xA080, 0xA080, 0xA080, 0xC0E0,
    0xC0C1, 0xC8C2, 0xB8A1, 0xC8E2, 0xC8C2, 0x7040, 0x7860, 0x7860, 0x9880, 0xC0C1, 0xA0A0, 0xA8A1,
    0xA080, 0x8860, 0x8881, 0xA081, 0xB0A1, 0xA080, 0xB0A0, 0xB0A0, 0xA8A0, 0xB0A1, 0xA8A1, 0xB8C2,
    0x8861, 0x9881, 0x9881, 0xA8A1, 0xB8C2, 0xA8A1, 0xA8A1, 0xB0A1, 0xA8A1, 0xA0A1, 0x9881, 0xB0A1,
    0xA081, 0xA081, 0x9880, 0x9080, 0x8860, 0xB8A1, 0xA081, 0xB0A1, 0x8860, 0x8060, 0x8060, 0x9880,
    0xB0A0, 0xB8A0, 0xC8C1, 0xC0C1, 0xB8A1, 0xB0A1, 0xB0A1, 0xA081, 0xB8A1, 0xC0A1, 0xA8A1, 0x9880,
    0x9080, 0x8060, 0x8880, 0xB081, 0xA080, 0x9880, 0xA081, 0xB8A1, 0xC0C1, 0xB0A1, 0xB8A1, 0xB8A1,
    0xA8A1, 0xA081, 0xA0A1, 0x8861, 0x8060, 0x7860, 0x7860, 0x9061, 0x8060, 0x6840, 0x7040, 0x8060,
    0x7860, 0x8860, 0x8880, 0x8880, 0xA8A1, 0x6840, 0x8060, 0x8880, 0x9880, 0x8860, 0x9880, 0xA880,
    0x9880, 0xA8A0, 0xB0A0, 0xA080, 0x8860, 0x8060, 0x8060, 0x8860, 0x9080, 0xA080, 0xB080, 0xB0A0,
    0xA081, 0xA881, 0x9881, 0x9881, 0x9881, 0xA881, 0xA8A1, 0xA081, 0x8880, 0xB8A1, 0x9880, 0x8060,
    0x9880, 0x9881, 0x8060, 0x8860, 0x9880, 0xA081, 0x9880, 0x9881, 0x9080, 0xA081, 0x9881, 0x9060,
    0xA081, 0x9881, 0xA8A1, 0xA8A1,
    0xB8C2, 0xC0C2, 0xC0E1, 0xC0E2, 0xB8C1, 0xC0E1, 0xA8C1, 0x88A1, 0xB8C1, 0xA0A1, 0x98A1, 0xA0C1,
    0xA8C1, 0xA0A1, 0xB0C1, 0xA8C1, 0x8080, 0x7881, 0xA8C1, 0xB8C1, 0xC0E2, 0xA0C1, 0xA0A1, 0x98A1,
    0xA0A1, 0xB8C1, 0xD142, 0xC0E2, 0xC902, 0xC902, 0xC8E2, 0xB8C1, 0xA0A1, 0xA0A1, 0xC0E1, 0xC8E2,
    0xB8C1, 0xC0E2, 0xB8C1, 0xC0E2, 0xC902, 0xC8E2, 0xC0E2, 0xC0E2, 0xC0E2, 0xB8C2, 0xB0C1, 0xB8C1,
    0xC902, 0xB8C2, 0xB0C1, 0xC0E2, 0xC0E2, 0xB8C2, 0xB8C1, 0xB8E1, 0xC8E2, 0xC8E2, 0xC0E2, 0xC0C2,
    0xC0E2, 0xC8E2, 0xC8E2, 0xC0E2, 0xC902, 0xB8C2, 0xB8C1, 0xC0E2, 0xC0E2, 0xC8E2, 0xC0E2, 0xC0E2,
    0xB8C2, 0xB0C1, 0xC0E2, 0xB8C2, 0xA8C1, 0xB0C2, 0xB0C1, 0xB0C1, 0xA0C1, 0xB0C1, 0xB0C1, 0xA8C1,
    0xB0C1, 0xB0C1, 0xC0E1, 0xA0A0, 0xA0A1, 0xB8E1, 0xB0C1, 0xA8C1, 0xA8A1, 0xB922, 0x90A1, 0xB0C1,
    0xC101, 0xA8A1, 0x8080, 0x90A1, 0xA0A1, 0x8881, 0x98A1, 0xB102, 0xB8C1, 0xC101, 0xA902, 0xA8C1,
    0xC0E2, 0xA0A1, 0xC0E2, 0xB0C1, 0x98A1, 0xA0A1, 0xA0A1, 0xA8C1, 0xC922, 0xA8C0, 0xB0C1, 0xD122,
    0xD143, 0xC902, 0xC0E2, 0xD984, 0xD143, 0xA8C1, 0x8881, 0x8081, 0xB8C1, 0xC8E2, 0xB0C1, 0xC0E1,
    0xB8C1, 0xA0A1, 0xA8C1, 0xB8C1, 0xC922, 0xC0C1, 0xC0E1, 0xC0E1, 0xC0E1, 0xB8E1, 0xC0C2, 0xC0E2,
    0xA0C1, 0x98A2, 0xA8C1, 0xB8C2, 0xD123, 0xA8C2, 0xB8E2, 0xC0E2, 0xB8E2, 0xA8C2, 0xA8A2, 0xB0C1,
    0xA8C1, 0xA8C1, 0xB0C1, 0xB0C1, 0xA0C1, 0xB0C1, 0xA8C1, 0xB8E2, 0xA0A1, 0x98A1, 0xA0C1, 0xB0C1,
    0xC101, 0xC901, 0xD163, 0xD123, 0xB8E1, 0xB8E1, 0xB0C1, 0xB0C1, 0xC922, 0xC902, 0xB8C1, 0xB8C1,
    0x90A1, 0x90A0, 0x90A1, 0xB0C1, 0xA8A1, 0xA8A1, 0xB0C1, 0xC902, 0xD102, 0x98C1, 0xC8E2, 0xD123,
    0xB8C1, 0xA0A1, 0xA8C1, 0xA8C1, 0x90A1, 0x8881, 0x7880, 0x8080, 0x8081, 0x6860, 0x7080, 0x7880,
    0x8080, 0x8081, 0x90A1, 0xA0A1, 0xA0A1, 0x8880, 0x90A1, 0x98A1, 0x98A1, 0xB0C1, 0xB8C1, 0xB8C1,
    0xA0A0, 0xC0E1, 0xC901, 0xB0E1, 0x98A0, 0xA8C1, 0x98A1, 0xA0A1, 0xA8C1, 0xB8C1, 0xD122, 0xD122,
    0xB0C1, 0xB8C1, 0xA8A1, 0xA8C1, 0xA0C1, 0xB0C1, 0xC8E2, 0xC0E2, 0xB0C1, 0xC0C2, 0xB8C1, 0xA0A1,
    0x98A1, 0xB0C1, 0x98A1, 0xA8C1, 0xB0C1, 0xA8C1, 0xB0C1, 0xB8C2, 0xB8C2, 0xA8C1, 0xA8C1, 0xB8E2,
    0xB0C1, 0xB0C1, 0xC0E1, 0xB8C1,
    0xD122, 0xC922, 0xC922, 0xC102, 0xC922, 0xD143, 0xB0E1, 0xA8E1, 0xA0C1, 0xA8E1, 0xB101, 0xB0E1,
    0xC102, 0xB0E1, 0xB8E1, 0xB0E2, 0xA8E1, 0x98C1, 0xB902, 0xD122, 0xC902, 0xB901, 0xB0E1, 0xB8E1,
    0xC101, 0xC101, 0xD9A3, 0xD963, 0xD983, 0xD142, 0xD122, 0xC901, 0xA8C1, 0xA8E1, 0xD143, 0xC902,
    0xC102, 0xC922, 0xD142, 0xB901, 0xD142, 0xD142, 0xC102, 0xC102, 0xD122, 0xC922, 0xC902, 0xC101,
    0xD143, 0xC902, 0xC922, 0xC922, 0xC922, 0xB8E1, 0xC102, 0xC902, 0xC922, 0xC922, 0xD122, 0xC922,
    0xC922, 0xD142, 0xC902, 0xC902, 0xC922, 0xC102, 0xC902, 0xC102, 0xC902, 0xC922, 0xC922, 0xC102,
    0xC101, 0xB0E1, 0xC102, 0xC922, 0xC902, 0xC102, 0xC101, 0xB901, 0xB0E2, 0xB102, 0xB0E1, 0xB8E2,
    0xB0E2, 0xC922, 0xC922, 0xB8E1, 0xA0C1, 0xB0E2, 0xB0E2, 0xB101, 0xA8E1, 0xC143, 0x90A1, 0xB0E1,
    0xC943, 0xB0E1, 0x98C1, 0xA8E1, 0x98C1, 0x90C1, 0xA8E1, 0xC943, 0xC922, 0xD983, 0xC122, 0xA8E1,
    0xD984, 0xA8E1, 0xD984, 0xB902, 0xB8E1, 0xB0E1, 0xB0E1, 0xB8E1, 0xD9A4, 0xB0E0, 0xA8E1, 0xD962,
    0xE1E4, 0xD983, 0xD143, 0xE1E5, 0xE1C4, 0xC922, 0xA0C1, 0xA8E1, 0xC923, 0xD983, 0xD142, 0xC922,
    0xB8E1, 0xB0E2, 0xB0E1, 0xC902, 0xD983, 0xD142, 0xC921, 0xD122, 0xD121, 0xC922, 0xD143, 0xC122,
    0xB902, 0xB0E2, 0xC102, 0xC122, 0xC923, 0xC102, 0xC123, 0xD143, 0xC902, 0xB902, 0xB0E2, 0xC122,
    0xB8E2, 0xC102, 0xC922, 0xC102, 0xB902, 0xC0E2, 0xB902, 0xC102, 0xB902, 0xA8E1, 0xB8E1, 0xC902,
    0xD142, 0xE1A4, 0xEA05, 0xE1A4, 0xC942, 0xC921, 0xA8E1, 0xD122, 0xE1C4, 0xD963, 0xC102, 0xB8E2,
    0x98C1, 0x80C0, 0xB0E1, 0xC922, 0xD143, 0xB902, 0xB902, 0xC902, 0xD142, 0xB901, 0xD122, 0xD984,
    0xB902, 0xA8E1, 0xA8C1, 0xB902, 0xA8E1, 0x90C1, 0x88A1, 0xA0C1, 0x98E1, 0x7080, 0x98C2, 0x90C1,
    0x98C1, 0x98C1, 0xB0E1, 0xB0E1, 0xB0E1, 0xA0C1, 0xA0C1, 0xB0E1, 0xB8E1, 0xC101, 0xD122, 0xC901,
    0xC921, 0xC921, 0xD162, 0xC121, 0xB0E1, 0xB8E1, 0xA8E1, 0xB902, 0xB0E1, 0xC902, 0xE1C4, 0xD9C4,
    0xC102, 0xC102, 0xA8E2, 0xB0E2, 0xC102, 0xC101, 0xD122, 0xD143, 0xD122, 0xC102, 0xB0E1, 0xB901,
    0x98C1, 0xC102, 0xB8E1, 0xB902, 0xC922, 0xB0E1, 0xC102, 0xC922, 0xD122, 0xC102, 0xB902, 0xD142,
    0xD142, 0xC102, 0xC101, 0xC922,
    0xD163, 0xD142, 0xD163, 0xC942, 0xD983, 0xD983, 0xC942, 0xB922, 0xA901, 0xB122, 0xC942, 0xC122,
    0xC942, 0xC122, 0xC142, 0xB122, 0xA902, 0xA902, 0xB922, 0xD983, 0xD162, 0xB922, 0xC142, 0xD183,
    0xC942, 0xC121, 0xD983, 0xE1E4, 0xE1E4, 0xD983, 0xD183, 0xC142, 0xA8E1, 0xC942, 0xD983, 0xD162,
    0xD162, 0xD162, 0xD983, 0xC942, 0xD142, 0xD983, 0xC942, 0xC942, 0xD182, 0xC962, 0xD142, 0xC942,
    0xD142, 0xC942, 0xD142, 0xD163, 0xC942, 0xC942, 0xC942, 0xD142, 0xC942, 0xC942, 0xD163, 0xC943,
    0xD142, 0xD983, 0xC142, 0xC962, 0xC942, 0xC942, 0xC942, 0xC942, 0xC942, 0xD142, 0xD162, 0xC942,
    0xC121, 0xB922, 0xC942, 0xD963, 0xD163, 0xD143, 0xC942, 0xB922, 0xB922, 0xB922, 0xB102, 0xB922,
    0xB902, 0xC962, 0xB102, 0xC122, 0xB102, 0xB102, 0xB922, 0xB101, 0x90E0, 0xD9C3, 0xA0E2, 0xB922,
    0xE1A3, 0xB922, 0xA0E1, 0xB121, 0xA101, 0xA0E1, 0xB922, 0xC942, 0xD962, 0xE1E5, 0xC142, 0xB142,
    0xD9A3, 0xC942, 0xC962, 0xC142, 0xB922, 0xB922, 0xB922, 0xC142, 0xC962, 0xB921, 0xB121, 0xE204,
    0xEA04, 0xE1E4, 0xD183, 0xEA25, 0xD163, 0xD163, 0xA901, 0xB922, 0xC943, 0xE1E5, 0xD9A4, 0xD983,
    0xB921, 0xB922, 0xC942, 0xD142, 0xD9C4, 0xD9C4, 0xD9A2, 0xD162, 0xD162, 0xD183, 0xD983, 0xC142,
    0xC943, 0xC943, 0xC142, 0xD163, 0xB922, 0xD142, 0xC143, 0xD9A3, 0xD163, 0xC122, 0xC122, 0xD163,
    0xC142, 0xC142, 0xD163, 0xC143, 0xB102, 0xD143, 0xC943, 0xD983, 0xB922, 0xB122, 0xC142, 0xD162,
    0xE1C3, 0xE1E5, 0xF286, 0xEA25, 0xE1E5, 0xD162, 0xB122, 0xD982, 0xEA25, 0xEA25, 0xC942, 0xC122,
    0xA0E1, 0xA0E1, 0xC142, 0xC962, 0xD9A4, 0xC942, 0xC922, 0xC142, 0xB922, 0xD163, 0xD183, 0xD183,
    0xC122, 0xB101, 0xA101, 0xB922, 0xC142, 0x98E1, 0x98E1, 0xB101, 0xA8E2, 0x88C1, 0x98E1, 0x98E1,
    0xA902, 0xA901, 0xC122, 0xC122, 0xB922, 0xB902, 0x98E1, 0xB121, 0xB101, 0xC142, 0xD142, 0xD141,
    0xD142, 0xC942, 0xC941, 0xD162, 0xB921, 0xC122, 0xC941, 0xC942, 0xA901, 0xB922, 0xEA25, 0xEA05,
    0xD162, 0xC942, 0xB902, 0xC942, 0xC142, 0xD963, 0xD163, 0xD9A4, 0xD162, 0xC942, 0xC142, 0xB922,
    0xB121, 0xD162, 0xB921, 0xC122, 0xC142, 0xB921, 0xB922, 0xC942, 0xC942, 0xC922, 0xC122, 0xD162,
    0xD9A3, 0xC122, 0xD983, 0xD183,
    0xD9A3, 0xC962, 0xB942, 0xD9A3, 0xD9C3, 0xD9A3, 0xD1A3, 0xC162, 0xC962, 0xB142, 0xC962, 0xC962,
    0xD183, 0xC162, 0xC162, 0xC962, 0xB142, 0xA942, 0xD183, 0xE225, 0xD1A4, 0xD163, 0xD1A3, 0xE204,
    0xD982, 0xC962, 0xD9C3, 0xEA45, 0xE204, 0xE204, 0xD9C3, 0xD183, 0xA921, 0xD182, 0xD9A3, 0xD1A2,
    0xE1C3, 0xD182, 0xD982, 0xD182, 0xD183, 0xD182, 0xC162, 0xC962, 0xD1A2, 0xC962, 0xC962, 0xD183,
    0xC982, 0xD182, 0xC962, 0xC962, 0xC962, 0xD183, 0xD182, 0xD182, 0xC962, 0xD183, 0xD183, 0xD183,
    0xD182, 0xD183, 0xC162, 0xD983, 0xD9A3, 0xD9A3, 0xD183, 0xD183, 0xD183, 0xD983, 0xD9C3, 0xD182,
    0xC962, 0xB942, 0xD182, 0xD9C3, 0xD183, 0xD9A3, 0xD182, 0xC162, 0xC962, 0xC162, 0xB142, 0xB962,
    0xB942, 0xC162, 0xB942, 0xC142, 0xC983, 0xB942, 0xC962, 0xB142, 0xA921, 0xD9E4, 0xC163, 0xB962,
    0xE1E4, 0xB942, 0xA121, 0xA921, 0x9901, 0xA922, 0xA922, 0xC982, 0xD182, 0xD9E4, 0xA101, 0xC182,
    0xE204, 0xD183, 0xC982, 0xC962, 0xC162, 0xC162, 0xC162, 0xB141, 0xC982, 0xA921, 0xB141, 0xEA45,
    0xF265, 0xF265, 0xD1A2, 0xF2E8, 0xC163, 0xC983, 0xB142, 0xB942, 0xC963, 0xE204, 0xEA04, 0xEA24,
    0xB962, 0xB942, 0xD182, 0xD9A3, 0xEA24, 0xE204, 0xE1E4, 0xD1A2, 0xD9A3, 0xE1C3, 0xD183, 0xD183,
    0xB942, 0xD183, 0xC163, 0xD163, 0xC983, 0xD9A3, 0xE1A4, 0xD9C4, 0xE1C4, 0xC183, 0xB942, 0xD183,
    0xD1A4, 0xD1A3, 0xC963, 0xC163, 0xB142, 0xEA25, 0xD983, 0xD1A4, 0xD1A3, 0xC162, 0xD183, 0xD9C3,
    0xEA45, 0xEA45, 0xF287, 0xE225, 0xE204, 0xE1C3, 0xC982, 0xD9C3, 0xF246, 0xF2A6, 0xD9A3, 0xC142,
    0xA121, 0xA922, 0xC142, 0xD183, 0xD9A3, 0xD182, 0xD182, 0xD183, 0xC962, 0xD182, 0xD9C3, 0xE1E4,
    0xC162, 0xA921, 0xA921, 0xB941, 0xC982, 0xA121, 0x90E1, 0xA941, 0xA122, 0xB121, 0xB941, 0xA921,
    0xB942, 0xA922, 0xC162, 0xC963, 0xB142, 0xA121, 0x88E1, 0xC162, 0xB942, 0xC961, 0xD181, 0xD182,
    0xD182, 0xC161, 0xC961, 0xD9A2, 0xC962, 0xC161, 0xD982, 0xD9A3, 0xB142, 0xD182, 0xEA24, 0xEA25,
    0xD183, 0xD183, 0xC142, 0xD9A3, 0xC962, 0xD9A3, 0xE204, 0xE1E4, 0xD9C3, 0xB942, 0xD983, 0xC962,
    0xC142, 0xC982, 0xC982, 0xC142, 0xD181, 0xC981, 0xC961, 0xC162, 0xD182, 0xD182, 0xD982, 0xD182,
    0xD9A3, 0xD1A2, 0xEA04, 0xE1E4,
    0xE1E3, 0xD1C3, 0xC1A2, 0xD9E3, 0xE203, 0xD9E3, 0xD9E3, 0xD9E3, 0xC182, 0xC182, 0xD1A2, 0xD1C2,
    0xC182, 0xC9A3, 0xC9A3, 0xD1C3, 0xC182, 0xC182, 0xD1C3, 0xEA45, 0xE204, 0xE1E3, 0xEA65, 0xEA65,
    0xF2A6, 0xEA44, 0xE224, 0xF348, 0xF285, 0xEA45, 0xEA64, 0xD9E3, 0xC162, 0xD9C3, 0xE224, 0xD1A2,
    0xE224, 0xE203, 0xD9C2, 0xC9A2, 0xD9E3, 0xD9C3, 0xC9A2, 0xC982, 0xD9A3, 0xD1A2, 0xD9C2, 0xD9C3,
    0xC9A2, 0xC9A2, 0xC1A2, 0xD1A3, 0xC9A3, 0xC9A2, 0xD1A3, 0xC182, 0xC982, 0xD1A2, 0xC9A3, 0xD1C3,
    0xD1C3, 0xD1C3, 0xD1A3, 0xD1A3, 0xD1C3, 0xD9C3, 0xD1C3, 0xD1A3, 0xD1A3, 0xD9C3, 0xE204, 0xD1A2,
    0xC9A2, 0xA141, 0xD1C3, 0xE1E3, 0xD1C3, 0xD1C3, 0xD9C2, 0xC9A2, 0xD1A3, 0xD1C3, 0xB982, 0xC1A3,
    0xC182, 0xC182, 0xC9A3, 0xC183, 0xE204, 0xC9A3, 0xC9A3, 0xC9A2, 0xA941, 0xE285, 0xB982, 0xB162,
    0xC9A2, 0xB981, 0xA962, 0x9120, 0xA962, 0xB982, 0xA941, 0xD1C2, 0xD1C2, 0xE244, 0xA940, 0xC9A2,
    0xEA44, 0xD9E3, 0xC1A1, 0xC1A2, 0xC9A2, 0xC9A2, 0xC182, 0xA961, 0xD9E3, 0xC9C3, 0xC1A2, 0xEA64,
    0xFB08, 0xEAC7, 0xD9E4, 0xFB69, 0xD9E4, 0xD1A3, 0xB162, 0xB982, 0xD9A3, 0xEA65, 0xEA86, 0xD225,
    0xB182, 0xB982, 0xDA04, 0xE204, 0xF285, 0xEA45, 0xF2A6, 0xEA24, 0xE224, 0xE1E3, 0xD9C3, 0xD9C3,
    0xC183, 0xD1C3, 0xC183, 0xD9C3, 0xC9A3, 0xEA24, 0xF2A7, 0xE245, 0xEA25, 0xDA04, 0xB162, 0xE1E4,
    0xE204, 0xDA04, 0xD1A3, 0xC1A3, 0xD9E4, 0xDA25, 0xD1A3, 0xC1A3, 0xE204, 0xD1C3, 0xD9C3, 0xD9E4,
    0xF265, 0xFB28, 0xF2A5, 0xE1E4, 0xD9C3, 0xD1C3, 0xE1E3, 0xEA44, 0xFAC6, 0xEA44, 0xE203, 0xB982,
    0xA942, 0xB982, 0xB982, 0xE203, 0xE1E3, 0xE1E2, 0xD1A2, 0xD9E3, 0xD9C3, 0xC9A2, 0xE203, 0xEA65,
    0xC182, 0xA141, 0xB981, 0xB981, 0xD1C3, 0xB162, 0x9921, 0xA141, 0xC182, 0xC182, 0xB162, 0xC182,
    0xC9A2, 0xB982, 0xB983, 0xB983, 0xB162, 0xA962, 0x9121, 0xC182, 0xD1C2, 0xC181, 0xC9A1, 0xE203,
    0xD9C2, 0xB161, 0xE202, 0xD9C2, 0xC9A1, 0xC1A1, 0xD1A2, 0xE1E3, 0xC9A2, 0xD1A2, 0xE1E3, 0xF285,
    0xD9E3, 0xD9E3, 0xB982, 0xD1C3, 0xD1C3, 0xE204, 0xE244, 0xE203, 0xD9E3, 0xD1A3, 0xD9E3, 0xD9C3,
    0xC9A2, 0xC9A2, 0xC9A2, 0xC9A2, 0xD9E2, 0xD1C2, 0xD1C2, 0xD1A2, 0xC9A2, 0xE1E2, 0xD9E2, 0xD9C2,
    0xE1E3, 0xE224, 0xEA44, 0xEA44,
    0xDA03, 0xC1C2, 0xC9C2, 0xDA24, 0xD1E3, 0xEA44, 0xE203, 0xE224, 0xC9C2, 0xC9C3, 0xD1E3, 0xD9E2,
    0xD1E2, 0xD1E2, 0xD9E3, 0xD1E3, 0xD1E3, 0xC1C3, 0xDA04, 0xEA65, 0xEA64, 0xF285, 0xF2E6, 0xF2C6,
    0xFB07, 0xF2A5, 0xF2A5, 0xFB89, 0xFB06, 0xEA85, 0xF2C6, 0xE243, 0xDA03, 0xEA65, 0xEA64, 0xE223,
    0xE223, 0xE244, 0xD1E2, 0xD9E2, 0xE203, 0xDA23, 0xD1C2, 0xC9C3, 0xD9E3, 0xD1E2, 0xD9E3, 0xD9E3,
    0xD1C3, 0xB182, 0xD1C3, 0xD1C3, 0xD9E3, 0xD1E3, 0xC9E2, 0xC1C2, 0xC1C2, 0xC9C2, 0xC9C2, 0xD1E3,
    0xC1A2, 0xD1E3, 0xD1E3, 0xC1A2, 0xC9C3, 0xC9C3, 0xC9C3, 0xD1C3, 0xC9C3, 0xD9E3, 0xE203, 0xDA03,
    0xDA03, 0xB9A2, 0xD9E3, 0xE223, 0xD9E3, 0xDA03, 0xE203, 0xE223, 0xDA03, 0xEA24, 0xD1C3, 0xC9C2,
    0xC9C3, 0xC9C3, 0xC9C3, 0xD1C3, 0xE203, 0xD9E3, 0xC9C3, 0xB9A1, 0x9141, 0xDA85, 0xC1A2, 0xC1A2,
    0xC9C2, 0xB9A1, 0xB9A2, 0x9161, 0xB1A2, 0xB9A2, 0xC1A3, 0xC9C2, 0xDA02, 0xF2C5, 0xB9C0, 0x9141,
    0xF285, 0xD1E3, 0xD9E2, 0xC1A2, 0xD1E2, 0xD1E2, 0xB9A2, 0xC9C2, 0xD1E2, 0xE203, 0xDA65, 0xFB47,
    0xFB68, 0xF348, 0xF2C6, 0xF2E7, 0xD1E3, 0xC1C3, 0xB182, 0xC1A3, 0xD1C3, 0xF2C6, 0xEB89, 0xD204,
    0xC1C2, 0xB1A3, 0xEA44, 0xEA44, 0xF2A6, 0xEA85, 0xFB07, 0xF2C5, 0xE224, 0xE224, 0xDA04, 0xDA04,
    0xDA03, 0xC9C3, 0xC9C3, 0xDA03, 0xC9C2, 0xF2A6, 0xFBCA, 0xF2E6, 0xF286, 0xF285, 0xE224, 0xEA65,
    0xE224, 0xE245, 0xD1E3, 0xC9E3, 0xEA45, 0xE244, 0xD1E3, 0xE204, 0xE224, 0xD9E3, 0xD9E3, 0xE224,
    0xF2A5, 0xFB27, 0xF306, 0xEA64, 0xE223, 0xB9A2, 0xE203, 0xEA64, 0xFB88, 0xF2E6, 0xE223, 0xD9E3,
    0xC1A3, 0xB9A2, 0xC1C2, 0xE223, 0xEA43, 0xEA43, 0xD9E2, 0xE243, 0xDA44, 0xC9C3, 0xEA44, 0xEA44,
    0xC1A2, 0xB9A2, 0xC1C2, 0xB1A2, 0xD1E3, 0xC1C2, 0xA161, 0xB9A2, 0xC9C3, 0xB9A2, 0xC1C3, 0xD1E3,
    0xC9C2, 0xD1C3, 0xA162, 0xB9A2, 0xD1E3, 0xB9A3, 0xA982, 0xC1C2, 0xD1E1, 0xC1C1, 0xD9E1, 0xE243,
    0xE203, 0xC9C2, 0xB9A1, 0xE202, 0xD1E2, 0xE202, 0xDA02, 0xDA02, 0xD1E2, 0xC9A2, 0xDA03, 0xFB27,
    0xE224, 0xE224, 0xD9E3, 0xD1E3, 0xC1C3, 0xEA44, 0xEA44, 0xEA44, 0xD1C3, 0xD203, 0xF285, 0xD9E3,
    0xD1C2, 0xD1C2, 0xE223, 0xDA02, 0xE223, 0xE243, 0xDA02, 0xEA43, 0xB9A2, 0xEA43, 0xEA43, 0xDA03,
    0xEA43, 0xEA64, 0xF285, 0xF285,
    0xDA23, 0xC1C2, 0xCA03, 0xEA64, 0xDA04, 0xEAA5, 0xEA44, 0xE224, 0xE223, 0xB9C2, 0xC9E3, 0xDA03,
    0xD1E2, 0xC9E3, 0xE223, 0xDA03, 0xDA03, 0xD203, 0xE244, 0xF2C6, 0xEAA5, 0xF2A5, 0xF2E5, 0xF2C6,
    0xF327, 0xFB06, 0xF306, 0xF388, 0xF388, 0xF2A5, 0xF306, 0xEA43, 0xEA64, 0xF2E7, 0xEA64, 0xF2A5,
    0xE264, 0xE223, 0xDA23, 0xE223, 0xEA44, 0xDA22, 0xC1C2, 0xD203, 0xE223, 0xE223, 0xD1E3, 0xD1E3,
    0xDA03, 0xB9C2, 0xC9E2, 0xC9E3, 0xC9E3, 0xD1E3, 0xD1E2, 0xC9E2, 0xD203, 0xC9C3, 0xD203, 0xD1E3,
    0xD203, 0xC9C2, 0xC1C2, 0xC1C2, 0xCA03, 0xC9E2, 0xC9E3, 0xC9E3, 0xD1E3, 0xDA03, 0xE223, 0xE224,
    0xDA04, 0xC9E3, 0xD223, 0xE224, 0xE223, 0xE244, 0xE244, 0xEA85, 0xEA64, 0xD204, 0xD203, 0xC9E3,
    0xD1E2, 0xC1E2, 0xDA03, 0xD1E3, 0xE244, 0xE223, 0xD203, 0xC1E1, 0xA9A1, 0xE244, 0xDA23, 0xC1E2,
    0xE243, 0xD202, 0xC1C2, 0xB9C2, 0xB1C2, 0xB9C2, 0xC1C3, 0xC9E2, 0xDA02, 0xF42B, 0xB1C1, 0x9161,
    0xFAE6, 0xD1E3, 0xC9E3, 0xE243, 0xD202, 0xC9E2, 0xC1C2, 0xD1E2, 0xC9E2, 0xDA03, 0xEB27, 0xF40B,
    0xF40B, 0xF328, 0xFB68, 0xFBEA, 0xC1C2, 0xC1C2, 0xA182, 0xB9A2, 0xC9C3, 0xE2E6, 0xFC0B, 0xEA45,
    0xD1E3, 0xC1C3, 0xEA44, 0xEA65, 0xF2A5, 0xF2A5, 0xF2E6, 0xF2C5, 0xE224, 0xE264, 0xEA64, 0xDA24,
    0xD203, 0xD203, 0xDA03, 0xC9C2, 0xEA44, 0xFBC9, 0xFBEB, 0xFBA9, 0xF2A6, 0xF2E6, 0xF2A6, 0xF2A5,
    0xF285, 0xF2A6, 0xD203, 0xDA23, 0xE244, 0xF2E6, 0xD1E3, 0xDA23, 0xEA64, 0xE244, 0xD202, 0xF284,
    0xF2A5, 0xF2C5, 0xF367, 0xFAE5, 0xE223, 0xDA03, 0xE223, 0xF2A5, 0xFBC9, 0xFB88, 0xDA03, 0xEA44,
    0xC9E3, 0xB9C2, 0xD203, 0xEA43, 0xF284, 0xF284, 0xEA43, 0xEA64, 0xE283, 0xCA03, 0xF284, 0xEA84,
    0xDA03, 0xE263, 0xC1E2, 0xD202, 0xE224, 0xC9E2, 0x9161, 0xA9A2, 0xD202, 0xC1C2, 0xD202, 0xD1E3,
    0xC1C3, 0xD1E3, 0xC1E2, 0xD203, 0xD203, 0xB9C2, 0xB1A2, 0xE223, 0xE222, 0xD1E2, 0xEA62, 0xEA63,
    0xE202, 0xC9E2, 0xC9E1, 0xE221, 0xDA01, 0xE222, 0xDA22, 0xE243, 0xC9E2, 0xD1E2, 0xEB06, 0xF2C4,
    0xEA43, 0xE223, 0xEA64, 0xDA03, 0xD1E3, 0xE224, 0xEA64, 0xE244, 0xC9E3, 0xDA44, 0xFB47, 0xE264,
    0xD1E3, 0xE243, 0xE222, 0xDA22, 0xE243, 0xEA84, 0xEA64, 0xEA64, 0xDA23, 0xEA43, 0xEA63, 0xE244,
    0xEA64, 0xF2A4, 0xFAE6, 0xF2C5,
    0xE284, 0xD203, 0xD223, 0xE264, 0xE244, 0xEAA5, 0xEA85, 0xD224, 0xF326, 0xB9E2, 0xDA23, 0xF306,
    0xEAA4, 0xDA43, 0xEA64, 0xE263, 0xE264, 0xE244, 0xE244, 0xF306, 0xF2E6, 0xEA84, 0xF2A4, 0xF2C5,
    0xF387, 0xF2E5, 0xF346, 0xF3C8, 0xFBC8, 0xF306, 0xFB67, 0xEA83, 0xEA63, 0xF327, 0xF2A4, 0xFB05,
    0xFB06, 0xF2A5, 0xE264, 0xEA84, 0xF2C5, 0xE243, 0xB1C2, 0xE243, 0xEA63, 0xEA84, 0xDA23, 0xCA03,
    0xD223, 0xCA02, 0xCA03, 0xD223, 0xCA02, 0xCA23, 0xDA23, 0xD222, 0xD223, 0xB9E2, 0xD203, 0xC1E2,
    0xC1E3, 0xB9E2, 0xC1E3, 0xCA03, 0xCA02, 0xCA02, 0xC1E2, 0xCA03, 0xD223, 0xDA43, 0xDA23, 0xDA44,
    0xCA03, 0xCA23, 0xCA44, 0xCA23, 0xE244, 0xE244, 0xD223, 0xE243, 0xF2E6, 0xD203, 0xCA23, 0xCA03,
    0xD222, 0xC1E2, 0xE244, 0xD223, 0xEA84, 0xEA83, 0xDA43, 0xD222, 0xB9E1, 0xE284, 0xE284, 0xD223,
    0xE263, 0xDA43, 0xB1C1, 0xCA03, 0xC203, 0xB9E2, 0xC1E2, 0xD203, 0xE242, 0xFC6C, 0x8161, 0xC202,
    0xF2A5, 0xD223, 0xB9E3, 0xEA63, 0xDA43, 0xCA23, 0xCA03, 0xD223, 0xCA03, 0xEA64, 0xFBA8, 0xFC6C,
    0xFC8D, 0xF3EA, 0xFC0A, 0xFC8D, 0xEAA4, 0xD223, 0xC203, 0xCA03, 0xE224, 0xEB69, 0xFCCE, 0xF307,
    0xC1E2, 0xC203, 0xE264, 0xEA64, 0xF2C5, 0xF2E5, 0xF2E5, 0xF2E5, 0xEA64, 0xE244, 0xE264, 0xE264,
    0xE244, 0xCA03, 0xE244, 0xE243, 0xF2A5, 0xF3E9, 0xF42B, 0xFC0B, 0xF327, 0xF2C6, 0xF2C6, 0xEAA5,
    0xEA84, 0xF2E6, 0xDA64, 0xD223, 0xEA84, 0xEAC5, 0xDA23, 0xF284, 0xE264, 0xEA84, 0xD221, 0xEAC4,
    0xF2C4, 0xF387, 0xF387, 0xF305, 0xE243, 0xC1E3, 0xDA43, 0xF2E5, 0xF3E9, 0xF3A8, 0xF2C5, 0xF2A5,
    0xCA23, 0xB9E3, 0xCA03, 0xF2A4, 0xF2A4, 0xFB46, 0xE264, 0xEAA4, 0xEA84, 0xE264, 0xF2E5, 0xF2A4,
    0xEAA4, 0xD262, 0xDA43, 0xE243, 0xDA43, 0xDA42, 0xA9C2, 0x9981, 0xD222, 0xC202, 0xC202, 0xCA03,
    0xB1C2, 0xE264, 0xD223, 0xDA84, 0xB1C3, 0xCA03, 0xA9C2, 0xE263, 0xDA42, 0xE242, 0xF2A3, 0xEA63,
    0xE243, 0xC1E2, 0xE243, 0xE262, 0xDA21, 0xDA23, 0xEA63, 0xF2A4, 0xCA03, 0xEA64, 0xFB87, 0xF305,
    0xF2E5, 0xD223, 0xE264, 0xDA44, 0xCA03, 0xDA44, 0xF2A5, 0xEA63, 0xD223, 0xF284, 0xFB46, 0xEA84,
    0xE243, 0xEA83, 0xEAA4, 0xEAA4, 0xEA83, 0xE263, 0xEA84, 0xEA84, 0xEA84, 0xF2A4, 0xF2E5, 0xEA84,
    0xF2A4, 0xF2C5, 0xF327, 0xFB26,
    0xF2C5, 0xDA64, 0xD243, 0xDA64, 0xB1E3, 0xF2C5, 0xEAA4, 0xDA43, 0xEAE5, 0xE283, 0xDA63, 0xF346,
    0xFB26, 0xF2C4, 0xCA43, 0xEAA4, 0xEAA4, 0xEAA4, 0xEAC5, 0xF306, 0xFBC8, 0xF2C4, 0xF325, 0xF325,
    0xF325, 0xF325, 0xFB66, 0xF386, 0xF3C7, 0xF346, 0xF2E4, 0xFAE4, 0xEAA3, 0xF2E5, 0xF2E5, 0xFB66,
    0xFB26, 0xF305, 0xEAA4, 0xF2E5, 0xFB46, 0xDA83, 0xC222, 0xE283, 0xF2A4, 0xEA83, 0xEAA4, 0xE263,
    0xD243, 0xD242, 0xCA43, 0xCA23, 0xCA23, 0xC223, 0xCA42, 0xD243, 0xC222, 0xBA03, 0xCA23, 0xC223,
    0xBA02, 0xB202, 0xCA23, 0xC223, 0xC223, 0xC223, 0xBA03, 0xBA03, 0xC203, 0xCA23, 0xD243, 0xDA63,
    0xCA23, 0xCA23, 0xD243, 0xDA63, 0xE284, 0xE284, 0xE284, 0xD243, 0xEAC5, 0xD243, 0xD243, 0xC223,
    0xC223, 0xD243, 0xDA63, 0xDA63, 0xE283, 0xEB46, 0xDA42, 0x99C1, 0x99C1, 0xDA84, 0xE284, 0xD243,
    0xE283, 0xE283, 0xA1C1, 0xD263, 0xC222, 0xB9E3, 0xCA43, 0xCA22, 0xEAA3, 0xFC09, 0xAA84, 0xEA84,
    0xF2C5, 0xDA64, 0xCA43, 0xEAC5, 0xE283, 0xC222, 0xD243, 0xCA43, 0xE284, 0xF2E5, 0xFC2A, 0xFCCD,
    0xFC6C, 0xFC4A, 0xFC6C, 0xFD0F, 0xEAC5, 0xC223, 0xCA43, 0xC223, 0xDA43, 0xFBC9, 0xFC8C, 0xF347,
    0xB1E2, 0xCA23, 0xEA84, 0xE283, 0xF2C5, 0xF2E5, 0xF305, 0xF305, 0xD263, 0xD264, 0xDA64, 0xF2A5,
    0xC203, 0xE2C5, 0xEAA4, 0xEA84, 0xFB88, 0xF3C9, 0xF42B, 0xF388, 0xFB67, 0xF2E5, 0xF306, 0xE2A4,
    0xDA43, 0xEAC5, 0xEA84, 0xD243, 0xF2E5, 0xF2C4, 0xE2A4, 0xD264, 0xEAA4, 0xEAA4, 0xA9E0, 0xEA82,
    0xF304, 0xFC09, 0xFBE8, 0xFB25, 0xEAA3, 0xB202, 0xE284, 0xF305, 0xFBE9, 0xF3E8, 0xFBA7, 0xEAC5,
    0xD243, 0xBA02, 0xBA01, 0xEAA4, 0xF2E4, 0xFB46, 0xF2C4, 0xDA63, 0xF2A4, 0xEAA4, 0xF326, 0xF345,
    0xF325, 0xDA63, 0xEA84, 0xBA02, 0xDAA3, 0xE2A4, 0xA9C2, 0xA1C1, 0xD242, 0xCA43, 0xCA43, 0xCA42,
    0xCA22, 0xF2C5, 0xD243, 0xCA23, 0xC203, 0xCA43, 0xB202, 0xEA83, 0xE282, 0xE282, 0xEAA3, 0xF2C4,
    0xE283, 0xBA01, 0xDA63, 0xEAA3, 0xDA82, 0xE283, 0xEAC4, 0xF2E4, 0xDA63, 0xF2E4, 0xF366, 0xF387,
    0xFB25, 0xDA64, 0xDA64, 0xEAC4, 0xCA43, 0xE284, 0xEAA4, 0xEAA4, 0xCA43, 0xF305, 0xE2C5, 0xF2A4,
    0xEA84, 0xF305, 0xF305, 0xFB26, 0xEAA3, 0xEAA3, 0xEA83, 0xEAA4, 0xEAC4, 0xEAA4, 0xF305, 0xEAA4,
    0xF2C4, 0xF305, 0xF388, 0xF346,
    0xEAA5, 0xD283, 0xC243, 0xCA63, 0xC244, 0xF305, 0xEAA5, 0xEAC5, 0xDA84, 0xD263, 0xDAA4, 0xF2C5,
    0xEAA5, 0xEAA4, 0xDA83, 0xEAC4, 0xF2E5, 0xEAE5, 0xFB05, 0xFB25, 0xF345, 0xFB25, 0xF345, 0xFB45,
    0xF325, 0xF345, 0xF345, 0xF345, 0xFBA7, 0xFB45, 0xF2C4, 0xFB24, 0xF304, 0xF2E4, 0xF2E5, 0xF386,
    0xFB65, 0xF2E4, 0xE2C4, 0xF305, 0xFB45, 0xDA83, 0xCA43, 0xEAE4, 0xEAE4, 0xD263, 0xF2E4, 0xDAA3,
    0xD263, 0xD263, 0xD263, 0xCA43, 0xCA63, 0xBA22, 0xBA22, 0xBA22, 0xBA23, 0xCA43, 0xC243, 0xCA43,
    0xBA23, 0xBA43, 0xBA23, 0xC223, 0xC243, 0xBA23, 0xB202, 0xA9E2, 0xC243, 0xCA63, 0xDA64, 0xD263,
    0xCA43, 0xC243, 0xDA84, 0xD283, 0xE2A4, 0xE2A4, 0xEAC4, 0xD283, 0xD243, 0xDA83, 0xCA63, 0xC243,
    0xBA02, 0xCA42, 0xDAA4, 0xDA83, 0xCA43, 0xE2E4, 0xD282, 0xB222, 0xAA02, 0xDA84, 0xEAC4, 0xC243,
    0xDA83, 0xDAA3, 0xB203, 0xCA63, 0xBA22, 0xBA22, 0xCA43, 0xCA63, 0xEAA3, 0xFC6B, 0xD325, 0xE2A4,
    0xF2E5, 0xE2A4, 0xDA84, 0xF2E5, 0xEAA4, 0xD2A4, 0xC243, 0xE284, 0xE2A4, 0xEAE5, 0xFC09, 0xFD0F,
    0xFC4A, 0xFC6B, 0xFCAC, 0xFD0E, 0xEB05, 0xC243, 0xBA23, 0xB203, 0xD263, 0xFB87, 0xFC6B, 0xF3A8,
    0xC223, 0xCA64, 0xEAA4, 0xEAC4, 0xF2E5, 0xF305, 0xF305, 0xF2C4, 0xD264, 0xDA84, 0xEAC5, 0xEAC5,
    0xC2C5, 0xEAC5, 0xEAC4, 0xEAC4, 0xFC2A, 0xF44B, 0xF409, 0xFBE9, 0xFB87, 0xEAC4, 0xF325, 0xEAC4,
    0xEAA4, 0xF2E4, 0xE2A4, 0xEAA4, 0xFB25, 0xF304, 0xEAE4, 0xCA63, 0xEAC4, 0xEAC4, 0xAA01, 0xDA82,
    0xF304, 0xF429, 0xFCAC, 0xDB05, 0xEAA3, 0xCA63, 0xD283, 0xF2E5, 0xFCAC, 0xFCCC, 0xF387, 0xD284,
    0xCA42, 0xBA22, 0xBA22, 0xDA83, 0xFB86, 0xFB65, 0xF304, 0xDA83, 0xF2E5, 0xF2C4, 0xF2E5, 0xFBA7,
    0xF325, 0xF2C4, 0xEAA4, 0xB202, 0xFBA7, 0xF325, 0x99E1, 0xA9E1, 0xD263, 0xD263, 0xCA62, 0xD262,
    0xD263, 0xEAC4, 0xDAA3, 0xCA42, 0xD263, 0xB202, 0xDA83, 0xE2C4, 0xF2E3, 0xE2A2, 0xEAE4, 0xFB04,
    0xDA84, 0xC242, 0xCA62, 0xE2C3, 0xDA83, 0xEAC4, 0xEAA3, 0xF2E4, 0xDA63, 0xF2E4, 0xF366, 0xF366,
    0xF2C4, 0xDA84, 0xBA22, 0xE2A4, 0xE2A4, 0xEAA4, 0xDA83, 0xE2A3, 0xDA84, 0xF325, 0xDAC4, 0xEAC4,
    0xEAE4, 0xEB25, 0xF2E4, 0xEAC4, 0xF2E4, 0xF325, 0xF2E4, 0xEAC4, 0xF2C5, 0xEAE4, 0xF2E4, 0xEAC4,
    0xF387, 0xEB46, 0xFC6B, 0xFB66,
    0xF2E5, 0xCA83, 0xB243, 0xC263, 0xC243, 0xFBA6, 0xEAC5, 0xEB46, 0xD263, 0xA202, 0xE2E4, 0xF325,
    0xF2E4, 0xEAE5, 0xE2C4, 0xEAC4, 0xEB04, 0xEAE4, 0xE2C4, 0xF326, 0xFBC7, 0xF345, 0xFB66, 0xF304,
    0xFB24, 0xF324, 0xF365, 0xF3A5, 0xFB85, 0xFB85, 0xF344, 0xF304, 0xF304, 0xEAE4, 0xEAE4, 0xFBC7,
    0xF325, 0xF2E4, 0xD283, 0xF304, 0xFB44, 0xE2E4, 0xCA63, 0xF304, 0xEAE4, 0xE2E3, 0xF325, 0xE2C4,
    0xEAC4, 0xD283, 0xDAA3, 0xDAA3, 0xBA43, 0xCA83, 0xCA83, 0xBA43, 0xC263, 0xC243, 0xBA22, 0xC263,
    0xBA43, 0xBA42, 0xB222, 0xBA43, 0xC263, 0xBA43, 0xB222, 0xAA02, 0xD283, 0xCA83, 0xD284, 0xD284,
    0xD284, 0xCA83, 0xDAA4, 0xD284, 0xDAA4, 0xE2C4, 0xE2C4, 0xD283, 0xCA83, 0xDAC4, 0xC263, 0xC243,
    0xBA42, 0xD283, 0xE2C4, 0xD283, 0xA1E1, 0xEAC3, 0xD2C3, 0xBA63, 0xC263, 0xD2A3, 0xF346, 0xCA83,
    0xDAA4, 0xCA63, 0xBA43, 0xCA83, 0xC263, 0xAA01, 0xC243, 0xB202, 0xE387, 0xFCCD, 0xCB67, 0xDAA4,
    0xE2C4, 0xDAA4, 0xDAA4, 0xEAC4, 0xF325, 0xCA84, 0xB223, 0xDAA4, 0xDAC4, 0xDAC5, 0xFBE7, 0xFC8C,
    0xFBE8, 0xFCAC, 0xFD0E, 0xFD70, 0xF366, 0xD283, 0xBA43, 0xBA43, 0xDAA4, 0xF387, 0xFD0E, 0xFBC8,
    0xB223, 0xD284, 0xE2C4, 0xE2C3, 0xF304, 0xF345, 0xFB65, 0xEAE4, 0xDAA4, 0xE2C5, 0xE2C5, 0xD2C4,
    0xF346, 0xF305, 0xEAE5, 0xF305, 0xF3E8, 0xFCAC, 0xF3A7, 0xFC29, 0xF345, 0xEAE4, 0xF304, 0xE2A4,
    0xF366, 0xF325, 0xF325, 0xEAC4, 0xF324, 0xF365, 0xFB24, 0xEB04, 0xF325, 0xEAE4, 0xD282, 0xCA81,
    0xF345, 0xFC8B, 0xFCCC, 0xE304, 0xEAC3, 0xCA83, 0xDAA4, 0xFB46, 0xFC6B, 0xFCAC, 0xF366, 0xEB04,
    0xC262, 0xB242, 0xA201, 0xD2C4, 0xFC08, 0xF3A7, 0xFB45, 0xF304, 0xFB45, 0xF2E4, 0xE2C4, 0xFB65,
    0xF325, 0xFB66, 0xCA83, 0xC243, 0xFBA6, 0xFB45, 0xAA02, 0xAA22, 0xD2A2, 0xDAA3, 0xCA62, 0xBA42,
    0xCA83, 0xEAE3, 0xE2C3, 0xD2A3, 0xDAA4, 0xAA22, 0xD2A3, 0xE304, 0xF324, 0xEAE3, 0xFB86, 0xFB25,
    0xDA83, 0xC263, 0xC242, 0xE2E3, 0xE2A3, 0xEAE3, 0xF2E4, 0xF304, 0xEAE4, 0xF303, 0xFBC7, 0xF366,
    0xE2C3, 0xBA43, 0xAA02, 0xEAE4, 0xD284, 0xEAE4, 0xDAA3, 0xDAA4, 0xEAE4, 0xF305, 0xEAE4, 0xE2C4,
    0xEB45, 0xE2C4, 0xF304, 0xEAC4, 0xF304, 0xFBA7, 0xF346, 0xF304, 0xEAC4, 0xF304, 0xFBC7, 0xDAA4,
    0xF3A8, 0xF3A7, 0xFCAC, 0xF366,
    0xEB05, 0xB263, 0xBA63, 0xD2A4, 0xE2E4, 0xF3A6, 0xE2E4, 0xEB45, 0xBA63, 0xA202, 0xCAA3, 0xFB86,
    0xF324, 0xEB04, 0xE304, 0xF365, 0xDAC4, 0xEB04, 0xE304, 0xF366, 0xF3C6, 0xF366, 0xF344, 0xFB65,
    0xF324, 0xF344, 0xF385, 0xF3A6, 0xF363, 0xFBE7, 0xF344, 0xEB04, 0xEB04, 0xEB24, 0xDAE4, 0xFC07,
    0xE344, 0xF344, 0xD2A3, 0xEB24, 0xEB23, 0xF344, 0xDAC3, 0xE2E3, 0xE2E4, 0xE2E3, 0xE2E4, 0xD2A3,
    0xEB04, 0xC283, 0xD2A3, 0xDAC3, 0xBA62, 0xC283, 0xC283, 0xC283, 0xC283, 0xBA43, 0xAA23, 0xBA63,
    0xC263, 0xAA42, 0xBA62, 0xB242, 0xCAA3, 0xBA63, 0xA1E2, 0xAA23, 0xC283, 0xCA83, 0xD2A3, 0xD2C4,
    0xD2A4, 0xD2A4, 0xE2E4, 0xEB24, 0xCAA3, 0xDAE4, 0xCAA4, 0xD2A4, 0xBA63, 0xC263, 0xCA83, 0xCAA4,
    0xCA83, 0xD2A4, 0xE2E4, 0xC263, 0xCA83, 0xDAC3, 0xDAC3, 0xD2A4, 0xB242, 0xE305, 0xF3E7, 0xDAE4,
    0xDAC4, 0xC283, 0xBA63, 0xC283, 0xCAA3, 0x9A01, 0xC283, 0xA202, 0xDBC7, 0xFC8A, 0xDBA7, 0xD2C3,
    0xDAE4, 0xD2C4, 0xE304, 0xE304, 0xEB65, 0xBA43, 0xC263, 0xCAC4, 0xE2E4, 0xEB25, 0xF407, 0xF449,
    0xFC29, 0xFCAB, 0xFCEC, 0xFDD1, 0xF408, 0xDAC3, 0xCA83, 0xB243, 0xEB04, 0xEB45, 0xFD4F, 0xFC29,
    0xB243, 0xDAE4, 0xE2E4, 0xCAA3, 0xF325, 0xF386, 0xF365, 0xE2E4, 0xD2C4, 0xDAC4, 0xE2E5, 0xDAC4,
    0xEB05, 0xE305, 0xEB05, 0xF386, 0xFC4A, 0xFC8B, 0xF408, 0xFBC7, 0xFB45, 0xF345, 0xEAE4, 0xDAE4,
    0xEB65, 0xEB25, 0xF365, 0xE2E3, 0xF344, 0xFBC6, 0xFB85, 0xF365, 0xF345, 0xCAA3, 0xDAC3, 0xE303,
    0xF385, 0xFCCB, 0xFD4F, 0xFBE6, 0xEB04, 0xC2A3, 0xDAC4, 0xF345, 0xFC49, 0xFCCC, 0xFBE7, 0xEB25,
    0xD2A3, 0xA221, 0x81A1, 0xCAC4, 0xFC28, 0xFBE8, 0xF345, 0xE2E4, 0xF305, 0xDAC3, 0xDAE4, 0xFB86,
    0xFB86, 0xEB66, 0xC283, 0xD2A4, 0xF304, 0xF325, 0xB242, 0xA221, 0xDAE3, 0xD2C3, 0xCA83, 0xBA62,
    0xE2E4, 0xE303, 0xE2E4, 0xDAE4, 0xCA83, 0xBA42, 0xB242, 0xCA83, 0xF386, 0xEAE4, 0xFB85, 0xF345,
    0xD2A3, 0xBA63, 0xB242, 0xEB04, 0xF305, 0xDAC3, 0xE304, 0xFB65, 0xE2E3, 0xF364, 0xFC49, 0xF3A6,
    0xDAC4, 0xAA42, 0xCA83, 0xE2E4, 0xD2C4, 0xE2E4, 0xCA83, 0xCA83, 0xE304, 0xF325, 0xE2C4, 0xEB24,
    0xF3A6, 0xEB46, 0xE2E4, 0xF325, 0xF365, 0xF3E7, 0xF344, 0xF385, 0xE2E4, 0xF304, 0xEB66, 0xD2A4,
    0xFB66, 0xFB86, 0xFC8B, 0xE346,
    0xD2E4, 0xBA63, 0xC2A3, 0xD2E4, 0xDB04, 0xDB03, 0xDB04, 0xF385, 0xBA83, 0x9A22, 0xAA62, 0xF384,
    0xF344, 0xEB44, 0xEB24, 0xEB44, 0xD2E4, 0xEB45, 0xEB24, 0xFBE7, 0xF385, 0xFB85, 0xF344, 0xFBA5,
    0xF365, 0xEB44, 0xFBC5, 0xF427, 0xF363, 0xFBC5, 0xEB23, 0xEB44, 0xEB23, 0xF344, 0xDB03, 0xF385,
    0xEB44, 0xEB44, 0xE303, 0xEB43, 0xE303, 0xEB43, 0xD2E3, 0xDB03, 0xDB03, 0xD2E3, 0xE324, 0xD2C3,
    0xDAE3, 0xCAA3, 0xCAC4, 0xD2C3, 0xBA83, 0xB262, 0xBA83, 0xB263, 0xB283, 0xAA43, 0xB263, 0xBA83,
    0xBA83, 0xB263, 0xB262, 0xB262, 0xC2A3, 0xBA82, 0xA223, 0xA223, 0xC2A3, 0xCAC4, 0xCAC3, 0xC2A3,
    0xC2A3, 0xB263, 0xE324, 0xE345, 0xD2E4, 0xCAC3, 0xC2A3, 0xC2A3, 0xAA42, 0xD2C3, 0xBA83, 0xD2C4,
    0xBA63, 0xC283, 0xE304, 0xAA62, 0xC283, 0xCAC3, 0xCAE4, 0xCAC3, 0xA242, 0xE325, 0xFC49, 0xD2E4,
    0xCAA3, 0xC2A3, 0x9A01, 0xAA62, 0xCAA3, 0xA222, 0xD2C3, 0xBA83, 0xE2E3, 0xF469, 0xF3C6, 0xCAC3,
    0xF365, 0xCAA4, 0xE324, 0xDB04, 0xEB24, 0xC2A3, 0xBA83, 0xDB24, 0xB283, 0xF365, 0xF3E7, 0xF469,
    0xFC69, 0xFCCB, 0xFCCB, 0xFDB0, 0xFC28, 0xE304, 0xDB04, 0xCAC4, 0xEB44, 0xF3E7, 0xFCAB, 0xFBC7,
    0xD2C4, 0xDB04, 0xDB04, 0xD2C3, 0xF345, 0xF386, 0xEB64, 0xDAE4, 0xD2C4, 0xD2C4, 0xDB05, 0xD2E5,
    0xDAE5, 0xD2E4, 0xE325, 0xFBA6, 0xFCCC, 0xF449, 0xFC29, 0xF3C6, 0xE325, 0xE304, 0xE304, 0xD2E4,
    0xD2C3, 0xEB24, 0xEB24, 0xEB44, 0xEB44, 0xFC69, 0xF407, 0xFBE6, 0xF364, 0xCAC3, 0xD2E3, 0xEB44,
    0xF3A5, 0xFD0C, 0xFD4E, 0xFC8A, 0xF345, 0xC2A3, 0xCAC4, 0xDB04, 0xFC6A, 0xFD0D, 0xFC6A, 0xE304,
    0xCAC2, 0xAA41, 0x9A01, 0xBA82, 0xFC48, 0xFBC7, 0xF365, 0xE304, 0xE305, 0xCAA3, 0xC2C3, 0xFBC6,
    0xF3A6, 0xEB24, 0xCAC3, 0xEB44, 0xEB24, 0xDB04, 0xC2A3, 0xA222, 0xDB03, 0xDAE4, 0xD2C3, 0xCAC3,
    0xDB23, 0xDB04, 0xEB24, 0xDB04, 0xD2E3, 0xBA82, 0x9A22, 0xC283, 0xEC08, 0xDAE3, 0xE304, 0xE324,
    0xCAC4, 0xAA43, 0xAA22, 0xE304, 0xEB45, 0xCAC3, 0xE304, 0xFBE6, 0xBAE3, 0xFC48, 0xFCCB, 0xF386,
    0xE324, 0xB263, 0xC2A3, 0xCAC4, 0xD2C4, 0xDB04, 0xC2A3, 0xBA83, 0xE304, 0xF3C6, 0xE304, 0xF344,
    0xFC08, 0xF428, 0xDAE4, 0xEB25, 0xFC08, 0xFBE6, 0xEB25, 0xF385, 0xEB24, 0xF345, 0xEB24, 0xCAC4,
    0xEB25, 0xF3A6, 0xFCEC, 0xEB66,
    0xCAE4, 0xAA63, 0xBAA3, 0xBAA3, 0xC2C4, 0xEBA5, 0xD304, 0xEB65, 0xCAC4, 0xA242, 0xA262, 0xE344,
    0xFBC6, 0xF3A5, 0xF385, 0xE365, 0xC2C3, 0xEB65, 0xF3A5, 0xFC07, 0xF385, 0xF384, 0xFBC6, 0xF3C5,
    0xFBC6, 0xF3A5, 0xFBE6, 0xF406, 0xEB43, 0xFBC4, 0xE343, 0xCAE3, 0xE323, 0xEB64, 0xE323, 0xD303,
    0xEB63, 0xE324, 0xEB44, 0xEB64, 0xE344, 0xDB23, 0xDB04, 0xD303, 0xDB03, 0xDB03, 0xEB64, 0xD2E4,
    0xD2E3, 0xDB04, 0xC2C3, 0xCAC4, 0xBAA3, 0xBAA3, 0xCAE4, 0xC2C3, 0xC2C3, 0xB263, 0xBAC4, 0xCAE4,
    0xBA83, 0xB283, 0xA243, 0xAA63, 0xBAA3, 0xC2A3, 0xBA83, 0xBAA3, 0xBAA3, 0xC2A3, 0xC2C3, 0xBAA3,
    0xBAA3, 0xA242, 0xDB44, 0xC2C3, 0xD304, 0xD303, 0xBAA2, 0xAA62, 0xB283, 0xDB25, 0xB283, 0xB2A3,
    0x9A22, 0xCAE4, 0xDB24, 0xC2C3, 0xBA83, 0xC2C3, 0xC2C3, 0xC2C3, 0xBAA3, 0xE366, 0xF428, 0xBAA3,
    0xDB24, 0xB2A3, 0x9201, 0xA242, 0xBA83, 0xB282, 0xDB23, 0xB282, 0xDB03, 0xF3E6, 0xEBC6, 0xC2C3,
    0xF3A5, 0xD304, 0xDB25, 0xE344, 0xE344, 0xB283, 0xB283, 0xD304, 0xBAA3, 0xF385, 0xFBE6, 0xF448,
    0xFC69, 0xFCAA, 0xFD2D, 0xFDAF, 0xFC48, 0xEB44, 0xDB24, 0xCAC3, 0xEB65, 0xFCAA, 0xFC8A, 0xF365,
    0xD304, 0xDB24, 0xEB65, 0xDB04, 0xF365, 0xF3A5, 0xF385, 0xDB24, 0xCAE4, 0xC2C4, 0xD304, 0xD2E5,
    0xD305, 0xE325, 0xDB25, 0xE345, 0xFC6A, 0xF428, 0xFC28, 0xF365, 0xDB25, 0xE324, 0xCAE3, 0xBA83,
    0xCAC3, 0xD304, 0xEB45, 0xEB84, 0xE385, 0xFCCB, 0xF427, 0xFBC5, 0xF364, 0xD2E3, 0xD2E3, 0xE344,
    0xF3C5, 0xFCEB, 0xFCCA, 0xF448, 0xE344, 0xBA83, 0xCAE3, 0xE344, 0xF428, 0xFCEC, 0xFCEC, 0xE344,
    0xC2C3, 0xAA62, 0x8A02, 0xC2E3, 0xFBC5, 0xF385, 0xF385, 0xDB04, 0xD325, 0xDB04, 0xC2C3, 0xF407,
    0xF3C6, 0xF385, 0xC2C3, 0xE345, 0xD303, 0xD304, 0xC2C4, 0xB283, 0xD303, 0xE344, 0xDB23, 0xCAE3,
    0xCAE3, 0xE324, 0xFB85, 0xE343, 0xDB23, 0xBAA3, 0xA242, 0xBAA3, 0xF364, 0xD303, 0xE324, 0xD304,
    0xC2C3, 0xA242, 0x9A22, 0xCAE4, 0xEB65, 0xCAC4, 0xDB24, 0xF385, 0xEBA5, 0xFC89, 0xFCEC, 0xF3C6,
    0xF385, 0xC2C3, 0xCAC4, 0xDB24, 0xDB24, 0xDB24, 0xCAE3, 0xBAA3, 0xD304, 0xFBC5, 0xE324, 0xF385,
    0xFBE7, 0xFBE6, 0xDB04, 0xC2C3, 0xF3C6, 0xF385, 0xEB65, 0xE324, 0xCAE3, 0xE344, 0xE324, 0xDB04,
    0xDB25, 0xFC48, 0xFCCB, 0xEB65,
    0xCB04, 0xA262, 0xAA83, 0xBAA3, 0xC2E4, 0xF3C5, 0xE344, 0xE345, 0xC2E3, 0xAA63, 0xAA63, 0xEBC4,
    0xF3C5, 0xE364, 0xF3A5, 0xC304, 0xBAC3, 0xF3A5, 0xF3C6, 0xF3C6, 0xF427, 0xF385, 0xFBC5, 0xFBE6,
    0xF406, 0xF3A4, 0xF3E6, 0xF3A4, 0xE383, 0xF3A4, 0xDB44, 0xBAA2, 0xDB43, 0xDB44, 0xEB84, 0xE364,
    0xE364, 0xE344, 0xE344, 0xE364, 0xE364, 0xDB43, 0xDB63, 0xD303, 0xD323, 0xD323, 0xE364, 0xCB03,
    0xCB03, 0xCB04, 0xCB03, 0xBAC3, 0xBAC4, 0xC2E4, 0xD304, 0xD304, 0xCB24, 0xA263, 0xC2E4, 0xC2E4,
    0xAA83, 0xB283, 0xAA83, 0x9222, 0xB2A2, 0xBAC3, 0xC2C4, 0xBAC3, 0xB2A3, 0xBAA3, 0xBAC3, 0xB283,
    0xB283, 0xAA63, 0xD324, 0xCB03, 0xD323, 0xDB43, 0xBAA3, 0xAA83, 0xC2E3, 0xD304, 0xC2E4, 0xB2A3,
    0x9222, 0xCB04, 0xD324, 0xCB04, 0xBAC3, 0xC2E4, 0xCB04, 0xDB24, 0xBAC3, 0xEC07, 0xF3E6, 0xBAC3,
    0xD324, 0xB2C3, 0xA262, 0xA262, 0xBAC3, 0xC2E3, 0xCB03, 0xB2A2, 0xD323, 0xF3A4, 0xEB84, 0xC2E3,
    0xF3C5, 0xCB03, 0xD304, 0xE364, 0xD343, 0xB283, 0xB2A3, 0xD304, 0xE364, 0xF3A5, 0xF406, 0xFC67,
    0xFCCA, 0xFCCA, 0xFD2C, 0xFD6D, 0xFC88, 0xE384, 0xDB65, 0xC303, 0xF3C5, 0xFCCA, 0xFC47, 0xEBA5,
    0xCAE4, 0xDB45, 0xEB65, 0xE365, 0xF3A5, 0xF3A5, 0xFBC5, 0xE365, 0xC2E4, 0xC2E4, 0xDB45, 0xE345,
    0xD305, 0xE365, 0xD324, 0xD304, 0xF48A, 0xF4CA, 0xFC48, 0xEB65, 0xCB04, 0xD325, 0xC2E3, 0xB2A3,
    0xCB04, 0xC2E3, 0xEB85, 0xFBC5, 0xFC88, 0xFCA9, 0xFC47, 0xF384, 0xE364, 0xD324, 0xCB03, 0xDB44,
    0xFBC4, 0xFCA9, 0xFDAF, 0xFC47, 0xE385, 0xB2A3, 0xD304, 0xC2E3, 0xF407, 0xFCEB, 0xFCCA, 0xE344,
    0xC2E3, 0xB282, 0x79C1, 0xCAE4, 0xFBC5, 0xF3A5, 0xF3C5, 0xBAA3, 0xCB04, 0xDB44, 0x79C1, 0xF3E6,
    0xFBE6, 0xEB85, 0xDB44, 0xEBA5, 0xC2E3, 0xDB44, 0xC2E3, 0xB2A3, 0xCB04, 0xE364, 0xDB24, 0xD303,
    0xBAC3, 0xE364, 0xFC27, 0xE364, 0xCB03, 0xBAC2, 0xBAC3, 0xBAC3, 0xDB23, 0xD323, 0xEBA4, 0xDB24,
    0xBAC3, 0xAA83, 0xA243, 0xC2E4, 0xEB85, 0xAA83, 0xD324, 0xDB44, 0xFBC5, 0xFC48, 0xFD0C, 0xFBC6,
    0xE345, 0xBAC4, 0xCAE4, 0xD324, 0xF385, 0xD343, 0xD324, 0xBAC4, 0xD324, 0xEB85, 0xF385, 0xF3E6,
    0xFBE6, 0xFBE5, 0xDB45, 0xC303, 0xFC07, 0xF3A5, 0xEB85, 0xDB44, 0xC2C3, 0xDB44, 0xD304, 0xBAC4,
    0xEBA6, 0xFC89, 0xFCEB, 0xE345,
    0xBB04, 0xAAA3, 0xC303, 0xC304, 0xCB24, 0xEBA4, 0xF406, 0xF3C5, 0xC304, 0xAAA3, 0xA263, 0xF405,
    0xEBC5, 0xE384, 0xEBA5, 0xB2C3, 0xBAC4, 0xEBC5, 0xF3E7, 0xF427, 0xFC88, 0xEBA5, 0xF447, 0xF405,
    0xFC06, 0xEBC5, 0xF3E5, 0xFC05, 0xDB84, 0xE3A4, 0xDB84, 0xBAE3, 0xDB64, 0xDB64, 0xE383, 0xFBE5,
    0xDB63, 0xE384, 0xDB64, 0xDB64, 0xD343, 0xD363, 0xEBA4, 0xD344, 0xCB23, 0xCB23, 0xDB64, 0xDB64,
    0xCB04, 0xCB24, 0xCB04, 0xC304, 0xBAE3, 0xC304, 0xCB24, 0xD344, 0xC304, 0xAAA3, 0xAAA3, 0xB2C3,
    0x9A62, 0xBAC3, 0x9A42, 0x9242, 0xA282, 0xBAE3, 0xBAE3, 0xAAA3, 0xB2A3, 0xB2C3, 0xBAC3, 0xCB44,
    0xBAE3, 0x9A62, 0xD324, 0xEBC4, 0xBAE3, 0xDB64, 0xAAA3, 0xC303, 0xC304, 0xD344, 0xDB65, 0x9A63,
    0xA282, 0xC2E3, 0xC303, 0xC303, 0xBAC3, 0xC2E3, 0xBAE4, 0xC2E3, 0xA263, 0xF447, 0xF406, 0xC303,
    0xBAC3, 0xB2C3, 0xBAC3, 0xA283, 0xBAE3, 0xBAE3, 0xC303, 0xBAE2, 0xC302, 0xEBE5, 0xEBA4, 0xD343,
    0xEBA4, 0xCB43, 0xCB23, 0xE3A4, 0xD343, 0xC303, 0xB2C3, 0xCB44, 0xEBA5, 0xF3C5, 0xF3E5, 0xFCA8,
    0xFCEA, 0xFD8E, 0xFD6D, 0xFD4C, 0xFC47, 0xE385, 0xEBC5, 0xEBA5, 0xFC27, 0xFCA9, 0xFC27, 0xF3E6,
    0xC324, 0xDB65, 0xF3C5, 0xF3C5, 0xFBE6, 0xE385, 0xEBC5, 0xDB65, 0xC304, 0xC304, 0xE385, 0xD365,
    0xD345, 0xDB65, 0xBAE4, 0xEBA6, 0xF489, 0xFD6D, 0xFC27, 0xD345, 0xC304, 0xD365, 0xD365, 0xCB24,
    0xCB24, 0xCB24, 0xDB65, 0xE384, 0xFCC9, 0xFCCA, 0xF467, 0xF405, 0xE384, 0xC323, 0xBAE2, 0xCB23,
    0xE3A4, 0xFD0B, 0xFE53, 0xFD6E, 0xE3A5, 0xAAA3, 0xC304, 0xCB24, 0xFC68, 0xFCA9, 0xF426, 0xD324,
    0xCB23, 0xBAC3, 0x79E2, 0xD344, 0xFBE5, 0xFC06, 0xF3E5, 0xC303, 0xCB24, 0xC2E3, 0x9A62, 0xF406,
    0xF3C6, 0xE385, 0xDB64, 0xE384, 0xDB64, 0xDB84, 0xCB24, 0xB2A3, 0xDB64, 0xCB44, 0xD344, 0xCB23,
    0xB2A3, 0xE3A4, 0xF447, 0xEBA4, 0xCB23, 0xB2A2, 0xC2E3, 0xAAA3, 0xD323, 0xF3C4, 0xDB64, 0xCB24,
    0xBAC3, 0xAA83, 0x9A63, 0xBAE3, 0xD344, 0xBAE3, 0xDB44, 0xF3C5, 0xEBA4, 0xFBE5, 0xFC88, 0xF3E6,
    0xDB45, 0xBAE4, 0xBAE4, 0xCB24, 0xF3C5, 0xE385, 0xC304, 0xBAE3, 0xC324, 0xDB85, 0xF3A5, 0xFC06,
    0xFC47, 0xFC06, 0xF3C5, 0xDB84, 0xE3A5, 0xEBC5, 0xE385, 0xE385, 0xC304, 0xD344, 0xE385, 0x9A63,
    0xE385, 0xFD0B, 0xFD0B, 0xD345,
    0xCB44, 0xAAA3, 0xD364, 0xBB03, 0xD364, 0xF405, 0xFCA8, 0xEC27, 0xC324, 0xA2A3, 0xBB04, 0xF405,
    0xEBC5, 0xF3E5, 0xF427, 0xBB04, 0xAAC3, 0xF426, 0xEC06, 0xFCA7, 0xFC47, 0xF406, 0xF467, 0xFC46,
    0xF426, 0xF426, 0xFC05, 0xF3E5, 0xDB84, 0xDBA4, 0xE384, 0xC323, 0xE3A4, 0xDB84, 0xEC05, 0xF405,
    0xDBA4, 0xDB84, 0xDB84, 0xDB84, 0xCB23, 0xD363, 0xE3A4, 0xDB84, 0xD364, 0xCB44, 0xD364, 0xE3C5,
    0xCB44, 0xD364, 0xD344, 0xD365, 0xB2C3, 0xBB03, 0xCB43, 0xD364, 0xD364, 0xB2C3, 0xA2A3, 0xB2C3,
    0xB2E3, 0xB2E3, 0x9A62, 0xA2A2, 0xAAC2, 0xBB03, 0xB2C3, 0xB2E3, 0xC304, 0xAAA3, 0xBAE3, 0xDB84,
    0xC323, 0x8222, 0xD384, 0xEBE4, 0xCB43, 0xDB84, 0xB2C3, 0xCB24, 0xD364, 0xCB23, 0xDB85, 0xB2C3,
    0xA2A2, 0xBAE4, 0xC322, 0xBB03, 0xC323, 0xC324, 0xC324, 0xC324, 0xBAE3, 0xF405, 0xEC47, 0xA282,
    0xAAC3, 0xB2E3, 0xC304, 0xAAA3, 0xC324, 0xC323, 0xC303, 0xCB23, 0xCB43, 0xEBC5, 0xF3E5, 0xDBA4,
    0xE3A4, 0xD383, 0xD364, 0xEBC4, 0xDB84, 0xDB84, 0xC323, 0xD364, 0xEBC5, 0xF405, 0xFC47, 0xFCC9,
    0xFD2B, 0xFDAF, 0xFD8D, 0xFD2B, 0xFC26, 0xEBE5, 0xEBC5, 0xFC05, 0xFCC9, 0xFCC9, 0xFC88, 0xF3E5,
    0xCB44, 0xDB85, 0xFC67, 0xF406, 0xF406, 0xD385, 0xE3C6, 0xDB85, 0xB2C4, 0xCB45, 0xDBA6, 0xDB65,
    0xD385, 0xE3A5, 0xB2C5, 0xEBE6, 0xFC47, 0xFD0B, 0xEBC5, 0xDB85, 0xD385, 0xDBA5, 0xDB85, 0xDB85,
    0xD364, 0xD344, 0xEBE5, 0xCB43, 0xFCA8, 0xFCC8, 0xFCE9, 0xFC87, 0xE384, 0xB2E2, 0xB302, 0xC300,
    0xDB83, 0xFD0B, 0xFED7, 0xFD2B, 0xEBC5, 0xCB24, 0xBB04, 0xCB43, 0xFC67, 0xFCA8, 0xFC47, 0xC323,
    0xD364, 0xC303, 0xA2A2, 0xD344, 0xF405, 0xEC06, 0xEBC5, 0xE385, 0xC323, 0xC324, 0xBAE3, 0xF488,
    0xEBC5, 0xE3C5, 0xD364, 0xDB64, 0xE3A5, 0xF3A5, 0xD384, 0xC324, 0xE3A4, 0xD344, 0xD365, 0xB2C3,
    0xBB04, 0xEBE5, 0xF3E5, 0xFC25, 0xC323, 0xBAE3, 0xBAE3, 0xB2C3, 0xDBA5, 0xFCA8, 0xDB84, 0xBB03,
    0xC304, 0xA2A3, 0x9A63, 0xC323, 0xCB24, 0xC304, 0xDB64, 0xF3E5, 0xEBC4, 0xDB83, 0xFC47, 0xEBE5,
    0xD364, 0xC304, 0xC304, 0xE3A4, 0xF3E6, 0xEBA5, 0xB2C3, 0xBAE3, 0xBAE3, 0xDB84, 0xEBE5, 0xF3E5,
    0xFC26, 0xFC26, 0xEBC5, 0xDBA4, 0xDB83, 0xEBE5, 0xEBC5, 0xD364, 0xCB44, 0xCB44, 0xE3A5, 0xCB44,
    0xEC06, 0xFDCF, 0xFDAE, 0xD365,
    0xD3A4, 0xB2E3, 0xC344, 0xC344, 0xD384, 0xF405, 0xF467, 0xF488, 0xC324, 0xA2C3, 0xB303, 0xE3E5,
    0xEBE5, 0xEC04, 0xFC87, 0xB2E3, 0xA2C3, 0xF446, 0xF426, 0xFD0A, 0xF405, 0xFC26, 0xFC87, 0xF426,
    0xFC87, 0xFC66, 0xFC87, 0xE3C4, 0xDBA4, 0xCB64, 0xDBA4, 0xD384, 0xDBA4, 0xD384, 0xEC26, 0xF445,
    0xDBA4, 0xDBC4, 0xDBC4, 0xDBA4, 0xD384, 0xDBA5, 0xE3C4, 0xD3A4, 0xCB63, 0xC343, 0xD384, 0xEC05,
    0xCB64, 0xE3A5, 0xE3E5, 0xCB44, 0xB2E3, 0xCB64, 0xC364, 0xDBA4, 0xE3E4, 0x9A83, 0xAAC3, 0xB2E3,
    0xBB03, 0xA2C2, 0xAAC3, 0xAAC2, 0xA2A2, 0xBB03, 0xB303, 0xA2C3, 0xBB03, 0xA2C2, 0xB303, 0xC343,
    0xC343, 0xC344, 0xDBA4, 0xDBC4, 0xEC04, 0xEBE4, 0xCB64, 0xCB44, 0xBB24, 0xC344, 0xE3C6, 0xC344,
    0xA2C3, 0xB303, 0xA2A2, 0xAAE3, 0xC344, 0xBB03, 0xD384, 0xC343, 0xCB63, 0xEBE4, 0xEC26, 0xBB02,
    0xBB03, 0xB303, 0xC344, 0xB2E3, 0xBB23, 0xBB22, 0xBB22, 0xC343, 0xCB43, 0xE3C4, 0xEC05, 0xEBE5,
    0xEBE4, 0xCB42, 0xDBA4, 0xDBA4, 0xE3C4, 0xD384, 0xCB64, 0xD3A5, 0xE3E5, 0xEBE5, 0xF426, 0xFD0A,
    0xFD6B, 0xFD8D, 0xFDAD, 0xFD2A, 0xFC46, 0xEC05, 0xF405, 0xFC87, 0xFD09, 0xFCC8, 0xFC47, 0xEBE5,
    0xCB65, 0xDBA5, 0xFCC9, 0xFC67, 0xFC47, 0xD385, 0xEC06, 0xF406, 0xB2E4, 0xCB45, 0xDB85, 0xE3C5,
    0xD365, 0xE3C6, 0xBB05, 0xE3C5, 0xEC26, 0xFD2B, 0xEC05, 0xE3C5, 0xDBA5, 0xCB65, 0xD3A5, 0xEBE5,
    0xDBA4, 0xC344, 0xEC05, 0xEBE5, 0xFCA8, 0xFCA7, 0xFCE9, 0xFCA8, 0xE3C4, 0xAAE2, 0xB301, 0xA2A0,
    0xC341, 0xFCA8, 0xFE52, 0xFD2A, 0xEC06, 0xCB64, 0xCB64, 0xA2A2, 0xFC46, 0xFD09, 0xFCC8, 0xD364,
    0xCB44, 0xBB03, 0xBB02, 0xD384, 0xE3C4, 0xFC26, 0xE3C5, 0xDBA4, 0xC323, 0xBB23, 0xAAE3, 0xF466,
    0xF426, 0xDBC5, 0xC324, 0xD3A5, 0xF406, 0xFCA8, 0xEBE5, 0xC344, 0xCB44, 0xCB44, 0xD385, 0xBB04,
    0xBB23, 0xEC05, 0xFC46, 0xF446, 0xC323, 0xBB03, 0xBAE3, 0xCB64, 0xDBA4, 0xFD09, 0xEBE4, 0xD363,
    0xC344, 0xA2A3, 0x9AA3, 0xC344, 0xBB04, 0xC323, 0xDBA4, 0xF404, 0xE3E5, 0xE406, 0xFC87, 0xF426,
    0xC323, 0xBB03, 0xB303, 0xDBA4, 0xEBE5, 0xE3E5, 0xBB24, 0xB2E3, 0xBB24, 0xD384, 0xF405, 0xE3C5,
    0xEBE5, 0xF426, 0xEC05, 0xDB84, 0xDBA4, 0xEBE4, 0xFC46, 0xD384, 0xBB03, 0xCB64, 0xDB85, 0xDBA5,
    0xFC46, 0xFDAE, 0xFE11, 0xEBE5,
    0xCB84, 0xBB23, 0xBB44, 0xC344, 0xCB84, 0xEC05, 0xF466, 0xF4A8, 0xC364, 0xB304, 0xB303, 0xDBE5,
    0xE3E5, 0xEBE5, 0xF465, 0xAB04, 0x9AC2, 0xEC46, 0xFCE8, 0xF50A, 0xEBE5, 0xF446, 0xFCC7, 0xF425,
    0xFC66, 0xF425, 0xF466, 0xE405, 0xD3C4, 0xD3A4, 0xDBC4, 0xD3A5, 0xD384, 0xDBC4, 0xEC26, 0xEC87,
    0xDBC5, 0xDBC5, 0xF425, 0xE3C5, 0xD3A4, 0xF425, 0xFCA7, 0xDBC4, 0xC343, 0xD384, 0xD3A4, 0xE405,
    0xCB64, 0xD384, 0xE405, 0xC364, 0xBB24, 0xC363, 0xC343, 0xEC25, 0xDBC4, 0xAAE3, 0xB323, 0x9AA2,
    0xB303, 0xAAE2, 0xAB02, 0xA2C2, 0xA2C2, 0xBB43, 0xBB23, 0xA2C3, 0xB303, 0xB303, 0xB323, 0xCB84,
    0xC364, 0xE3E5, 0xD3C4, 0xE3E4, 0xDBC4, 0xEC04, 0xCB84, 0x9AA2, 0xC364, 0xDBE5, 0xF446, 0xC364,
    0xC364, 0xAAE3, 0xAAE3, 0xAB02, 0xBB23, 0xAAE3, 0xD3A4, 0xB323, 0xCB83, 0xEC24, 0xEBE4, 0xCB83,
    0xB303, 0xB2E3, 0xB303, 0xAAE3, 0xB303, 0xC363, 0xC343, 0xD3A4, 0xC323, 0xE3E4, 0xDBE4, 0xEC05,
    0xF445, 0xD3A3, 0xE3E4, 0xDBE4, 0xE3E4, 0xCB84, 0xCB84, 0xDBE5, 0xE3E5, 0xEC25, 0xF466, 0xFD09,
    0xFCC8, 0xFDAD, 0xFDAD, 0xFCC8, 0xEC25, 0xDBC5, 0xF487, 0xFD08, 0xFD4B, 0xFCE8, 0xF426, 0xE3E6,
    0xCBA5, 0xDBE5, 0xFD0A, 0xFC67, 0xFCA8, 0xE3E6, 0xE3E6, 0xE406, 0xB324, 0xCB85, 0xEC06, 0xDBC5,
    0xDBC6, 0xCB85, 0xC345, 0xCB65, 0xD3C7, 0xFDEE, 0xE3E5, 0xD3A5, 0xD3A5, 0xD3A5, 0xDBE5, 0xD385,
    0xD3A5, 0xC363, 0xE3E5, 0xF466, 0xFD29, 0xFD29, 0xFD08, 0xFCA7, 0xDBC4, 0xB302, 0xAAC0, 0x9280,
    0x9AA0, 0xF4EA, 0xFDEE, 0xFD6B, 0xDBE5, 0xCB85, 0xCB64, 0xBB44, 0xFC66, 0xFD4A, 0xFCE8, 0xE3E4,
    0xC344, 0xAAE2, 0xB323, 0xD3A4, 0xE3E5, 0xF426, 0xE3E5, 0xD3A4, 0xD3A4, 0xC363, 0xBB43, 0xE3C5,
    0xEC05, 0xC345, 0xC364, 0xCB64, 0xEC05, 0xFDCF, 0xF426, 0xC364, 0xB303, 0xC364, 0xEC25, 0xD3A5,
    0xC344, 0xEC25, 0xF487, 0xF445, 0xD3A4, 0xBB23, 0xBB23, 0xC363, 0xEBE4, 0xFD09, 0xFC66, 0xC363,
    0xC364, 0xA2C3, 0x9AA3, 0xCB64, 0xBB44, 0xCB84, 0xCBA4, 0xEC04, 0xDBE4, 0xFC86, 0xFCA7, 0xEC05,
    0xC344, 0xBB24, 0xB304, 0xDBC5, 0xE3E5, 0xDBC5, 0xC344, 0xB303, 0xB323, 0xD384, 0xF425, 0xF445,
    0xF425, 0xF425, 0xF446, 0xDBC4, 0xDBC4, 0xEC05, 0xEC24, 0xD3A5, 0xB303, 0xCB84, 0xDBE5, 0xDBC5,
    0xF467, 0xFD8D, 0xFDCE, 0xE405,
    0xC384, 0xB344, 0xBB84, 0xB344, 0xD3C4, 0xDBE5, 0xF486, 0xFD29, 0xCBA4, 0xAB03, 0xB343, 0xDBE5,
    0xE405, 0xEC25, 0xFCE6, 0xAB24, 0xAB03, 0xE446, 0xFD29, 0xFD08, 0xF445, 0xEC45, 0xFC86, 0xEC24,
    0xF445, 0xDC05, 0xEC45, 0xE425, 0xD3C4, 0xE405, 0xDC05, 0xE405, 0xCBC4, 0xCBC4, 0xFC86, 0xF486,
    0xEC25, 0xD3C5, 0xEC45, 0xE424, 0xDC04, 0xFCA6, 0xFCE7, 0xE404, 0xBB43, 0xD3C4, 0xCBA4, 0xCBA4,
    0xCBC4, 0xCBA4, 0xD3C4, 0xC383, 0xBB63, 0xC384, 0xC384, 0xE405, 0xDBE4, 0xC384, 0x9AE2, 0x9AA2,
    0xB323, 0xB303, 0x9AC1, 0xA2E2, 0xBB63, 0xCBC3, 0xC383, 0xB324, 0xBB44, 0xC3A4, 0xB323, 0xC384,
    0xBB63, 0xDC04, 0xDC04, 0xEC45, 0xD3E4, 0xCBA3, 0xB343, 0x9AC2, 0xC364, 0xDC05, 0xEC66, 0xC364,
    0xCBA4, 0xA2E3, 0xB323, 0xB323, 0xB323, 0x9AA2, 0xBB63, 0xB322, 0xC383, 0xDC04, 0xEC65, 0xE405,
    0xB323, 0xB323, 0xA2C3, 0xAB03, 0xBB63, 0xBB63, 0xC364, 0xCBA4, 0xCB84, 0xE405, 0xE405, 0xE405,
    0xF465, 0xE424, 0xEC45, 0xEC24, 0xEC45, 0xDC05, 0xCBA4, 0xDBE5, 0xEC25, 0xF466, 0xFD08, 0xFCA6,
    0xFCC7, 0xFE0F, 0xFD8C, 0xFC86, 0xEC25, 0xCB85, 0xF4A7, 0xFCC7, 0xFD4A, 0xFD08, 0xEC46, 0xE406,
    0xD3C5, 0xCBA5, 0xFDAC, 0xFD08, 0xFCE8, 0xE425, 0xDC06, 0xCBA5, 0xB324, 0xD3E5, 0xF467, 0xDC06,
    0xDBE6, 0xC385, 0xC365, 0xD3C6, 0xECC8, 0xFDAD, 0xD3C4, 0xCBA5, 0xC385, 0xD3C5, 0xDC06, 0xCBA5,
    0xBB84, 0xCBA4, 0xEC25, 0xFCA6, 0xFCC8, 0xFDAB, 0xFD8B, 0xF465, 0xD3E4, 0xB342, 0xB321, 0xAAE1,
    0x8240, 0xF52A, 0xFDAC, 0xFD08, 0xDBE5, 0xC384, 0xBB44, 0xD3C5, 0xFC66, 0xFD8B, 0xFCC6, 0xE404,
    0xCBA3, 0xAB03, 0xBB43, 0xDBE4, 0xEC25, 0xE405, 0xEC45, 0xCBA4, 0xCBC4, 0xCBA4, 0xC364, 0xEC26,
    0xE425, 0xD3C6, 0xAB24, 0xBB64, 0xDBE5, 0xFD0A, 0xEC66, 0xB344, 0xB323, 0xC384, 0xF486, 0xE426,
    0xD3C5, 0xE405, 0xFD09, 0xFC86, 0xDC05, 0xAB23, 0xBB63, 0xD3C4, 0xCB83, 0xF549, 0xF4C7, 0xAB22,
    0xBB63, 0xAB03, 0xA302, 0xCBA4, 0xCBA4, 0xCBA4, 0xD3A3, 0xD3E4, 0xC362, 0xF465, 0xFD08, 0xDC04,
    0xDBC4, 0xBB64, 0xBB44, 0xDC05, 0xDBE4, 0xCBA4, 0xBB64, 0xB303, 0xAB23, 0xCBA3, 0xF486, 0xFCC6,
    0xF466, 0xEC25, 0xE405, 0xCBA4, 0xDBE4, 0xF465, 0xE424, 0xCBA5, 0xD3E4, 0xCBA4, 0xEC45, 0xE405,
    0xEC88, 0xF509, 0xFDEE, 0xECA8,
    0xCBC4, 0xB343, 0xC384, 0xBB64, 0xC3A4, 0xE425, 0xF4E8, 0xFDCC, 0xC384, 0xAB24, 0xBB84, 0xD3E5,
    0xE445, 0xEC45, 0xEC65, 0xAB44, 0x9AE3, 0xE446, 0xFCE7, 0xFD29, 0xEC65, 0xE445, 0xF486, 0xDC24,
    0xE425, 0xD3E4, 0xE425, 0xE425, 0xCBC4, 0xD3E4, 0xDC24, 0xDC24, 0xBB83, 0xDC04, 0xFCA6, 0xFCA6,
    0xEC45, 0xDC25, 0xE425, 0xDC25, 0xD3E5, 0xFCE6, 0xF4A5, 0xE424, 0xBB83, 0xBBA3, 0xCBE4, 0xCBC3,
    0xCBC3, 0xD404, 0xDC04, 0xBB83, 0xC383, 0xD3E4, 0xC3A4, 0xE425, 0xE445, 0xCBC3, 0xBB63, 0xAB02,
    0xAB22, 0xAB23, 0xA2E2, 0x92E2, 0xA302, 0xBB83, 0xC3A4, 0xBB84, 0xC3A4, 0xC3A4, 0xB343, 0xCBC3,
    0xBB83, 0xD3E4, 0xE424, 0xF4A6, 0xDC04, 0xD3E4, 0xB363, 0xA303, 0xAB23, 0xD3E4, 0xD3E5, 0xC3A4,
    0xC3A4, 0x92C3, 0xA303, 0xAB23, 0xAB22, 0xAB03, 0xBB83, 0xC3A3, 0xAB43, 0xE424, 0xF485, 0xD404,
    0xBB83, 0xB343, 0x9AE3, 0xAB43, 0xBB84, 0xAB22, 0xCBC4, 0xBB84, 0xCBC4, 0xDC05, 0xD3E4, 0xE425,
    0xF485, 0xF485, 0xF485, 0xEC65, 0xEC65, 0xF466, 0xCBC4, 0xCBE4, 0xE445, 0xF466, 0xFD07, 0xF486,
    0xF4E8, 0xFE50, 0xFD29, 0xFC85, 0xDC05, 0xBB84, 0xE425, 0xF486, 0xFD49, 0xFD28, 0xF486, 0xDC05,
    0xCBE5, 0xCBC4, 0xFD6B, 0xFD8B, 0xFCC7, 0xE425, 0xDC06, 0xC3A5, 0xC3A4, 0xD3E5, 0xE426, 0xDC26,
    0xCBC5, 0xC3A5, 0xCBC5, 0xDC26, 0xFD69, 0xFD4A, 0xDC25, 0xC3A5, 0xBB85, 0xC3A5, 0xE425, 0xDC05,
    0xC3A5, 0xC3A5, 0xEC46, 0xFCA6, 0xFCC6, 0xFDAB, 0xF5AC, 0xF4A6, 0xBB84, 0xB343, 0xBB81, 0xB362,
    0x9AE1, 0xFD07, 0xFDED, 0xFD08, 0xE445, 0xC3A4, 0xBB64, 0xBB85, 0xFD49, 0xFD27, 0xF485, 0xE424,
    0xC3A3, 0xBB83, 0xBB63, 0xDC25, 0xF465, 0xDC25, 0xF485, 0xC3A4, 0xBB63, 0xCBC4, 0xC3A4, 0xECA7,
    0xCBC5, 0xBB65, 0xC3A5, 0xC3A4, 0xD3E5, 0xFCC8, 0xDC05, 0xA303, 0xAB23, 0xBB84, 0xE446, 0xECA7,
    0xCBC5, 0xDC25, 0xFD07, 0xFD07, 0xEC45, 0xB342, 0xC3A3, 0xDC05, 0xCBA3, 0xFD6A, 0xF4A6, 0xCBC3,
    0xB363, 0xB323, 0xAB02, 0xC3C3, 0xCBC3, 0xCBC4, 0xDC03, 0xE425, 0xA301, 0xFCC5, 0xFD28, 0xEC45,
    0xDC04, 0xC383, 0xB364, 0xDC05, 0xDC04, 0xD3E5, 0xBBA4, 0xAB23, 0xB344, 0xCBC4, 0xF4A6, 0xFD69,
    0xF4A7, 0xEC45, 0xD3E5, 0xCBC4, 0xDC04, 0xEC45, 0xEC45, 0xDC25, 0xDC25, 0xDC05, 0xE445, 0xD3E5,
    0xEC87, 0xF4C7, 0xFDAB, 0xED09,
    0xC3C4, 0xA323, 0xC3C5, 0xAB23, 0xCBE4, 0xD404, 0xF549, 0xFD6A, 0xCBE4, 0xBBA4, 0xBB84, 0xE465,
    0xEC86, 0xE445, 0xEC85, 0xBB84, 0xAB63, 0xE465, 0xFCE6, 0xFD07, 0xE444, 0xECA5, 0xF4A5, 0xE444,
    0xD424, 0xCC04, 0xD404, 0xD404, 0xD404, 0xC3C4, 0xE445, 0xCBE4, 0xCBC4, 0xEC85, 0xFCC6, 0xEC85,
    0xECA5, 0xDC25, 0xE445, 0xDC45, 0xCBE4, 0xF4C6, 0xF4C5, 0xE464, 0xCC03, 0xC3A3, 0xC3A3, 0xCBE4,
    0xC3C3, 0xD404, 0xCC04, 0xC3C3, 0xBBA3, 0xCC04, 0xC3C3, 0xF506, 0xCC04, 0xBBC3, 0xBBA4, 0xAB42,
    0xA323, 0xAB43, 0xA322, 0x82A1, 0xA302, 0xB383, 0xC3C4, 0xBB84, 0xC3E4, 0xD404, 0xBBA3, 0xBBA4,
    0xBB83, 0xAB43, 0xEC65, 0xEC85, 0xDC44, 0xE444, 0xC3C3, 0xA303, 0xAB63, 0xC3C4, 0xCC05, 0xDC25,
    0xC3C4, 0x7A62, 0x82A2, 0xAB43, 0xAB43, 0xAB43, 0xC3A3, 0xC3C3, 0xB382, 0xDC44, 0xE466, 0xC3C3,
    0xBBC4, 0xB383, 0x9AE2, 0xAB43, 0xAB43, 0xB363, 0xCC05, 0xD405, 0xBBA4, 0xEC86, 0xD3E4, 0xE465,
    0xECC6, 0xEC85, 0xF4A5, 0xF4E6, 0xF4A6, 0xE465, 0xCBE5, 0xCC05, 0xE445, 0xECA6, 0xFD07, 0xE466,
    0xF4E7, 0xFE50, 0xFDAB, 0xF4C7, 0xCC05, 0xC3E4, 0xD405, 0xF4C6, 0xFD28, 0xFD07, 0xEC86, 0xDC26,
    0xC3C5, 0xE446, 0xF508, 0xFDCC, 0xFCE7, 0xDC25, 0xD405, 0xCBE5, 0xC3C5, 0xD405, 0xDC26, 0xD405,
    0xCBE5, 0xC3C6, 0xCC05, 0xDC46, 0xFD8A, 0xFDAB, 0xC3C4, 0xB364, 0xBB85, 0xCC05, 0xD425, 0x92E3,
    0xC3A5, 0xBBA5, 0xCBE5, 0xF4C6, 0xFD08, 0xFE0E, 0xF549, 0xEC86, 0xCBE4, 0x9B03, 0xBBC2, 0xC3C2,
    0xB362, 0xFD28, 0xFDCB, 0xFD28, 0xE485, 0xB384, 0xBBA4, 0xD405, 0xFE2F, 0xFD08, 0xF4C6, 0xE465,
    0xC3C4, 0xBBA3, 0xBBA3, 0xD404, 0xEC65, 0xE465, 0xE445, 0xBBA3, 0xC3A4, 0xB343, 0xCC05, 0xE446,
    0xCBE5, 0xAB43, 0xD405, 0xCBE5, 0xD405, 0xF4C7, 0xC3A5, 0xAB64, 0xAB44, 0xB365, 0xD425, 0xD425,
    0xBBA4, 0xCBE5, 0xF4A6, 0xFD48, 0xDCE8, 0xA302, 0xD405, 0xD424, 0xDC03, 0xFDCB, 0xFCE6, 0xCBE3,
    0xC3C4, 0xAB43, 0xAB43, 0xCBE4, 0xE445, 0xD403, 0xE445, 0xDC45, 0xD404, 0xECA4, 0xFD07, 0xDC24,
    0xCBE4, 0xB383, 0xB364, 0xE486, 0xE445, 0xCC05, 0xC3C4, 0xAB63, 0xB363, 0xD3E4, 0xF4A5, 0xFD89,
    0xF4E7, 0xDC25, 0xCC05, 0xC3C4, 0xDC05, 0xEC86, 0xDC45, 0xEC86, 0xEC86, 0xDC45, 0xDC45, 0xD405,
    0xE466, 0xFD07, 0xFDAB, 0xED0A,
    0xC404, 0xB3A4, 0xCC05, 0x9B02, 0xC3E4, 0xD445, 0xF548, 0xF548, 0xCC05, 0xB384, 0xAB84, 0xECA5,
    0xE4A5, 0xDC65, 0xECC5, 0xBBC4, 0xCC05, 0xE485, 0xECC6, 0xFD68, 0xDC64, 0xF4C5, 0xF506, 0xDC65,
    0xD424, 0xC3E4, 0xC404, 0xD444, 0xD424, 0xCC24, 0xDC45, 0xCC23, 0xD424, 0xE485, 0xECC5, 0xE465,
    0xE4A5, 0xDC85, 0xECC6, 0xE4A6, 0xE485, 0xF4C5, 0xECC5, 0xDC64, 0xD423, 0xC403, 0xBBA3, 0xC3E4,
    0xC3E3, 0xBBC3, 0xBBC3, 0xCC24, 0xBBC4, 0xCC04, 0xAB83, 0xF505, 0xE463, 0xCC24, 0xB3A4, 0xAB83,
    0xA343, 0xB383, 0x9301, 0x9B22, 0xAB63, 0xCC04, 0xD444, 0xB3A4, 0xC3E4, 0xCC24, 0xC3C4, 0xBBC4,
    0xBBC3, 0xB384, 0xCC04, 0xDC64, 0xE485, 0xD424, 0xBBC4, 0x8AC2, 0xAB63, 0xB3A4, 0xCC04, 0xDC85,
    0xBBC4, 0x82A2, 0x7A62, 0xAB63, 0xA343, 0xAB63, 0xBBC4, 0xD444, 0xCC03, 0xECC6, 0xE485, 0xC3C4,
    0xC3E4, 0xAB83, 0x9B23, 0xAB43, 0xA343, 0xC3E4, 0xCC04, 0xDC65, 0xDC86, 0xE4A6, 0xCC05, 0xED07,
    0xF528, 0xF4C6, 0xECC5, 0xFD06, 0xFD07, 0xDC65, 0xD445, 0xCC05, 0xED07, 0xF4E6, 0xECE6, 0xD445,
    0xDC66, 0xFDAB, 0xFE2D, 0xF528, 0xD446, 0xC3E5, 0xCC25, 0xECE6, 0xF4E6, 0xFD27, 0xE4A6, 0xCC05,
    0xC3E4, 0xD445, 0xF528, 0xFDCA, 0xFD27, 0xD445, 0xDC45, 0xC3E4, 0xC3E5, 0xDC66, 0xDC66, 0xCC05,
    0xCC06, 0xC3E5, 0xCC05, 0xDC66, 0xFD8B, 0xFDCB, 0xCC25, 0xB384, 0xAB64, 0xC405, 0xBBC5, 0x82C3,
    0xC3E5, 0xC3E5, 0xCC25, 0xDC66, 0xFD69, 0xFE0D, 0xF56A, 0xD424, 0xCC24, 0xA343, 0xBBC4, 0xBBC2,
    0xCC04, 0xFDCB, 0xFDCA, 0xFD47, 0xDC66, 0xA343, 0xB3A4, 0xD445, 0xFE2D, 0xFD68, 0xF4C6, 0xDC65,
    0xC3E4, 0xB3A3, 0xC3E4, 0xD445, 0xECC6, 0xECA5, 0xD424, 0xCC44, 0xD424, 0xB3A4, 0xE466, 0xD445,
    0xF4E7, 0x82A2, 0xAB43, 0xDC86, 0xD465, 0xECC7, 0xCC25, 0x9B03, 0xBBC4, 0xAB84, 0xCC05, 0xD425,
    0xBBC4, 0xC3E5, 0xFD48, 0xFD67, 0xDCA7, 0x82A2, 0xD445, 0xDC64, 0xD424, 0xFE0B, 0xFD68, 0xAB83,
    0xBBC3, 0xAB83, 0xBBC3, 0xD444, 0xDC64, 0xD444, 0xDC64, 0xDC65, 0xE4A5, 0xECC5, 0xF4C5, 0xDC65,
    0xCC04, 0xB383, 0xBBA4, 0xECC6, 0xDC65, 0xC3E4, 0xBBC4, 0xAB64, 0xAB83, 0xCC04, 0xFD89, 0xFDA9,
    0xF4E6, 0xDC65, 0xD425, 0xBBA4, 0xDC86, 0xF506, 0xE486, 0xECC6, 0xF4E6, 0xD446, 0xDC66, 0xB384,
    0xE4A6, 0xF548, 0xFD89, 0xFD28,
    0xD465, 0xABA3, 0xBBE4, 0xB3A3, 0xC404, 0xDCA5, 0xF5CA, 0xFD47, 0xCC45, 0xA343, 0xBBE4, 0xDC85,
    0xDC85, 0xDC85, 0xECE5, 0xBBE4, 0xC404, 0xDCC5, 0xE4C5, 0xFDCA, 0xDC85, 0xE4C5, 0xF546, 0xD464,
    0xC403, 0xBBE3, 0xBBE4, 0xD464, 0xCC24, 0xBBE3, 0xDC64, 0xCC43, 0xDC84, 0xECE5, 0xF546, 0xD465,
    0xDC85, 0xE4E6, 0xF506, 0xE4C6, 0xDCA5, 0xED05, 0xECC5, 0xCC24, 0xC403, 0xC423, 0xC403, 0xC403,
    0xB3A2, 0xABA2, 0xABA3, 0xC404, 0xBBE3, 0xCC44, 0xB3C3, 0xED06, 0xF567, 0xD463, 0xC424, 0xB3C3,
    0xA362, 0xB3C3, 0x8B01, 0x7261, 0xB3C4, 0xCC44, 0xD465, 0xABA4, 0xC3E4, 0xBBE4, 0xCC45, 0xBBC4,
    0xAB63, 0xB3A3, 0xD444, 0xDC85, 0xC404, 0xBBC4, 0xABA3, 0x82E2, 0x9B43, 0xA363, 0xD485, 0xD485,
    0xB3C4, 0x9B43, 0x7AA3, 0xA343, 0xA363, 0x9B43, 0xBBC4, 0xDC85, 0xD465, 0xF507, 0xECC6, 0xC424,
    0xCC44, 0xB3C3, 0xA363, 0xA363, 0xBBE4, 0xBBE4, 0xCC45, 0xD445, 0xE4A6, 0xE4A6, 0xDCA6, 0xF5AB,
    0xFD67, 0xF507, 0xECE6, 0xFDA8, 0xFD47, 0xDC85, 0xDC86, 0xCC25, 0xF547, 0xE4A6, 0xDC85, 0xC425,
    0xD465, 0xFDCB, 0xFE4F, 0xED06, 0xAB84, 0xBBE5, 0xCC45, 0xECE6, 0xF546, 0xFD67, 0xE4C6, 0xC425,
    0xCC25, 0xCC45, 0xFD88, 0xFE4D, 0xF527, 0xD465, 0xCC25, 0xC404, 0xC405, 0xDC86, 0xD486, 0xBC05,
    0xBC05, 0xB3C5, 0xB3C5, 0xECE6, 0xF589, 0xFD88, 0xE4A5, 0xC425, 0xA364, 0xABA4, 0xB3A5, 0xA363,
    0xC405, 0xBC05, 0xD466, 0xDC66, 0xFDEB, 0xFE6F, 0xF5CC, 0xCC45, 0xBBE4, 0xA362, 0xB3A4, 0xBBE3,
    0xDC85, 0xFE2C, 0xFE6F, 0xF526, 0xDC85, 0xCC45, 0xBBE5, 0xD465, 0xFE2C, 0xFDA8, 0xED06, 0xD464,
    0xC404, 0xBBE4, 0xBBE4, 0xDC85, 0xFD47, 0xE4C5, 0xD464, 0xECE5, 0xD465, 0xD465, 0xE4C5, 0xCC45,
    0xD466, 0x82A2, 0x8B02, 0xE4C6, 0xDCC6, 0xED48, 0xC405, 0x9323, 0xABA3, 0xAB83, 0xCC05, 0xDC86,
    0xCC25, 0xCC45, 0xF527, 0xFDA8, 0xE4C5, 0xBBE4, 0xD444, 0xD464, 0xF506, 0xFE6D, 0xFDA8, 0xABA3,
    0xABA3, 0xAB83, 0xC424, 0xDC84, 0xD464, 0xDC65, 0xCC44, 0xE4C5, 0xE4C5, 0xFD26, 0xECE5, 0xDC65,
    0xCC44, 0xB3A4, 0xC404, 0xF506, 0xDC85, 0xBBE4, 0xBBC4, 0xAB84, 0xB3A4, 0xC404, 0xFDEB, 0xFE0B,
    0xF4E6, 0xE4C6, 0xCC45, 0xC405, 0xE4C6, 0xECC6, 0xECE6, 0xED07, 0xF507, 0xDCA6, 0xE4C6, 0xA344,
    0xECE7, 0xFD88, 0xFD88, 0xF527,
    0xDCC6, 0xA383, 0xABC3, 0xABC3, 0xCC65, 0xD484, 0xED89, 0xF5A9, 0xCC65, 0xA383, 0xB3A4, 0xDCC5,
    0xD485, 0xDCE5, 0xED06, 0xABA4, 0xBC04, 0xE4E5, 0xED26, 0xF566, 0xED05, 0xE4E5, 0xECE5, 0xCC64,
    0xBBE3, 0xB3E4, 0xB3E4, 0xD484, 0xD464, 0xABC3, 0xD485, 0xC444, 0xE4C5, 0xF566, 0xFDA7, 0xD485,
    0xD485, 0xED06, 0xED26, 0xE4E6, 0xDCC5, 0xF566, 0xE4E5, 0xCC44, 0xBC03, 0xBC03, 0xC423, 0xBC03,
    0xABC3, 0xABA3, 0xABC3, 0xBC03, 0xBBE3, 0xDCA5, 0xC424, 0xE507, 0xF64D, 0xC443, 0xD464, 0xB3C3,
    0xA382, 0xABA3, 0x82E1, 0x7AC1, 0xC424, 0xC424, 0xC445, 0xBBE4, 0xBC05, 0xC425, 0xD4A6, 0xBC04,
    0xA383, 0xCC44, 0xD485, 0xD485, 0xBC05, 0xC424, 0xB3C3, 0x9B43, 0x9B43, 0x9B43, 0xC445, 0xDCA5,
    0xB3C3, 0xB3E4, 0x82E2, 0xA383, 0xB3E3, 0x9323, 0xC424, 0xDCA6, 0xDCA6, 0xED26, 0xFD88, 0xD465,
    0xD484, 0xB3E3, 0xB3C4, 0xABA4, 0xCC65, 0xB3E4, 0xCC65, 0xD4A5, 0xD4A6, 0xE506, 0xED06, 0xFDEA,
    0xFDC9, 0xF567, 0xFD87, 0xFDE9, 0xFDA8, 0xDCA5, 0xD4A5, 0xD485, 0xE4C6, 0xED07, 0xD485, 0xB3C5,
    0xCC65, 0xFDCA, 0xFE6E, 0xF546, 0xBC05, 0xBC04, 0xC425, 0xED27, 0xFD86, 0xFD87, 0xECE6, 0xCC65,
    0xCC45, 0xDCA5, 0xFDA8, 0xFE4D, 0xE507, 0xDCA6, 0xC445, 0xC445, 0xCC45, 0xDCA6, 0xCC66, 0xC445,
    0xB3E5, 0xBBE5, 0xB3C5, 0xDCC6, 0xFDC9, 0xFDC8, 0xDCC5, 0xBC04, 0x9343, 0x9344, 0xB3C5, 0x9B63,
    0xAB84, 0xC405, 0xCC46, 0xDCA6, 0xFDEA, 0xFEB1, 0xFE4D, 0xD4A6, 0xBC05, 0xA383, 0xABA3, 0xB3E3,
    0xD4A5, 0xFE0B, 0xFEB1, 0xD4C5, 0xED26, 0xCC65, 0xC424, 0xDCA5, 0xFE0A, 0xFDE9, 0xF526, 0xCC65,
    0xCC44, 0xB3E4, 0xB3C3, 0xD484, 0xF567, 0xE4E6, 0xD486, 0xDCA5, 0xD485, 0xCC65, 0xE506, 0xBC25,
    0xB3A5, 0xAB84, 0x7AA3, 0xD465, 0xED27, 0xFD67, 0xC405, 0x9B63, 0xBC24, 0x9B83, 0xD486, 0xE507,
    0xC424, 0xCC65, 0xED06, 0xFDA7, 0xE4C5, 0xCC45, 0xD485, 0xC425, 0xED47, 0xFED1, 0xF5A9, 0x8B22,
    0xBBE4, 0xABA3, 0xBC03, 0xDCC5, 0xDCC5, 0xDCC5, 0xD485, 0xE4E5, 0xE4E5, 0xF525, 0xF588, 0xCC64,
    0xCC44, 0xABA3, 0xB3E4, 0xF526, 0xE4C5, 0xBC04, 0xB3E4, 0xA384, 0xABC4, 0xDC85, 0xFDC9, 0xFDEA,
    0xED06, 0xE4E6, 0xC445, 0xBC04, 0xE4E6, 0xF506, 0xED27, 0xED07, 0xED07, 0xDCA6, 0xE4C6, 0x9323,
    0xE4E6, 0xFD88, 0xFDC9, 0xED26,
    0xD485, 0xC425, 0xB3E4, 0xB403, 0xCC85, 0xC464, 0xEDA9, 0xFE4C, 0xC445, 0xABC4, 0xB404, 0xDCE5,
    0xD4A5, 0xDCE5, 0xE4E5, 0xC445, 0xBC24, 0xDCE6, 0xED46, 0xED46, 0xDCE6, 0xE505, 0xDD05, 0xCC84,
    0xB404, 0xB404, 0xB3E4, 0xCC84, 0xDCC5, 0xA3A3, 0xD4A5, 0xCC84, 0xE525, 0xFDE7, 0xF5C8, 0xDCE5,
    0xDCC5, 0xED26, 0xF5A7, 0xE526, 0xDCE5, 0xF5A6, 0xE505, 0xCC84, 0xC443, 0xBC23, 0xB403, 0xB403,
    0xABE2, 0xA3C3, 0xB403, 0xBC04, 0xB423, 0xD4C5, 0xCC83, 0xE546, 0xF60A, 0xD4A4, 0xC444, 0xABE3,
    0xA3A3, 0xABA3, 0x8B22, 0x9B82, 0xC444, 0xC444, 0xCC84, 0xD4C5, 0xC445, 0xC465, 0xC464, 0xC444,
    0xC464, 0xCC85, 0xCC85, 0xCC85, 0xBC24, 0xC444, 0xB404, 0x9B83, 0x9B63, 0x9B63, 0xBC25, 0xCC85,
    0xC444, 0xBC45, 0x7AA1, 0x9363, 0xCCA5, 0x9343, 0xBC44, 0xDCC6, 0xDCC6, 0xFDA7, 0xFDA8, 0xD4A5,
    0xD4C5, 0xB424, 0xC444, 0xABC4, 0xB404, 0x9B83, 0xC445, 0xDCC5, 0xDCE6, 0xED26, 0xED26, 0xFDA7,
    0xFE0A, 0xF567, 0xFE09, 0xFE4B, 0xF5E9, 0xE4E6, 0xDCC6, 0xD4C5, 0xDCE6, 0xED27, 0xCC85, 0xABC4,
    0xC445, 0xFE0A, 0xFE4B, 0xFDA7, 0xC465, 0x9B63, 0xB405, 0xE526, 0xF566, 0xF5A7, 0xE526, 0xCC85,
    0xB405, 0xCC85, 0xFDC8, 0xFE4C, 0xE507, 0xDCE6, 0xC465, 0xC465, 0xC465, 0xD4A6, 0xCC85, 0xC465,
    0xBC05, 0xBC25, 0xC445, 0xE548, 0xFDE8, 0xF5A8, 0xCC84, 0xBC04, 0x6A82, 0x7AE3, 0xABE4, 0x9B64,
    0xA3A4, 0xC445, 0xC445, 0xD4C6, 0xFDE9, 0xFEB0, 0xFE8E, 0xD4E7, 0xBC25, 0xABC4, 0xA3C3, 0xBC24,
    0xDCA5, 0xFE4D, 0xFE8F, 0xE506, 0xE526, 0xBC05, 0xC465, 0xD4A5, 0xFE2B, 0xFE4B, 0xE526, 0xC444,
    0xD4A5, 0xBC25, 0xB3E4, 0xD4A5, 0xF5A7, 0xED66, 0xC464, 0xD4C5, 0xDCE6, 0xD485, 0xF587, 0xABE5,
    0xA3A4, 0xBC44, 0x7AC2, 0xDCC5, 0xFDA8, 0xFDA7, 0xCC85, 0x9323, 0xCC85, 0x8B23, 0xE527, 0xED67,
    0xBC24, 0xC465, 0xF546, 0xFDC7, 0xDCE5, 0xD4A5, 0xDCC6, 0xBC45, 0xE567, 0xFED1, 0xF5EA, 0x9B63,
    0xBC23, 0xABC3, 0xBC44, 0xDCE5, 0xED47, 0xDCC5, 0xE506, 0xDD05, 0xED25, 0xFDA6, 0xF5A8, 0xCC64,
    0xBC24, 0xABC4, 0xB3E4, 0xED06, 0xD4C6, 0xCC65, 0xB404, 0xA384, 0x9BA4, 0xE526, 0xFE2A, 0xFDC8,
    0xF587, 0xED67, 0xC445, 0xB404, 0xE506, 0xFDA7, 0xED27, 0xF587, 0xE506, 0xD4A6, 0xDCA6, 0x8B23,
    0xE527, 0xFDC8, 0xFDA8, 0xED46,
    0xCCC5, 0xBC24, 0xB404, 0xB424, 0xC485, 0xCCA5, 0xF5E9, 0xFE6B, 0xBC45, 0xABE5, 0xC485, 0xD4E5,
    0xD4E5, 0xD4E5, 0xE526, 0xC485, 0xBC44, 0xDD06, 0xF587, 0xE566, 0xE526, 0xE525, 0xD505, 0xC484,
    0xB424, 0xAC03, 0xBC44, 0xC484, 0xDD05, 0xCC84, 0xCCA4, 0xD4E5, 0xDD25, 0xFDE7, 0xFE08, 0xDD05,
    0xDCE5, 0xE546, 0xFDE7, 0xED66, 0xDD25, 0xFE07, 0xED66, 0xD4C4, 0xBC43, 0xC484, 0xB423, 0xBC44,
    0x9362, 0xA3A2, 0xAC03, 0xAC03, 0xB403, 0xCCA4, 0xD4E5, 0xEDC6, 0xFE4A, 0xBC43, 0xC464, 0xB423,
    0xA3E3, 0xABE3, 0x9BA3, 0x8321, 0xBC44, 0xC464, 0xCCC4, 0xD4C5, 0xCCC5, 0xCCA5, 0xBC44, 0xC485,
    0xD4C6, 0xD4E6, 0xD4E5, 0xCCA4, 0xC485, 0xBC64, 0xABE3, 0xB404, 0x9383, 0xAC04, 0xE506, 0xCC85,
    0xBC85, 0xC485, 0x8302, 0x8303, 0xCCA5, 0x9B83, 0xB424, 0xDD06, 0xF5C7, 0xFE8B, 0xED87, 0xDD06,
    0xCCA5, 0xC485, 0xC484, 0xAC04, 0xBC64, 0x9B63, 0xBC44, 0xCCA5, 0xE546, 0xED87, 0xFDC6, 0xFE08,
    0xFDC6, 0xF5C7, 0xF5E7, 0xFE49, 0xF608, 0xE526, 0xD506, 0xDD26, 0xE546, 0xF5C8, 0xB424, 0xAC04,
    0xB424, 0xF60A, 0xFE8D, 0xF5C7, 0xC485, 0xA3C3, 0xC465, 0xDD06, 0xF5A6, 0xF5A6, 0xE546, 0xD4C6,
    0xC465, 0xDCE6, 0xFE08, 0xFEAF, 0xE526, 0xDD06, 0xC465, 0xC485, 0xCCA5, 0xDD06, 0xCCC5, 0xBC25,
    0xAC04, 0xABE5, 0xBC45, 0xED88, 0xFE08, 0xEDA7, 0xCCA5, 0xBC44, 0x5A41, 0x8322, 0xC465, 0xAC05,
    0xBC45, 0xCCA6, 0xBC25, 0xDD26, 0xFDE8, 0xFE8D, 0xFEAD, 0xDD27, 0xAC04, 0xA3C4, 0x9B83, 0xB424,
    0xDD06, 0xFE8D, 0xFECF, 0xED87, 0xDD06, 0xCCA5, 0xC465, 0xBC44, 0xFE4A, 0xFEAE, 0xE546, 0xBC63,
    0xC484, 0xB424, 0xB445, 0xBC64, 0xF587, 0xFDA6, 0xCCA5, 0xD4E5, 0xED66, 0xD4C6, 0xF5A7, 0xBC45,
    0x7AE2, 0xABE4, 0x8B62, 0xDCE5, 0xED68, 0xE547, 0xC486, 0x8B23, 0xBC45, 0x9BA3, 0xD506, 0xED67,
    0xCCA6, 0xC465, 0xF5C7, 0xFDE8, 0xDCE6, 0xE526, 0xDD05, 0xDCE4, 0xEDA7, 0xFEF1, 0xF5C8, 0xBC44,
    0xBC24, 0xB424, 0xC464, 0xF5A7, 0xF5C7, 0xE526, 0xE526, 0xE525, 0xED66, 0xFE08, 0xF66D, 0xB424,
    0xBC44, 0xA3C3, 0xB424, 0xED87, 0xE546, 0xC485, 0xB425, 0xABE4, 0x9BA4, 0xE526, 0xFE2A, 0xFDE8,
    0xFDE8, 0xF5C7, 0xC465, 0xCC85, 0xE566, 0xED87, 0xED67, 0xF587, 0xE526, 0xD4C6, 0xD4C6, 0x9B83,
    0xF5C8, 0xF5C7, 0xF5C7, 0xED66,
    0xCCE5, 0xBC44, 0xB444, 0xBC44, 0xC485, 0xD4E6, 0xE566, 0xEDA8, 0xBC45, 0xA3E4, 0xB444, 0xE566,
    0xD506, 0xD506, 0xED87, 0xD4E5, 0xB444, 0xDD46, 0xEDA6, 0xDD66, 0xE586, 0xE586, 0xD4E5, 0xC484,
    0xABE3, 0xAC03, 0xAC23, 0xC4A4, 0xD4E5, 0xCCC4, 0xC4A4, 0xD505, 0xDD25, 0xF606, 0xFE07, 0xDD45,
    0xDD05, 0xE566, 0xFDE7, 0xEDC7, 0xDD46, 0xF5E6, 0xEDC6, 0xD4E4, 0xC484, 0xBC84, 0xBC64, 0xC484,
    0x9382, 0x9BA2, 0xAC03, 0xB443, 0xB443, 0xC484, 0xD4E4, 0xEDC6, 0xF606, 0xB443, 0xC484, 0xAC03,
    0xABE3, 0xBC44, 0x8321, 0x8321, 0xB423, 0xC484, 0xC4A5, 0xB444, 0xC4A4, 0xD505, 0xBC64, 0xCCE5,
    0xE566, 0xFE07, 0xD505, 0xC4A4, 0xCCA5, 0xB444, 0xAC04, 0xB444, 0x8B63, 0xB444, 0xE587, 0xC4A4,
    0xC484, 0xCCC5, 0x7B02, 0x7AE2, 0xB444, 0x9BA3, 0xB445, 0xD4E6, 0xEDA7, 0xFEAC, 0xEDC8, 0xCCC5,
    0xCCA5, 0xBC85, 0xB444, 0xAC24, 0xBC65, 0x9BA3, 0xBC65, 0xC4A5, 0xD526, 0xF5E8, 0xFE28, 0xFE28,
    0xF5C6, 0xF5E7, 0xF5E7, 0xFE6A, 0xFE49, 0xED86, 0xE586, 0xED87, 0xE586, 0xF5E8, 0xB444, 0xA3E5,
    0xBC85, 0xE566, 0xFECE, 0xF5E7, 0xAC25, 0xB424, 0xC4A5, 0xDD46, 0xEDC7, 0xEDC6, 0xDD46, 0xCCC5,
    0xB444, 0xDD26, 0xFDE7, 0xFECE, 0xE567, 0xD506, 0xC4A5, 0xC4A5, 0xDD26, 0xDD26, 0xD506, 0xB425,
    0xB425, 0xB425, 0xB445, 0xE566, 0xFE28, 0xEDC7, 0xD4E5, 0xA3E4, 0x8321, 0x8323, 0xAC04, 0xB465,
    0xAC25, 0xC485, 0xC4A6, 0xD506, 0xFE07, 0xFE6B, 0xFE29, 0xCCE5, 0xB424, 0xAC04, 0x9BA3, 0xB444,
    0xCCE6, 0xFEAD, 0xFF12, 0xF5E8, 0xDD26, 0xB465, 0xBC85, 0xB444, 0xFE28, 0xFE8D, 0xFE07, 0xCCC5,
    0xC4A5, 0xB444, 0xC485, 0xBC45, 0xE587, 0xFE4A, 0xD505, 0xDD46, 0xEDA7, 0xDD66, 0xE566, 0xCCC6,
    0x6AA2, 0x8B42, 0x9383, 0xB445, 0xE587, 0xD527, 0xC4A6, 0x8B43, 0xBC85, 0xBC45, 0xCCC5, 0xDD26,
    0xD506, 0xC485, 0xF609, 0xF5E8, 0xCCC5, 0xEDA7, 0xE566, 0xE544, 0xFE29, 0xFF11, 0xEDA6, 0xB424,
    0xB445, 0xAC04, 0xC485, 0xF5E7, 0xF5E6, 0xDD26, 0xDD46, 0xE565, 0xEDA6, 0xFE49, 0xEDE9, 0xABE4,
    0xAC24, 0xB424, 0xC485, 0xF609, 0xED86, 0xD4E6, 0xB445, 0xABE4, 0xAC04, 0xD4E5, 0xFDE8, 0xFE08,
    0xEDA7, 0xE566, 0xCCC6, 0xD4E6, 0xDD26, 0xDD26, 0xEDA7, 0xF5C7, 0xE546, 0xD505, 0xC4A5, 0xA3C3,
    0xEDC7, 0xF5E7, 0xF5E7, 0xED87,
    0xD505, 0xBCA5, 0xB464, 0xBC65, 0xC4A5, 0xD525, 0xF62A, 0xE5A7, 0xC4C5, 0xA3E4, 0xAC04, 0xD526,
    0xD526, 0xD526, 0xE5A7, 0xD526, 0xC4C5, 0xE5A7, 0xF608, 0xE586, 0xDD65, 0xDD66, 0xD525, 0xBCA4,
    0xAC23, 0xAC23, 0xAC03, 0xC4A4, 0xCCE5, 0xC4A4, 0xCCE5, 0xC4C4, 0xDD86, 0xF606, 0xFE48, 0xEDA6,
    0xDD66, 0xE586, 0xF5C7, 0xF628, 0xDD45, 0xF5E6, 0xF606, 0xD545, 0xBC83, 0xC4A4, 0xB463, 0xB463,
    0xAC23, 0xA3E3, 0xB463, 0xBC64, 0xBCA4, 0xC4C4, 0xC4C4, 0xEE07, 0xF626, 0xD525, 0xB443, 0xAC03,
    0xA403, 0xB444, 0x7B01, 0x8341, 0xAC23, 0xBCA4, 0xCD05, 0xBC84, 0xC4A4, 0xCCE5, 0xC4A4, 0xCCE4,
    0xDD85, 0xFE47, 0xDD85, 0xCCE5, 0xB443, 0xB464, 0xAC04, 0x9BC3, 0x8B83, 0x93A3, 0xEDE7, 0xBCA4,
    0xBC84, 0xC4A5, 0x7B03, 0x8B62, 0xB464, 0xA3E4, 0xAC44, 0xCCE5, 0xD545, 0xFE69, 0xEDC6, 0xC4C5,
    0xCD06, 0xBC84, 0x9BC3, 0xA403, 0xAC24, 0xA403, 0xAC24, 0xCCE4, 0xD546, 0xF5E8, 0xFE48, 0xF607,
    0xF5E7, 0xF607, 0xFE48, 0xFECD, 0xF649, 0xF5E7, 0xEDC7, 0xE5A7, 0xEDC7, 0xDD66, 0xA404, 0x9BC4,
    0xBC85, 0xE586, 0xFECD, 0xEDE7, 0x9BA4, 0x9BE4, 0xC4A5, 0xDD46, 0xE5A6, 0xE5A6, 0xE587, 0xCCE6,
    0xB444, 0xDD46, 0xF629, 0xFE8C, 0xEDC7, 0xD526, 0xD506, 0xB486, 0xE587, 0xE5A7, 0xD526, 0xB445,
    0xBC65, 0xBC85, 0xBCA6, 0xEDC7, 0xFE6A, 0xE566, 0xD505, 0xA3E3, 0x7B22, 0x6AA2, 0x8343, 0xA404,
    0xC4A6, 0xBCA5, 0xB465, 0xCCE6, 0xF648, 0xFE8B, 0xF648, 0xCCC5, 0x9383, 0xAC24, 0x8B84, 0xBCA5,
    0xD526, 0xFEAD, 0xFF11, 0xF66B, 0xDD67, 0xB465, 0xC4C5, 0xAC24, 0xEE49, 0xFEAB, 0xFE69, 0xCCE6,
    0xD506, 0xCCC5, 0xC4C5, 0xC4A5, 0xDD26, 0xFEAC, 0xD526, 0xE586, 0xEDE7, 0xE586, 0xD546, 0xB445,
    0x5A61, 0x8342, 0xBC64, 0xAC24, 0xE587, 0xDD87, 0xBC85, 0x93A3, 0xAC44, 0xB464, 0xC4C5, 0xD546,
    0xD526, 0xC4C6, 0xF608, 0xEDC7, 0xC4A5, 0xEDC7, 0xF607, 0xD504, 0xFECD, 0xFECD, 0xEDA6, 0xCCC5,
    0xBC85, 0xAC24, 0xC4A5, 0xF5E6, 0xEDE7, 0xDD45, 0xDD86, 0xEDC6, 0xF5E6, 0xFEAC, 0xE5C9, 0xAC03,
    0xA3E4, 0xBC65, 0xD506, 0xEE08, 0xE5A6, 0xD526, 0xAC45, 0x9BC4, 0xAC24, 0xE566, 0xF608, 0xF608,
    0xDD67, 0xEDC6, 0xDD26, 0xC4C5, 0xE587, 0xDD66, 0xF607, 0xF5E7, 0xDD66, 0xD525, 0xC4A5, 0xC4A5,
    0xF5C7, 0xF607, 0xF607, 0xE5A6,
    0xCD06, 0xC4C5, 0xB464, 0xB485, 0xC4C5, 0xD565, 0xF6CC, 0xEE09, 0xB485, 0x93A3, 0xAC64, 0xDD86,
    0xE5A6, 0xD545, 0xE5E7, 0xD546, 0xC4E5, 0xEE08, 0xEE08, 0xDDA7, 0xD566, 0xDD86, 0xDD86, 0xC4E5,
    0xAC23, 0xA403, 0xAC44, 0xBCC4, 0xD565, 0xCCE4, 0xC4E4, 0xC505, 0xE5C5, 0xFE47, 0xEE27, 0xE5C5,
    0xDDA6, 0xE5E6, 0xE5C7, 0xF668, 0xDDA6, 0xF626, 0xF626, 0xDD85, 0xBCC4, 0xC4E4, 0xC4C4, 0xC4C4,
    0xB483, 0x9BC2, 0xB464, 0xC4C4, 0xB483, 0xC4E4, 0xCCE4, 0xEE26, 0xFE87, 0xE5E5, 0xB483, 0xAC43,
    0xAC43, 0xB484, 0x8342, 0x8BA2, 0xA403, 0xBCA4, 0xC4C4, 0xBCC4, 0xC4C4, 0xBCA4, 0xAC63, 0xC4E4,
    0xD565, 0xE5A5, 0xE5C6, 0xDD85, 0xBC84, 0xB484, 0xA423, 0x9BE3, 0x8B82, 0x8B62, 0xDD67, 0xBCC5,
    0xC4C4, 0xB484, 0x9BC3, 0x9BE4, 0xA423, 0x9C04, 0xAC44, 0xC4C4, 0xDDA5, 0xFE68, 0xEDE6, 0xD526,
    0xCD05, 0xBCA4, 0x9C03, 0x8BA3, 0xAC44, 0x9BC3, 0xC4C5, 0xD545, 0xDD66, 0xEDE7, 0xFE69, 0xF647,
    0xFE47, 0xFE47, 0xFE47, 0xFECC, 0xFE67, 0xEE07, 0xEDE7, 0xE5E7, 0xF627, 0xCD25, 0xA404, 0xAC24,
    0xBCA5, 0xE5C6, 0xFEAA, 0xEE08, 0xAC45, 0xAC45, 0xBCA5, 0xDD86, 0xE5C6, 0xEDE6, 0xDDA6, 0xCD26,
    0xBCC5, 0xCD26, 0xFECE, 0xFEAA, 0xE5C7, 0xC4E6, 0xCCE6, 0xC4E6, 0xE5A7, 0xE5A7, 0xC506, 0xAC65,
    0xB4A5, 0xBCA5, 0xC4E6, 0xEE29, 0xFEEE, 0xDD66, 0xDD85, 0xAC44, 0x9BE3, 0x72E2, 0x6AA2, 0xA424,
    0xBCA5, 0xAC45, 0xBCA6, 0xBCA6, 0xFE68, 0xFEED, 0xFE69, 0xCD05, 0x93C3, 0x9BE3, 0x8B83, 0xB485,
    0xD525, 0xFEED, 0xFF30, 0xEE29, 0xD526, 0xAC65, 0xC4C6, 0xBCA5, 0xEE28, 0xFECB, 0xF648, 0xBCA5,
    0xCCE5, 0xCD26, 0xBCC5, 0xC505, 0xD566, 0xE5A6, 0xDDA6, 0xEDE6, 0xF647, 0xD525, 0xD546, 0xB464,
    0x5221, 0x7302, 0xC506, 0xC4C5, 0xE5C7, 0xDDA7, 0xAC24, 0xA3E4, 0xAC24, 0xAC45, 0xBCA6, 0xC506,
    0xDD67, 0xB465, 0xF607, 0xDD86, 0xBCC6, 0xE5C6, 0xF648, 0xC4C4, 0xFEED, 0xFEAA, 0xE5C7, 0xCD05,
    0xBCA5, 0xA404, 0xBCA4, 0xEE06, 0xEE07, 0xE5A6, 0xE5A5, 0xEE07, 0xF627, 0xFECC, 0xDDA8, 0xB464,
    0xA403, 0xBCA5, 0xD526, 0xE5E6, 0xE5C7, 0xC4E5, 0xAC45, 0xA3E4, 0xBC84, 0xE5A6, 0xF628, 0xDDA7,
    0xE587, 0xF647, 0xE5C6, 0xD525, 0xDDA7, 0xDDA6, 0xF627, 0xF607, 0xD546, 0xCD25, 0xC4C5, 0xD526,
    0xEDE7, 0xEE07, 0xF627, 0xEDE7,
    0xC505, 0xC4E5, 0xA444, 0xAC65, 0xBCE5, 0xD586, 0xF688, 0xE608, 0xB485, 0x9C24, 0xBCA5, 0xEE27,
    0xD546, 0xDDA6, 0xEE27, 0xE5E7, 0xCD46, 0xE5E7, 0xF647, 0xDDA6, 0xE5E7, 0xDDC6, 0xD586, 0xCD25,
    0xA443, 0x9C23, 0xAC44, 0xBCE4, 0xD585, 0xCD45, 0xBCE4, 0xD585, 0xDDA5, 0xF647, 0xEE05, 0xDDC5,
    0xDDC6, 0xEE07, 0xD586, 0xE5C6, 0xE5E6, 0xEE46, 0xF667, 0xCD65, 0xC505, 0xC525, 0xCD45, 0xCD65,
    0xBCE4, 0x8BC2, 0xAC63, 0xC505, 0xC505, 0xCD45, 0xCD24, 0xEE46, 0xFE86, 0xE605, 0xBCE4, 0xB4A4,
    0xAC43, 0xCD25, 0x7301, 0x9BE3, 0xA423, 0xBCC4, 0xB4C4, 0xBCA4, 0xAC63, 0xBCE4, 0xB483, 0xC4E4,
    0xDDC6, 0xDDA5, 0xE5E6, 0xD585, 0xBD04, 0xB484, 0xA443, 0x9C03, 0x8BA2, 0x93E3, 0xC4E5, 0xC4E4,
    0xBCA4, 0xB484, 0x9C04, 0x9BE3, 0x9BE3, 0x9BE3, 0xAC64, 0xBCC4, 0xE5E6, 0xFE87, 0xF647, 0xD586,
    0xC4E5, 0xBCE5, 0xA423, 0x93C3, 0xA443, 0xA403, 0xD565, 0xD585, 0xDDA6, 0xEE48, 0xFECA, 0xF647,
    0xFE88, 0xF667, 0xF667, 0xFF2F, 0xFE67, 0xEE47, 0xEE27, 0xF647, 0xF647, 0xD565, 0x8BC3, 0xA444,
    0xBCE5, 0xE606, 0xFEC9, 0xE66E, 0xA444, 0xB484, 0xC505, 0xE5E7, 0xEE07, 0xEE27, 0xE5E6, 0xC505,
    0xC505, 0xCD26, 0xFEED, 0xFEA9, 0xD587, 0xC506, 0xC506, 0xCD26, 0xDDA7, 0xE5E7, 0xBCE6, 0xB4A5,
    0xBCC6, 0xC506, 0xBCE6, 0xF68A, 0xFEED, 0xE5C6, 0xDDA6, 0xAC64, 0x8BC3, 0x9C04, 0x4A00, 0xA445,
    0xC506, 0xB4A5, 0xCD26, 0xCD25, 0xFE88, 0xFF0E, 0xF6AC, 0xCD25, 0xB484, 0x9C04, 0x93C3, 0xB485,
    0xBCE5, 0xFEED, 0xFF72, 0xE5E7, 0xB485, 0xAC65, 0xBCE5, 0xD566, 0xEE27, 0xFEC9, 0xEE47, 0xAC64,
    0xA404, 0xC505, 0xA444, 0xBCC5, 0xDDC6, 0xCD25, 0xEE27, 0xF647, 0xFE67, 0xD5A6, 0xCD26, 0xB4A5,
    0x6AE1, 0x62A2, 0xBCA5, 0xBCE5, 0xE5E7, 0xDDA7, 0xB485, 0x7B42, 0x9C03, 0xBCA5, 0xC505, 0xC506,
    0xC506, 0xBCC6, 0xDDA7, 0xD566, 0xC505, 0xE627, 0xE607, 0xE5C6, 0xFECA, 0xFEA9, 0xDDA6, 0xC505,
    0xC4E5, 0xA424, 0xB4A4, 0xE5E6, 0xEE27, 0xE5E6, 0xE5E6, 0xEE27, 0xF647, 0xFEA8, 0xD586, 0xC4E5,
    0xA443, 0xB4A5, 0xCD45, 0xE607, 0xE606, 0xCD66, 0xB4A5, 0xAC64, 0xC4E5, 0xDDC6, 0xFE88, 0xDDC7,
    0xE5E7, 0xF626, 0xEE26, 0xDDC6, 0xD586, 0xEE07, 0xEE27, 0xEE27, 0xBCC4, 0xC525, 0xBCE5, 0xCD26,
    0xEE07, 0xF667, 0xF647, 0xEE27,
    0xCD45, 0xC525, 0xA445, 0xAC85, 0xC526, 0xE607, 0xF6A8, 0xD586, 0xAC65, 0x9C24, 0xA444, 0xE606,
    0xD586, 0xE627, 0xEE47, 0xE5E7, 0xCD66, 0xDDE6, 0xF688, 0xD5A6, 0xDDE6, 0xD5C6, 0xD586, 0xCD86,
    0xAC64, 0x9C03, 0xA443, 0xBCE4, 0xD5C5, 0xDDE6, 0xC544, 0xCD65, 0xD5A5, 0xF647, 0xEE46, 0xDDE6,
    0xDDC6, 0xE607, 0xCD86, 0xD5A6, 0xE606, 0xE606, 0xFEA7, 0xD5A5, 0xCD65, 0xCD65, 0xCD85, 0xCD85,
    0xB4C4, 0x93E2, 0xAC83, 0xBCE4, 0xBCE4, 0xC545, 0xDDE5, 0xF686, 0xF686, 0xDDE5, 0xC525, 0xB4C4,
    0xB484, 0xC505, 0x7321, 0x93E2, 0xAC84, 0xB4C4, 0xBD04, 0xB4A3, 0xB4A4, 0xCD65, 0xB4A3, 0xBCE4,
    0xE605, 0xE606, 0xEE46, 0xD5A5, 0xC504, 0xBCC4, 0xA443, 0x9BE3, 0x8BA3, 0x83A2, 0xC506, 0xBD05,
    0xAC84, 0xAC64, 0xAC84, 0x9403, 0x9BE3, 0x9C23, 0xAC63, 0xBCE5, 0xDDC6, 0xF687, 0xF647, 0xD5A5,
    0xBCE5, 0xBD05, 0xA463, 0x8BC3, 0xAC84, 0xAC64, 0xCD45, 0xD5A5, 0xDDC6, 0xEE27, 0xFEC8, 0xF687,
    0xF6A8, 0xF667, 0xFE87, 0xFF2E, 0xEE47, 0xE627, 0xE607, 0xEE48, 0xFEA8, 0xC524, 0x9403, 0x9C24,
    0xCD85, 0xDDC6, 0xFF0C, 0xE68F, 0x8BA3, 0xA444, 0xC545, 0xE5E7, 0xEE27, 0xEE48, 0xEE27, 0xCD46,
    0xCD46, 0xD587, 0xFECA, 0xEE28, 0xD586, 0xC546, 0xCD66, 0xCD66, 0xD5C7, 0xD5A6, 0xD5A7, 0xB4A5,
    0xCD46, 0xC546, 0xE5E7, 0xFEA8, 0xFF0C, 0xEE47, 0xCD86, 0xAC84, 0x8BA4, 0xA444, 0x62A1, 0xB4A5,
    0xCD66, 0xCD66, 0xCD66, 0xE605, 0xFEA8, 0xFEEC, 0xF6CC, 0xCD45, 0xBCC4, 0x9C03, 0x9C23, 0xB484,
    0xBD05, 0xFEC9, 0xFF2E, 0xEE8A, 0xC506, 0xB4A5, 0xBCE5, 0xD5A6, 0xEE47, 0xFEC9, 0xEE48, 0xB4A4,
    0xA443, 0xAC64, 0x8362, 0xB4A4, 0xE5E6, 0xACA3, 0xF688, 0xEE47, 0xF6A8, 0xE607, 0xC505, 0xB4C4,
    0x8383, 0x6AC1, 0xB4A4, 0xC505, 0xD5A6, 0xDDC6, 0xBCE5, 0x83A3, 0x9C04, 0xB4A4, 0xD586, 0xD587,
    0xC505, 0xBCE6, 0xCD66, 0xC566, 0xDDC6, 0xDDE7, 0xC503, 0xEE25, 0xFF0B, 0xFEEB, 0xD5A5, 0xC504,
    0xC505, 0xA464, 0xAC64, 0xE607, 0xF688, 0xDDE6, 0xE607, 0xEE47, 0xEE47, 0xFEC8, 0xDDC7, 0xB484,
    0xAC64, 0xB4A4, 0xCD45, 0xE607, 0xE607, 0xCD25, 0xAC84, 0x93E3, 0xBCE5, 0xDDC6, 0xF687, 0xEE27,
    0xE627, 0xF667, 0xEE27, 0xDE06, 0xCD86, 0xF668, 0xEE47, 0xDDC7, 0xC525, 0xD5C6, 0xBD05, 0xBCE5,
    0xEE47, 0xEE67, 0xFE87, 0xF667,
    0xC526, 0xCD85, 0xACA5, 0xA444, 0xC546, 0xE627, 0xFEC8, 0xDDE7, 0xA444, 0x9404, 0xA464, 0xDDC6,
    0xE647, 0xD5C6, 0xE627, 0xE627, 0xCD86, 0xDE27, 0xF6A8, 0xDDE7, 0xDE07, 0xD5E6, 0xDDC6, 0xCDA6,
    0xAC84, 0x8BE3, 0xA443, 0xBD04, 0xD5C6, 0xCDA6, 0xBCE4, 0xC544, 0xDDE6, 0xEE67, 0xE646, 0xE626,
    0xDDE6, 0xDDE6, 0xCDA6, 0xD5A6, 0xE646, 0xE626, 0xF687, 0xDE06, 0xD5C5, 0xC565, 0xCD85, 0xC545,
    0xBCE4, 0xA463, 0xACA3, 0xC524, 0xBD04, 0xCD85, 0xE626, 0xF6A7, 0xF6A7, 0xE606, 0xC544, 0xACA3,
    0xB4C4, 0xB4C4, 0x8BC2, 0x8BC2, 0xB4A4, 0xC524, 0xC565, 0xBD04, 0xBD04, 0xD5A6, 0xAC63, 0xB4E4,
    0xEE89, 0xE646, 0xEE46, 0xD5E6, 0xC545, 0xC524, 0x9C23, 0x83A2, 0x8BE2, 0x83A2, 0xBCE5, 0xC525,
    0xBD05, 0xBD25, 0xBD05, 0x9C43, 0x9403, 0x9C43, 0xAC84, 0xB4C4, 0xD5A5, 0xF687, 0xEE47, 0xCDA5,
    0xBCE5, 0xB4C4, 0xA443, 0x8BC3, 0xACA4, 0xAC83, 0xBD24, 0xD5C6, 0xDE06, 0xEE47, 0xFEC8, 0xFEC8,
    0xF6A7, 0xF6A7, 0xF6A8, 0xFF4D, 0xE647, 0xEE67, 0xE627, 0xEE87, 0xFF09, 0xBCE4, 0xA464, 0x93E3,
    0xC585, 0xDDE6, 0xFF0A, 0xF6A9, 0x8BC3, 0x9424, 0xCD45, 0xD5C6, 0xE647, 0xE647, 0xDDE6, 0xD5C6,
    0xCD86, 0xCDA6, 0xFEE9, 0xDDE7, 0xCD86, 0xBCE6, 0xC546, 0xCDA7, 0xDDC7, 0xCD66, 0xD5C7, 0xBD25,
    0xC546, 0xC566, 0xE627, 0xFF0A, 0xFF4F, 0xEE88, 0xCDA6, 0xBD05, 0x83A3, 0x83A4, 0x7B63, 0x8BE4,
    0xCD67, 0xC566, 0xCDA6, 0xDDE3, 0xFEA6, 0xFEC9, 0xF6C8, 0xBD25, 0xC544, 0x9402, 0xA444, 0xACA4,
    0xC525, 0xFEC8, 0xFF2B, 0xEE89, 0xBD25, 0xB4A5, 0xAC85, 0xD5C6, 0xE627, 0xFEA8, 0xEE46, 0xC545,
    0xAC83, 0x9C23, 0x83A2, 0xAC63, 0xDE06, 0xC544, 0xE647, 0xF687, 0xF687, 0xEE47, 0xA463, 0xC525,
    0x62A1, 0x6AE1, 0xB4E5, 0xC525, 0xCD86, 0xE647, 0xB4C5, 0x9C43, 0x9C23, 0xACA4, 0xCDA6, 0xD5C7,
    0xCD86, 0xBD25, 0xCDA6, 0xCD86, 0xE626, 0xD5C5, 0xCD40, 0xEE44, 0xFF0A, 0xFEE9, 0xD5A5, 0xBD25,
    0xBD05, 0xAC64, 0xBCE5, 0xE607, 0xF6A8, 0xE626, 0xE627, 0xF687, 0xF6A8, 0xFEC8, 0xD5A6, 0xACA4,
    0xA463, 0xAC84, 0xC544, 0xDE06, 0xDE07, 0xC525, 0xA464, 0x8363, 0xBCE5, 0xDE07, 0xEE67, 0xE627,
    0xF688, 0xF687, 0xEE47, 0xDE06, 0xDDE6, 0xF6C8, 0xEE67, 0xDE07, 0xCD86, 0xD5C6, 0xC525, 0xC545,
    0xEE67, 0xEE67, 0xFEE8, 0xF667,
    0xCDC6, 0xBD25, 0xB4E5, 0x9C44, 0xACA5, 0xE667, 0xEE88, 0xD5E6, 0x9C63, 0xAC84, 0xA4A4, 0xCDC6,
    0xEE67, 0xCDC6, 0xE647, 0xDE27, 0xD5C6, 0xDE27, 0xEEA7, 0xE647, 0xDE06, 0xDDE6, 0xDE07, 0xCDA5,
    0xB4E5, 0x9403, 0x9C43, 0xBD24, 0xD5E6, 0xD5E6, 0xB504, 0xC584, 0xE646, 0xEE87, 0xE646, 0xE666,
    0xD5E6, 0xD5E6, 0xBD45, 0xD5A5, 0xDE26, 0xEE87, 0xEEA7, 0xDE26, 0xD5E6, 0xCDA5, 0xCDA5, 0xBD25,
    0xB504, 0xA463, 0xBD04, 0xC585, 0xB503, 0xDE45, 0xDE06, 0xF6E9, 0xFF2A, 0xEEA6, 0xBD24, 0xB4E4,
    0xBD04, 0xB4E4, 0x8BC2, 0x83C2, 0xB4E4, 0xCDC5, 0xC565, 0xC565, 0xC565, 0xDE06, 0xACC3, 0xBD44,
    0xEE88, 0xEE86, 0xE646, 0xE666, 0xC585, 0xBD24, 0x9C43, 0x8BC2, 0x83A2, 0x8382, 0xA484, 0xBD25,
    0xBD45, 0xCDA5, 0xC566, 0xA484, 0x9423, 0x9423, 0xA484, 0xC545, 0xD5E6, 0xEE87, 0xDE25, 0xBD45,
    0xB4C4, 0xB4C4, 0x8BE2, 0x83C2, 0xACA4, 0xACA3, 0xCDA6, 0xCDC6, 0xDE26, 0xEE87, 0xF6C7, 0xFF08,
    0xF6E7, 0xF6C7, 0xF6E8, 0xFF2C, 0xEE87, 0xEE87, 0xEE87, 0xF6C8, 0xFF09, 0xD5E5, 0xACC4, 0x9403,
    0xB4E5, 0xC545, 0xEECB, 0xFF08, 0xB505, 0xACA4, 0xE667, 0xDE07, 0xE647, 0xF6EA, 0xD606, 0xD5E6,
    0xD5E6, 0xCDC6, 0xF708, 0xDE07, 0xC586, 0xBD26, 0xC566, 0xD607, 0xD5C7, 0xCDC6, 0xCDC6, 0xBD25,
    0xC586, 0xCDA7, 0xDE27, 0xFF2C, 0xFF6E, 0xE666, 0xD5C6, 0xACC5, 0x8BC4, 0x7B63, 0x83C4, 0x9C24,
    0xBD26, 0xC586, 0xCDC6, 0xCDA4, 0xEE85, 0xFEE7, 0xF6CA, 0xBD24, 0xC565, 0xACC3, 0xACA4, 0xB4C4,
    0xDE26, 0xF6C8, 0xFF4B, 0xE666, 0xC545, 0xB505, 0xB4C5, 0xBD25, 0xD5C6, 0xEEA7, 0xEE87, 0xCD65,
    0xACC4, 0x9423, 0x9C23, 0x8BE3, 0xBD45, 0xD5E6, 0xE627, 0xEEA8, 0xEE87, 0xD5E6, 0xACA4, 0xC545,
    0x7B82, 0x8382, 0xB4A4, 0xBD25, 0xCDA6, 0xDE26, 0xBD45, 0x9C63, 0x9443, 0xACA4, 0xCDA6, 0xCDC6,
    0xBD06, 0xBD46, 0xC586, 0xCDC5, 0xE666, 0xDE24, 0xCD80, 0xEE86, 0xFF2A, 0xF6E7, 0xCDA6, 0xBD25,
    0xC565, 0xACA4, 0xBD24, 0xDE26, 0xF6C7, 0xDE27, 0xE647, 0xF6C8, 0xF6E8, 0xEEA7, 0xDE06, 0xB4E4,
    0xACA4, 0xACA3, 0xBD45, 0xF6A8, 0xDE27, 0xB4E5, 0xA484, 0x9C24, 0xBD25, 0xDE06, 0xEEA8, 0xEE68,
    0xEE87, 0xF6C7, 0xEE87, 0xE667, 0xE647, 0xEE87, 0xDE27, 0xCDA6, 0xC565, 0xCDA6, 0xC545, 0xDE06,
    0xEE67, 0xEE67, 0xF6E8, 0xE667,
    0xCDE6, 0xB525, 0xB525, 0xA484, 0xB4E5, 0xF6E8, 0xE687, 0xC585, 0xA464, 0xA4A4, 0x9443, 0xCDA6,
    0xE6A7, 0xD627, 0xE687, 0xD626, 0xD5E7, 0xD607, 0xEEC7, 0xE687, 0xD606, 0xD606, 0xDE26, 0xCDC5,
    0xC585, 0x8C03, 0x9C63, 0xACE4, 0xCDC5, 0xE666, 0xCDE6, 0xC5A5, 0xE666, 0xE687, 0xEEA7, 0xEEC6,
    0xD606, 0xD5E6, 0xBD45, 0xCDA5, 0xDE46, 0xEEA7, 0xF6E7, 0xDE46, 0xD606, 0xCDE6, 0xCDC5, 0xC585,
    0xACC3, 0x9C63, 0xBD24, 0xC585, 0xBD64, 0xE686, 0xDE25, 0xF707, 0xFF27, 0xF6E7, 0xC5A5, 0xBD65,
    0xC585, 0xBD24, 0x8C22, 0x9402, 0x9463, 0xD5E5, 0xC5A5, 0xC585, 0xC5A5, 0xCDC5, 0xB523, 0xC584,
    0xD604, 0xE665, 0xEEA6, 0xEEC7, 0xCDC5, 0xB504, 0xA483, 0x9422, 0x83E2, 0x7B82, 0x9423, 0xB504,
    0xB525, 0xC585, 0xCDC6, 0xACA4, 0xA4A4, 0x9C43, 0xA484, 0xC5A5, 0xD606, 0xEEA7, 0xD605, 0xACC4,
    0xB4E4, 0xA464, 0x9423, 0x83E2, 0xACC4, 0xA483, 0xCDC5, 0xD605, 0xD626, 0xEEA7, 0xF6E7, 0xF708,
    0xF6E8, 0xEEC7, 0xFF28, 0xF709, 0xEEC7, 0xE667, 0xEEA7, 0xEE87, 0xF72C, 0xC5A4, 0xB504, 0xA4A4,
    0x8C25, 0xBD65, 0xF72F, 0xF709, 0xD5E5, 0xC585, 0xEEC8, 0xDE47, 0xE667, 0xFF2A, 0xDE47, 0xDE26,
    0xE667, 0xEEC7, 0xF708, 0xD606, 0xC546, 0xBD25, 0xC5A6, 0xD607, 0xD607, 0xD607, 0xD5C6, 0xB505,
    0xC566, 0xD5E7, 0xD627, 0xFF2A, 0xFF6C, 0xEEA7, 0xC585, 0x9C84, 0x9444, 0x7B63, 0x8C04, 0xA485,
    0xA4C4, 0xCDC7, 0xD5C6, 0xD5E6, 0xE665, 0xFF27, 0xD603, 0xBD23, 0xCDA6, 0xBD25, 0xACE4, 0xB4E4,
    0xDE26, 0xEEA7, 0xFF4A, 0xEEA7, 0xCDE6, 0xB505, 0xB505, 0xB505, 0xC5A5, 0xF6E7, 0xEEC7, 0xC5A5,
    0xACE4, 0xA484, 0x83E2, 0x9423, 0xBD25, 0xC586, 0xDE47, 0xEEC8, 0xEEA8, 0xD5E7, 0xA4A4, 0xA4A4,
    0x9C43, 0x8BE3, 0xB4E4, 0xCDA5, 0xD605, 0xD605, 0xC565, 0x9C63, 0x9423, 0xACC5, 0xD5E6, 0xD5E7,
    0xB506, 0xCDA6, 0xC586, 0xC5A5, 0xDE46, 0xE665, 0xDE45, 0xF6C7, 0xFF4A, 0xFF07, 0xC566, 0xBD25,
    0xBD65, 0xB4E4, 0xC565, 0xE686, 0xFF08, 0xD606, 0xE667, 0xF6E7, 0xFF08, 0xEEA7, 0xF6E7, 0xA483,
    0xB4E4, 0xACC4, 0xBD25, 0xEE88, 0xD5E6, 0xACE5, 0xA484, 0xA4A4, 0xACC5, 0xCDE6, 0xEEA7, 0xEEA7,
    0xEEA7, 0xF6C7, 0xEEA7, 0xF6C8, 0xE667, 0xDE47, 0xD627, 0xD5E6, 0xC585, 0xD5E6, 0xD5C6, 0xD606,
    0xEE87, 0xE667, 0xEEC8, 0xE687,
    0xDE27, 0xC585, 0xB505, 0xA4A5, 0x9484, 0xF708, 0xEEC8, 0xC585, 0xACE5, 0x9424, 0xA483, 0xC5A5,
    0xDE87, 0xEEC8, 0xE687, 0xDE47, 0xCDE6, 0xDE47, 0xE6A7, 0xE6A7, 0xD627, 0xCE06, 0xCE06, 0xCDC5,
    0xBD65, 0x8C03, 0xA484, 0xB524, 0xC5A5, 0xE687, 0xD646, 0xC5C5, 0xEEA7, 0xEEC7, 0xEEC7, 0xEEC7,
    0xDE46, 0xCDE6, 0xBD85, 0xC5C5, 0xE687, 0xE6A7, 0xEEE7, 0xEEC7, 0xD606, 0xD606, 0xCDE5, 0xC5A4,
    0xA4A3, 0xA483, 0xB524, 0xC5C5, 0xCDE5, 0xD645, 0xE6A6, 0xF707, 0xFF27, 0xEEC6, 0xD625, 0xBD45,
    0xBD65, 0xC585, 0x9442, 0x9442, 0xACE4, 0xBD85, 0xC5A5, 0xC5C5, 0xC5A5, 0xC5C4, 0xBD43, 0xCDE4,
    0xDE46, 0xEEA6, 0xE6A7, 0xE687, 0xCDE5, 0xB525, 0xB504, 0x9C83, 0x8C23, 0x83C3, 0x9C63, 0xAD04,
    0xBD65, 0xD626, 0xC5C6, 0xACC4, 0xA4A3, 0x9C63, 0xACC4, 0xC5A5, 0xD626, 0xEEC7, 0xD626, 0xAD04,
    0xACC4, 0x9423, 0x9C43, 0x7382, 0xACC4, 0xACC4, 0xC5A5, 0xD646, 0xDE46, 0xE6A7, 0xE6A7, 0xF708,
    0xF708, 0xF6E7, 0xF728, 0xF728, 0xE6A7, 0xE6A7, 0xDE66, 0xEEE8, 0xEEE7, 0xCDE5, 0xAD03, 0x9C83,
    0x9C85, 0xCDE6, 0xEEE7, 0xF749, 0xD626, 0xD626, 0xE6A7, 0xE667, 0xDE46, 0xEEA7, 0xDE66, 0xD626,
    0xDE67, 0xEEA7, 0xF6E8, 0xCDC6, 0xB505, 0xB525, 0xC5A6, 0xD647, 0xD627, 0xD627, 0xC5A6, 0xBD86,
    0xB525, 0xC5A6, 0xDE47, 0xF6E8, 0xFF4A, 0xE6A7, 0xB504, 0x9464, 0x8C23, 0x6B42, 0x7B83, 0x9C65,
    0xA4C5, 0xB526, 0xDE67, 0xDE47, 0xDE66, 0xEEC5, 0xC5A0, 0xBD22, 0xDE46, 0xACE4, 0xACE4, 0xBD65,
    0xD627, 0xEEC7, 0xF6E8, 0xDE67, 0xCDE6, 0xBD65, 0xC586, 0xACC4, 0xD646, 0xF708, 0xEEE7, 0xBD64,
    0xB504, 0xAD04, 0x83E2, 0x9C42, 0xBD44, 0xC5A5, 0xE687, 0xF708, 0xEEA7, 0xDE68, 0xB505, 0x9C64,
    0x9423, 0x83C3, 0xB525, 0xC5A5, 0xD626, 0xD606, 0xBD45, 0x9423, 0x9424, 0xB505, 0xCE06, 0xDE47,
    0xC5A5, 0xBD65, 0xBD86, 0xC585, 0xDE46, 0xF6E7, 0xEEC7, 0xFF28, 0xFF68, 0xF728, 0xC585, 0xBD65,
    0xB525, 0xB505, 0xC5A5, 0xDE46, 0xF6E7, 0xEEA7, 0xE687, 0xF727, 0xFF28, 0xEEC7, 0xEEA7, 0xA464,
    0xB505, 0xA4A4, 0xBD65, 0xE687, 0xD606, 0xBD85, 0x9C64, 0xA484, 0xACE4, 0xD626, 0xE687, 0xEEA7,
    0xEEC7, 0xEEA7, 0xE6A7, 0xEEC8, 0xDE46, 0xDE67, 0xDE47, 0xDE27, 0xCDC6, 0xDE47, 0xCE06, 0xDE47,
    0xEEA7, 0xDE47, 0xE687, 0xE6A7,
    0xD646, 0xC5A6, 0xBD45, 0xA4C5, 0x9C84, 0xEF09, 0xF74B, 0xC5A5, 0xB545, 0x8C03, 0xACC4, 0xBDA5,
    0xE6A7, 0xF728, 0xE6A7, 0xD647, 0xCDE6, 0xD647, 0xDEA7, 0xE6A7, 0xE687, 0xD646, 0xCDE6, 0xC5C5,
    0xB524, 0x9443, 0x9C64, 0xB524, 0xC5C5, 0xD626, 0xDE67, 0xDE86, 0xF708, 0xF727, 0xF727, 0xE6C7,
    0xDE67, 0xCDE5, 0xBD85, 0xCDE5, 0xDE66, 0xE6C7, 0xEEE7, 0xE6C7, 0xDE66, 0xDE66, 0xCDE5, 0xBD84,
    0xB564, 0xBD44, 0xBD84, 0xC5E5, 0xCE26, 0xD625, 0xE6C6, 0xEF07, 0xF727, 0xEEE7, 0xDE86, 0xBD64,
    0xBD44, 0xCDE5, 0x9462, 0xA4A3, 0xB524, 0xB545, 0xC5A5, 0xCDE5, 0xC5C5, 0xD623, 0xCDE5, 0xD626,
    0xE6A7, 0xF728, 0xEEC7, 0xE686, 0xD626, 0xBD85, 0xB504, 0x9C83, 0xA4A4, 0x9423, 0x7362, 0xBD65,
    0xBD85, 0xD606, 0xC5A5, 0xACE4, 0x9C63, 0x9443, 0xAD04, 0xD626, 0xDE66, 0xEEE7, 0xD626, 0xBD45,
    0xACE4, 0x9C63, 0x9443, 0x8C02, 0xA4C4, 0xB524, 0xCE05, 0xCE05, 0xDE66, 0xDE86, 0xDEA6, 0xEEE7,
    0xFF69, 0xEEC7, 0xFF69, 0xFF48, 0xE6A7, 0xE687, 0xE686, 0xEEC8, 0xEF07, 0xCDE5, 0xAD23, 0x9C84,
    0x9C84, 0xCDE6, 0xEF07, 0xFF8C, 0xD607, 0xE687, 0xEEE7, 0xDE67, 0xDE67, 0xEEE7, 0xE6A6, 0xD626,
    0xE687, 0xE687, 0xE6A7, 0xC5C6, 0xA4C4, 0xAD05, 0xC5C6, 0xDE87, 0xCDE6, 0xCDE6, 0xCE06, 0xCE07,
    0xC5C6, 0xB525, 0xCE06, 0xEEE8, 0xFF6B, 0xD647, 0xBD65, 0x9CA4, 0x8403, 0x6B01, 0x7382, 0x9444,
    0xA4C5, 0xA4C5, 0xE6C7, 0xD627, 0xE687, 0xEEA6, 0xCDC2, 0xC5A3, 0xE6C7, 0xBD45, 0xBD45, 0xC5A5,
    0xDE87, 0xEEE7, 0xE6C7, 0xCE07, 0xBDA6, 0xC5C6, 0xC5C6, 0xA4A4, 0xD626, 0xF728, 0xEEE7, 0xBD65,
    0xACE4, 0xA4C4, 0x83E2, 0x8C23, 0xB524, 0xBD64, 0xDE87, 0xF749, 0xE6A7, 0xE688, 0xBD65, 0xA4A4,
    0xA4C4, 0x9443, 0xB545, 0xCDC6, 0xDE66, 0xCE05, 0xBDA5, 0xA4C4, 0x9443, 0xACE4, 0xCE06, 0xDE87,
    0xBD65, 0xBDA6, 0xBD85, 0xC5A5, 0xE6A7, 0xEEC7, 0xEEE7, 0xFF68, 0xFF68, 0xF728, 0xCE06, 0xBD85,
    0xB565, 0xB544, 0xB545, 0xCE05, 0xEEE7, 0xEEC7, 0xEEE6, 0xFF48, 0xF748, 0xEEE7, 0xDE67, 0xB524,
    0xACC4, 0x9C64, 0xB545, 0xD646, 0xDE66, 0xB545, 0xA4A4, 0xA4A4, 0xBDA5, 0xDE47, 0xEEE7, 0xEEE8,
    0xF708, 0xEEC7, 0xE687, 0xE6A7, 0xDE67, 0xDE67, 0xDE67, 0xD626, 0xCE06, 0xD626, 0xD627, 0xDE87,
    0xDE66, 0xCDE6, 0xDE87, 0xE6A7,
    0xD666, 0xD647, 0xCE06, 0xA4E4, 0xB585, 0xF74B, 0xEF29, 0xA4A4, 0xAD45, 0x9464, 0xAD04, 0xC5E5,
    0xEF08, 0xF748, 0xDEA7, 0xD667, 0xD646, 0xCE26, 0xDE87, 0xE6C7, 0xDEA7, 0xDE87, 0xCE25, 0xC5C5,
    0xBDA5, 0x9463, 0x9443, 0xAD04, 0xC5E5, 0xD646, 0xDE87, 0xDE67, 0xF748, 0xEF08, 0xF748, 0xEF07,
    0xDE87, 0xCE26, 0xBDA5, 0xCE26, 0xCE06, 0xE6E7, 0xEF07, 0xEF07, 0xE6C7, 0xDEA7, 0xCE05, 0xC5C5,
    0xCE05, 0xBD84, 0xCE05, 0xC5E5, 0xCE45, 0xDE86, 0xE6C6, 0xEF07, 0xEF07, 0xEF07, 0xDE86, 0xC5C5,
    0xC5C5, 0xC5E5, 0x9CA3, 0xACE3, 0xAD04, 0xB565, 0xC5E5, 0xCE05, 0xC5E5, 0xEF30, 0xCE05, 0xDE66,
    0xE6E6, 0xE6E6, 0xE6C6, 0xDEA6, 0xD666, 0xC5C5, 0xA4E4, 0x8C43, 0xAD04, 0x9463, 0x7BA2, 0xBDA5,
    0xBDA5, 0xC5E6, 0xC5C5, 0xA4E4, 0xA4C4, 0xA4A4, 0xAD04, 0xCE06, 0xEF07, 0xDE86, 0xD646, 0xBDA5,
    0xAD04, 0xA4A4, 0x9463, 0x9C83, 0xA4C4, 0xAD04, 0xCE25, 0xCE26, 0xDEA6, 0xE6C6, 0xE6A6, 0xEF07,
    0xF728, 0xEF07, 0xF748, 0xF748, 0xE6A7, 0xD667, 0xEEE7, 0xEEC7, 0xE6E7, 0xBDC5, 0xAD03, 0xB525,
    0x9464, 0xC5C5, 0xEF0A, 0xFFAB, 0xEEE8, 0xE6E7, 0xF748, 0xD667, 0xDE86, 0xE6C7, 0xEF07, 0xDEA7,
    0xEEE7, 0xE6C7, 0xDE86, 0xC5E5, 0xAD05, 0xA4E4, 0xCE27, 0xDEA7, 0xC606, 0xCE27, 0xCE27, 0xCE27,
    0xC5C6, 0xAD25, 0xCE26, 0xEF07, 0xFFAC, 0xE6C8, 0xBDA5, 0xAD04, 0x8C03, 0x62E2, 0x7BC3, 0x8423,
    0xAD26, 0xAD06, 0xDEA7, 0xD647, 0xEF08, 0xEF08, 0xEEE7, 0xDE87, 0xE6C8, 0xCE05, 0xAD24, 0xCE06,
    0xE6A6, 0xEEE7, 0xD666, 0xC5C6, 0xB545, 0xC5C6, 0xBDA5, 0xC5A5, 0xBDA5, 0xF727, 0xE6C7, 0xAD04,
    0x9C63, 0x9C64, 0x9443, 0x83E2, 0xBD64, 0xAD24, 0xD646, 0xEF28, 0xE6C7, 0xE6A7, 0xCDE6, 0x9C84,
    0xBD85, 0xA4C4, 0xB545, 0xDE67, 0xDEA6, 0xBDC4, 0xC5E5, 0xACE4, 0x9C84, 0xA4C4, 0xBDA5, 0xD647,
    0xB565, 0xBDA6, 0xBDA6, 0xC5E6, 0xDEA6, 0xEF07, 0xF748, 0xFF88, 0xFF88, 0xEEE7, 0xCE26, 0xC5C5,
    0xBDA4, 0xBD84, 0xBD85, 0xCE05, 0xDEA7, 0xEEE7, 0xF748, 0xFF88, 0xFF68, 0xEF27, 0xDE66, 0xBDC5,
    0xA4C4, 0x9C84, 0xBD65, 0xD625, 0xD666, 0xB525, 0xAD04, 0xBD85, 0xC5E6, 0xD626, 0xE6C7, 0xEF08,
    0xEF28, 0xE6E8, 0xE6C7, 0xDEA7, 0xDE87, 0xCE06, 0xD666, 0xDE87, 0xCE06, 0xD626, 0xDE87, 0xDE87,
    0xD646, 0xBDA5, 0xD626, 0xDE87,
    0xD687, 0xDEA7, 0xD667, 0xA4E5, 0xB545, 0xFF89, 0xE6C7, 0xA4E4, 0xAD45, 0xA4C4, 0xAD24, 0xCE46,
    0xEF28, 0xF769, 0xE6E7, 0xDEA7, 0xD666, 0xDE87, 0xDE67, 0xEF28, 0xDEA7, 0xD687, 0xCE06, 0xBDC5,
    0xAD25, 0x8C43, 0x8C63, 0xAD04, 0xBDC5, 0xDE87, 0xD666, 0xD646, 0xEF28, 0xF768, 0xF748, 0xEF07,
    0xDE87, 0xCE46, 0xC5E6, 0xC606, 0xD646, 0xDEA6, 0xE6E7, 0xE6E7, 0xEF07, 0xE6C7, 0xCE25, 0xC5E5,
    0xD646, 0xB564, 0xCE05, 0xCE05, 0xC5E4, 0xEEE7, 0xDEA6, 0xEF47, 0xEF27, 0xE6E6, 0xDE86, 0xCE46,
    0xC605, 0xBDA4, 0xAD24, 0xA4E3, 0xB584, 0xBDC5, 0xCE25, 0xCE25, 0xC605, 0xEF4F, 0xC5E5, 0xCE45,
    0xE6E7, 0xEEE7, 0xE6E7, 0xDE87, 0xD666, 0xBD85, 0xAD24, 0x9463, 0x9463, 0x9C83, 0xA4C4, 0xAD44,
    0xC5E5, 0xC5E6, 0xBDC5, 0xB544, 0xA4E4, 0xB544, 0xAD24, 0xDEA7, 0xDEA7, 0xCE26, 0xD686, 0xCE05,
    0xAD24, 0x9C83, 0x9C83, 0x9C83, 0xA4E4, 0xBD84, 0xC5E5, 0xCE25, 0xD686, 0xEEE6, 0xDEC6, 0xEF27,
    0xEF48, 0xEF28, 0xF748, 0xEF27, 0xE6E7, 0xDEA7, 0xE6E7, 0xEF28, 0xE6E7, 0xD666, 0xB564, 0xA4C5,
    0xAD05, 0xC5E6, 0xEF0B, 0xFFAD, 0xEF07, 0xE6C7, 0xF769, 0xD666, 0xDE86, 0xE707, 0xEF07, 0xEF08,
    0xE6E7, 0xE6A7, 0xDE86, 0xBDA5, 0xAD25, 0xA4E4, 0xCE27, 0xD687, 0xD667, 0xCE47, 0xD667, 0xC607,
    0xBDA6, 0xAD25, 0xC606, 0xE707, 0xF788, 0xEF08, 0xC5E5, 0xB545, 0x73A2, 0x7362, 0x7BC3, 0x83E3,
    0xAD25, 0xAD26, 0xD647, 0xDE67, 0xEF48, 0xEF08, 0xEF28, 0xDE86, 0xD667, 0xD666, 0xBD85, 0xD626,
    0xDEA7, 0xE6E7, 0xD645, 0xBD85, 0xAD05, 0xBDA5, 0xC5E6, 0xBDA5, 0xBDA4, 0xEF47, 0xEEE7, 0xACE4,
    0x8C43, 0x9CA3, 0x9443, 0x83E2, 0xA4C3, 0xB564, 0xCE26, 0xE6C7, 0xDEA7, 0xDE87, 0xCE06, 0x8C23,
    0xBDA5, 0xA4E4, 0xC606, 0xD687, 0xE6C7, 0xD646, 0xC5E6, 0x9CA4, 0xA4C5, 0xA4C4, 0xBDC5, 0xC5E6,
    0xB545, 0xB565, 0xBDC5, 0xBDC4, 0xD664, 0xF768, 0xFF88, 0xF768, 0xF788, 0xEF07, 0xD646, 0xCE05,
    0xBDA4, 0xAD24, 0xB544, 0xC5E4, 0xDEA6, 0xE6E7, 0xEF47, 0xF788, 0xF788, 0xEF07, 0xD666, 0xBDC5,
    0xBD85, 0xA4C4, 0xC5E5, 0xD666, 0xC5E5, 0xCDE6, 0xA4E4, 0xBD85, 0xC5E6, 0xCE26, 0xE6C7, 0xEF08,
    0xFF88, 0xEF28, 0xE6E7, 0xD686, 0xD667, 0xCE06, 0xCE26, 0xDE87, 0xC606, 0xD646, 0xDEA7, 0xD667,
    0xCE26, 0xBDA5, 0xBDC6, 0xC5E6,
    0xD686, 0xDEC7, 0xDEA7, 0xAD05, 0xCE46, 0xFFA8, 0xE6C8, 0xB585, 0x9CA4, 0x9CA4, 0xAD44, 0xCE25,
    0xEF07, 0xF789, 0xE6E7, 0xDEC7, 0xD667, 0xE6C7, 0xDEC7, 0xEF27, 0xDEA7, 0xD687, 0xCE26, 0xB564,
    0xA504, 0x9CC4, 0x9CA4, 0xA504, 0xC5E5, 0xCE46, 0xDE86, 0xE6E7, 0xF768, 0xF789, 0xF768, 0xEF27,
    0xD6A7, 0xCE46, 0xCE06, 0xC605, 0xCE26, 0xD666, 0xE6E6, 0xE6E7, 0xF788, 0xE6C7, 0xD686, 0xC5E5,
    0xC5E5, 0xB564, 0xBDE4, 0xC605, 0xCE25, 0xDEC6, 0xDEC6, 0xEF47, 0xEF27, 0xDEC6, 0xD686, 0xCE45,
    0xCE25, 0xB583, 0xAD23, 0xA4C3, 0xB564, 0xCE46, 0xCE25, 0xCE25, 0xD646, 0xDEA4, 0xCE45, 0xD666,
    0xEF47, 0xEF27, 0xE6E7, 0xDE86, 0xCE46, 0xBDA5, 0xB565, 0xA4C3, 0xA504, 0xA4C4, 0x9C84, 0xB585,
    0xC605, 0xD666, 0xBDC4, 0xAD45, 0xAD04, 0xB564, 0xC5E6, 0xE6E7, 0xD686, 0xD686, 0xDEC7, 0xD646,
    0xB564, 0x9CC4, 0x9483, 0x9CC3, 0x9CC3, 0xC5E5, 0xC605, 0xCE46, 0xD666, 0xEF07, 0xEF26, 0xEF27,
    0xF768, 0xF768, 0xF768, 0xEF27, 0xDEC7, 0xDEA6, 0xE6C7, 0xEF48, 0xEF28, 0xDEA6, 0xB584, 0x8C44,
    0xB565, 0xC5E5, 0xE708, 0xFFD0, 0xEF07, 0xDEA7, 0xE6E8, 0xD667, 0xD687, 0xE6C7, 0xEF28, 0xEF28,
    0xE6C7, 0xDE86, 0xCE25, 0xB565, 0xAD25, 0xAD04, 0xC606, 0xD687, 0xDE87, 0xCE47, 0xCE67, 0xC627,
    0xBD86, 0xAD05, 0xD686, 0xDEA7, 0xF768, 0xF748, 0xCE05, 0x9484, 0x7382, 0x7BC2, 0x7BA3, 0x7BA3,
    0xAD25, 0xB565, 0xC5C6, 0xE6E8, 0xEF28, 0xE707, 0xE707, 0xDEA6, 0xE6C7, 0xD666, 0xD666, 0xCE26,
    0xDE87, 0xE6E7, 0xCE45, 0xBD85, 0xAD25, 0xBDA6, 0xBDA5, 0xB565, 0xAD24, 0xE707, 0xDEC6, 0xB564,
    0x9483, 0x9483, 0x8402, 0x6B61, 0xA4C3, 0xC5E4, 0xCE05, 0xDEA7, 0xDE87, 0xCE26, 0xCE06, 0x9CA4,
    0xB565, 0xBD85, 0xCE26, 0xDEA7, 0xE6E8, 0xD667, 0xC5E6, 0x9CC4, 0xA505, 0xA4E4, 0xBDA5, 0xC5E6,
    0xBDA6, 0xAD65, 0xBDA5, 0xC605, 0xE6E6, 0xF768, 0xFF88, 0xF768, 0xEF48, 0xEF07, 0xDEA6, 0xC605,
    0xAD64, 0xAD23, 0xAD04, 0xBDC4, 0xDEA6, 0xE6E6, 0xF748, 0xF788, 0xFF88, 0xEF27, 0xD666, 0xB584,
    0xB565, 0xB565, 0xBDA5, 0xC605, 0xCE26, 0xBDC5, 0xAD04, 0xB585, 0xC5E6, 0xDE87, 0xEF08, 0xF748,
    0xEF28, 0xE6E8, 0xDE86, 0xD667, 0xD667, 0xC606, 0xC606, 0xD646, 0xCE46, 0xD687, 0xDEA7, 0xDE87,
    0xCE26, 0xBDA5, 0xBDC6, 0xC606,
    0xD686, 0xEF48, 0xDEC7, 0xBDA6, 0xDEC7, 0xFFA8, 0xEF48, 0xAD44, 0x9C84, 0x9CC4, 0xAD44, 0xCE66,
    0xF768, 0xF768, 0xE708, 0xDEC7, 0xDE87, 0xE6E7, 0xDEC7, 0xD686, 0xE6E7, 0xDEC7, 0xCE46, 0xB5A4,
    0xAD24, 0xA504, 0x9CA4, 0xAD24, 0xC605, 0xD666, 0xD6A6, 0xE707, 0xF788, 0xF768, 0xF788, 0xDEE7,
    0xD6A6, 0xCE46, 0xC5E5, 0xBDC5, 0xCE25, 0xD686, 0xE707, 0xE727, 0xEF48, 0xDEE7, 0xDEC7, 0xC605,
    0xBDE5, 0xB584, 0xB5A4, 0xC604, 0xCE65, 0xDEA6, 0xDEE6, 0xE706, 0xEF47, 0xE707, 0xDEC6, 0xCE45,
    0xCE25, 0xBDA4, 0xAD63, 0xAD23, 0xBDA4, 0xD666, 0xC605, 0xDEA6, 0xD666, 0xCE66, 0xC625, 0xDEC6,
    0xEF47, 0xEF27, 0xE707, 0xE6C6, 0xCE45, 0xC626, 0xBDC5, 0xAD24, 0xB564, 0xA4C4, 0xA504, 0xB585,
    0xC605, 0xDEA7, 0xC625, 0xA4E4, 0xAD24, 0xB585, 0xBDC5, 0xEF27, 0xEF27, 0xDEE7, 0xE6E7, 0xCE45,
    0xB584, 0xA504, 0x9C83, 0xA4C4, 0xA503, 0xBDC4, 0xC5E5, 0xCE46, 0xDEC6, 0xF768, 0xE707, 0xEF47,
    0xF788, 0xF788, 0xF768, 0xF788, 0xDEC7, 0xD6A7, 0xDEA7, 0xE707, 0xE707, 0xD685, 0xBDA4, 0x9CA4,
    0xAD25, 0xBDE5, 0xFFA9, 0xFFA8, 0xE6E7, 0xD6A7, 0xD687, 0xCE47, 0xDEA7, 0xE6E7, 0xEF48, 0xEF28,
    0xE6E7, 0xD6A7, 0xBDE5, 0xB564, 0x9463, 0xA504, 0xC606, 0xD6A7, 0xD6A7, 0xD687, 0xD687, 0xC606,
    0xB566, 0xB585, 0xD666, 0xD6A7, 0xEF28, 0xEF67, 0xCE45, 0x9484, 0x7382, 0x7382, 0x7BC2, 0x8C24,
    0xBDA5, 0xA4E5, 0xCE46, 0xE707, 0xEF28, 0xE707, 0xDEC7, 0xDEE7, 0xDEC7, 0xE6E8, 0xCE46, 0xD666,
    0xD6A7, 0xDEC7, 0xC605, 0xBDC5, 0xBDA5, 0xB565, 0xBDC6, 0xB5A5, 0xC605, 0xE707, 0xDEC6, 0xBDC5,
    0x8C62, 0x8423, 0x8402, 0x6B41, 0xA4E4, 0xAD44, 0xBDC4, 0xDEA7, 0xDEA7, 0xCE26, 0xC606, 0xB564,
    0xAD65, 0xB5A5, 0xD687, 0xD686, 0xE707, 0xD6A7, 0xC5E6, 0xAD45, 0xAD25, 0xAD45, 0xB5A5, 0xC5E6,
    0xB585, 0xB565, 0xB585, 0xBDC6, 0xE727, 0xF768, 0xFFA9, 0xF788, 0xF768, 0xEF07, 0xDEC6, 0xC605,
    0xA503, 0xA4C3, 0xA4E3, 0xB583, 0xD685, 0xE707, 0xF788, 0xF788, 0xFFC8, 0xEF47, 0xDEC7, 0xB584,
    0xAD64, 0xB584, 0xBDC5, 0xC605, 0xCE26, 0xBD85, 0xB565, 0xBDC5, 0xCE26, 0xDEA7, 0xEF28, 0xEF48,
    0xEF48, 0xE708, 0xD666, 0xD687, 0xD667, 0xB585, 0xB5A5, 0xCE26, 0xD646, 0xDEC7, 0xDEC7, 0xDEA6,
    0xC5E5, 0xB5A5, 0xBDC5, 0xC605,
    0xDEC6, 0xE728, 0xEF69, 0xCE67, 0xEF48, 0xF7A8, 0xE707, 0xA504, 0x9CA4, 0x9CE4, 0xA4E4, 0xD686,
    0xEF68, 0xEF48, 0xE708, 0xD6A7, 0xD687, 0xDEA7, 0xEF28, 0xCE46, 0xE707, 0xDEC7, 0xCE25, 0xBDA5,
    0xA504, 0x9CC3, 0x9CC4, 0xAD24, 0xC625, 0xD686, 0xD6A6, 0xE707, 0xF768, 0xF788, 0xEF68, 0xD686,
    0xDEC7, 0xC625, 0xBDE5, 0xB564, 0xC605, 0xDEC7, 0xE707, 0xEF47, 0xE707, 0xDEE7, 0xD6A6, 0xCE46,
    0xC625, 0xBDE5, 0xB5A4, 0xC604, 0xD6A6, 0xCE65, 0xDEC6, 0xE727, 0xEF47, 0xEF47, 0xE707, 0xDEA6,
    0xCE65, 0xBDC4, 0xB5A4, 0xB584, 0xBDC4, 0xBDC4, 0xCE25, 0xE727, 0xD686, 0xD665, 0xC625, 0xE6E7,
    0xEF47, 0xEF47, 0xE727, 0xEF47, 0xD6A6, 0xCE86, 0xC605, 0xAD24, 0x9CC4, 0x9CC4, 0xBDA5, 0xBDE5,
    0xBDC5, 0xC626, 0xD686, 0xB584, 0xB564, 0xB585, 0xC605, 0xE727, 0xF767, 0xE727, 0xDEC6, 0xC625,
    0xB563, 0x9CE3, 0x8C62, 0xA524, 0xB5A4, 0xBDE5, 0xBDE5, 0xCE26, 0xDEE6, 0xEF47, 0xE707, 0xEF47,
    0xF788, 0xF7A8, 0xEF68, 0xF788, 0xE707, 0xDEC7, 0xD6A7, 0xE727, 0xDEE7, 0xCE65, 0xAD23, 0xA505,
    0xA4E5, 0xB585, 0xF7A8, 0xF7A8, 0xDEE7, 0xD686, 0xCE66, 0xCE66, 0xDEC7, 0xE727, 0xEF47, 0xE727,
    0xDEE6, 0xD687, 0xBDA5, 0xAD44, 0x8403, 0xAD86, 0xCE67, 0xDEC7, 0xCE66, 0xD687, 0xD687, 0xBDA6,
    0xAD65, 0xAD05, 0xC606, 0xE707, 0xE708, 0xE706, 0xCE45, 0xA503, 0x7BC3, 0x7382, 0x6B62, 0x8C84,
    0xAD64, 0xAD25, 0xB585, 0xD686, 0xEF28, 0xF768, 0xE707, 0xDF07, 0xDEA7, 0xD6A6, 0xCE26, 0xCE66,
    0xCE46, 0xDEC6, 0xBDE5, 0xC5E6, 0xBDC5, 0xB564, 0xB584, 0xC626, 0xC5E4, 0xEF27, 0xE707, 0xBDA4,
    0x9CA3, 0x8C63, 0x8423, 0x6B41, 0x94A4, 0xA504, 0xBDC4, 0xEF27, 0xDEA7, 0xC606, 0xBDE5, 0xB565,
    0xB545, 0xC605, 0xE707, 0xDEE7, 0xDEC7, 0xDEA6, 0xC606, 0xBDC5, 0xBDE5, 0xAD65, 0xB585, 0xC626,
    0xAD44, 0xAD24, 0xB544, 0xBDE5, 0xEF48, 0xF7A9, 0xF7A9, 0xF788, 0xEF47, 0xE6E6, 0xEF27, 0xCE45,
    0xA4E3, 0x8C42, 0x8C62, 0xB584, 0xCE25, 0xDEE6, 0xF7A8, 0xF788, 0xF7A8, 0xF788, 0xD666, 0xB5A5,
    0xBDA4, 0xB584, 0xC604, 0xCE45, 0xC626, 0xBDA5, 0xB585, 0xBDC5, 0xCE66, 0xDEC7, 0xEF48, 0xEF47,
    0xEF48, 0xEF48, 0xD6A6, 0xCE66, 0xD687, 0xBDC5, 0xBDC5, 0xC626, 0xCE66, 0xDEC7, 0xE6E7, 0xD6A6,
    0xBDE5, 0xB584, 0xB584, 0xC605,
    0xD686, 0xE727, 0xF7A9, 0xE728, 0xF7A9, 0xFFE9, 0xE708, 0xB585, 0xA4E4, 0xA4E4, 0xA504, 0xD686,
    0xE727, 0xF768, 0xE727, 0xDEA7, 0xD6A7, 0xDEA7, 0xDEE7, 0xDEE7, 0xDEE7, 0xDEE7, 0xBDE5, 0xBDA4,
    0xAD24, 0xA4E4, 0x9CC4, 0xAD44, 0xBDE5, 0xD686, 0xDEC7, 0xE727, 0xF7C8, 0xFFC8, 0xEF47, 0xDEC6,
    0xD686, 0xBDE5, 0xBDC5, 0xBDC5, 0xC605, 0xD6A6, 0xE706, 0xEF67, 0xDEE7, 0xE6E6, 0xDEC6, 0xCE45,
    0xD6A6, 0xBDC4, 0xB5C3, 0xC625, 0xD685, 0xD685, 0xDEE6, 0xEF47, 0xEF47, 0xE727, 0xDEE6, 0xC604,
    0xCE65, 0xCE45, 0xBDC4, 0xB584, 0xBDE4, 0xBDC4, 0xC645, 0xD686, 0xCE66, 0xE707, 0xCE65, 0xE707,
    0xF767, 0xF788, 0xF767, 0xF788, 0xDEE7, 0xD666, 0xC605, 0xAD44, 0x94A3, 0xBDC5, 0xBDC5, 0xB5A5,
    0xC5E5, 0xC605, 0xCE46, 0xBDC5, 0xBDC5, 0xB584, 0xC625, 0xE707, 0xF788, 0xEF68, 0xD6C6, 0xCE45,
    0xBDA5, 0xA504, 0x9CC3, 0xAD23, 0xBDC4, 0xBDE5, 0xC625, 0xD686, 0xDEE7, 0xE707, 0xEF67, 0xEF88,
    0xF787, 0xFFC8, 0xEF68, 0xF788, 0xE727, 0xDEE7, 0xDEC7, 0xDEC6, 0xDEE7, 0xCE65, 0xA504, 0xA4E4,
    0x94A4, 0xB5A5, 0xFFC8, 0xEF68, 0xDEE6, 0xCE66, 0xD686, 0xCE66, 0xD6A7, 0xDEE7, 0xE707, 0xDEE6,
    0xDEA6, 0xCE46, 0xB5A4, 0xAD24, 0x9CC4, 0xBDA6, 0xCE46, 0xDEA7, 0xC605, 0xD6A7, 0xCE67, 0xAD45,
    0xAD44, 0xA504, 0xC606, 0xDEE7, 0xDEC7, 0xDEA6, 0xD665, 0xB5A3, 0x8423, 0x6B82, 0x7382, 0x8443,
    0xAD65, 0xAD24, 0xAD65, 0xC626, 0xEF48, 0xF789, 0xE707, 0xE707, 0xDEA6, 0xC625, 0xC606, 0xC646,
    0xCE46, 0xDEA6, 0xBDC5, 0xB565, 0xC626, 0xB584, 0xB564, 0xCE45, 0xC605, 0xDEE6, 0xE706, 0xBDE4,
    0xAD23, 0x9CA3, 0x7C02, 0x6B42, 0x8C64, 0xAD65, 0xC605, 0xDEC6, 0xE728, 0xC626, 0xCE26, 0x8C63,
    0xB5A5, 0xC605, 0xD6A6, 0xDEE7, 0xDEA7, 0xDEA6, 0xC625, 0xC626, 0xC605, 0xBDC5, 0xC5E5, 0xD667,
    0xBDE5, 0x94A3, 0xB584, 0xD666, 0xEF48, 0xF789, 0xF789, 0xF788, 0xE727, 0xE6E6, 0xE707, 0xD685,
    0xAD64, 0x8C42, 0x8C42, 0xAD23, 0xC604, 0xDEC5, 0xF788, 0xF7A8, 0xFFC8, 0xF767, 0xCE45, 0xB585,
    0xCE05, 0xBDC4, 0xCE45, 0xD666, 0xC5E5, 0xB585, 0xB585, 0xC605, 0xD686, 0xDEC7, 0xEF48, 0xEF48,
    0xEF68, 0xEF28, 0xDEA6, 0xCE66, 0xC626, 0xC605, 0xC5E5, 0xC626, 0xD687, 0xDEC7, 0xDEE7, 0xD686,
    0xC605, 0xB584, 0xB564, 0xC625,
    0xD666, 0xDEE7, 0xF788, 0xEF68, 0xFFEA, 0xFFEB, 0xE708, 0xBDE5, 0x9CE4, 0xA524, 0xAD44, 0xDEC6,
    0xEF68, 0xEF68, 0xE727, 0xDEE7, 0xDEC7, 0xE6E7, 0xE6E7, 0xDEC7, 0xE707, 0xDEC7, 0xC605, 0xBDA4,
    0xAD84, 0x94A3, 0x9CC3, 0xA524, 0xBDE5, 0xCE86, 0xD686, 0xE727, 0xF7A8, 0xFFC8, 0xF788, 0xDF07,
    0xC645, 0xC5E5, 0xB5A4, 0xB5C5, 0xC605, 0xD6A5, 0xEF47, 0xEF67, 0xEF47, 0xE706, 0xD6A6, 0xD685,
    0xD6A6, 0xC625, 0xBDE4, 0xC604, 0xCE85, 0xDEC6, 0xE727, 0xE727, 0xEF47, 0xE747, 0xDF06, 0xCE45,
    0xDEC6, 0xCE45, 0xBDE5, 0xBDE4, 0xBDE4, 0xC625, 0xC645, 0xCE65, 0xD686, 0xE707, 0xCE85, 0xE727,
    0xEF67, 0xF788, 0xF7A8, 0xF7A8, 0xE727, 0xCE66, 0xC626, 0xB5A5, 0xB564, 0xBDE5, 0xB5A5, 0xAD24,
    0xBDC5, 0xCE46, 0xC606, 0xAD44, 0xBDE5, 0xC605, 0xCE46, 0xE707, 0xF788, 0xF768, 0xDEE6, 0xCE65,
    0xB5A4, 0xAD24, 0xAD64, 0xAD64, 0xBDC4, 0xC625, 0xCE45, 0xDEA6, 0xE727, 0xE727, 0xEF67, 0xEF68,
    0xF788, 0xF788, 0xEF67, 0xE747, 0xEF48, 0xE727, 0xDEE7, 0xD6A6, 0xD6A6, 0xC5E4, 0xB565, 0x9CC4,
    0xA505, 0xBDE6, 0xFFC8, 0xE727, 0xD6A6, 0xCE66, 0xCE66, 0xC5E5, 0xE708, 0xDEE7, 0xE6E7, 0xE6E7,
    0xD6A6, 0xC605, 0xBDC5, 0xAD44, 0xA524, 0xBDC5, 0xCE46, 0xCE46, 0xCE25, 0xD6A6, 0xCE66, 0xAD24,
    0xAD45, 0xB5A5, 0xCE26, 0xE707, 0xDEC6, 0xD6A6, 0xD6A5, 0xBDE3, 0x94A3, 0x7BE3, 0x73C2, 0x8C63,
    0xAD65, 0xB585, 0xB584, 0xC605, 0xE707, 0xEF69, 0xE727, 0xE727, 0xD6A7, 0xCE25, 0xC605, 0xC606,
    0xD6A6, 0xDEE7, 0x94A3, 0xAD24, 0xCE46, 0xB585, 0xA504, 0xCE45, 0xC625, 0xDEA6, 0xDEA6, 0xBDE4,
    0xAD23, 0xA4E2, 0x7BC2, 0x6B62, 0x8403, 0xA504, 0xB5A5, 0xD666, 0xF7A8, 0xD686, 0xCE26, 0x8C64,
    0xAD45, 0xC605, 0xE706, 0xD6A6, 0xD6A6, 0xD687, 0xC646, 0xCE46, 0xC626, 0xBE05, 0xCE66, 0xD686,
    0xBDC5, 0x9CC4, 0xAD44, 0xDEC7, 0xEF68, 0xF788, 0xF789, 0xEF68, 0xE707, 0xDEA6, 0xDEC6, 0xD685,
    0xBDE5, 0x9CE3, 0x9CC2, 0xAD64, 0xB5A4, 0xE706, 0xF788, 0xF787, 0xFFC8, 0xE726, 0xC625, 0xBDC4,
    0xDEA5, 0xC604, 0xCE45, 0xBDA4, 0xBDC5, 0xB565, 0xBDC5, 0xC626, 0xC625, 0xE727, 0xF788, 0xEF68,
    0xEF88, 0xE747, 0xDEC7, 0xCE45, 0xC625, 0xBDC5, 0xAD44, 0xC605, 0xD686, 0xDEC7, 0xDEE7, 0xD686,
    0xC605, 0xAD64, 0xAD64, 0xCE46,
    0xCE66, 0xE707, 0xF788, 0xF7A9, 0xFFEA, 0xFFE9, 0xEF68, 0xBDC5, 0xA503, 0x9CC4, 0xBDE5, 0xE727,
    0xF788, 0xEF68, 0xEF48, 0xDEC7, 0xD6A7, 0xE707, 0xEF48, 0xE727, 0xE727, 0xEF27, 0xD685, 0xC5E4,
    0xBDC4, 0x9CC4, 0xA4E4, 0xAD23, 0xBDC4, 0xC645, 0xD6A6, 0xEF47, 0xF788, 0xF788, 0xF787, 0xDEE6,
    0xCE65, 0xBDE5, 0xB584, 0xAD23, 0xBDC4, 0xD685, 0xE726, 0xEF47, 0xEF47, 0xE706, 0xD6A6, 0xD685,
    0xCE65, 0xCE45, 0xC604, 0xBE04, 0xCE65, 0xD6A6, 0xDEC6, 0xE726, 0xF787, 0xEF67, 0xE706, 0xDEC5,
    0xCE85, 0xD6A5, 0xC625, 0xCE45, 0xC625, 0xCE66, 0xC625, 0xD6A6, 0xD686, 0xD6A6, 0xD6A6, 0xDEE6,
    0xEF67, 0xF788, 0xF7A8, 0xEF67, 0xE707, 0xCE46, 0xCE46, 0xBDE5, 0xB5A4, 0xBDE5, 0xC606, 0xBDE6,
    0xBDE5, 0xCE66, 0xCE46, 0xBDE5, 0xBDE5, 0xC605, 0xD666, 0xEF47, 0xF7A8, 0xF788, 0xE707, 0xD6A6,
    0xBDE5, 0xB584, 0xAD44, 0xBDE5, 0xC605, 0xC604, 0xC605, 0xD686, 0xE706, 0xEF48, 0xEF47, 0xEF68,
    0xF7A8, 0xF767, 0xE747, 0xEF47, 0xEF47, 0xE727, 0xE6E7, 0xD686, 0xCE25, 0xBDE5, 0xAD45, 0xA4E4,
    0xAD65, 0xC626, 0xF788, 0xEF68, 0xD6A7, 0xCE46, 0xCE66, 0xC626, 0xDEC7, 0xE708, 0xDEE7, 0xD686,
    0xCE45, 0xC625, 0xBDC4, 0xAD44, 0xAD25, 0xB5A5, 0xCE47, 0xCE66, 0xCE46, 0xCE66, 0xBDE6, 0xAD44,
    0xAD25, 0xBDC5, 0xCE46, 0xDEE7, 0xDEE6, 0xD6C6, 0xDEC6, 0xCE85, 0xA503, 0x7BE3, 0x6B62, 0x7C03,
    0xA4E4, 0xB5A5, 0xB564, 0xCE45, 0xDEC7, 0xEF48, 0xF768, 0xDEE7, 0xD6A7, 0xCE26, 0xBDC5, 0xBDE4,
    0xCE86, 0xE706, 0x8402, 0xA503, 0xB585, 0xAD44, 0xAD44, 0xC625, 0xC625, 0xDEA6, 0xDEA6, 0xBDC4,
    0xA503, 0x94A3, 0x7BE2, 0x7382, 0x8402, 0xA504, 0xBDC5, 0xD686, 0xE747, 0xDEC7, 0xB5A5, 0x8C44,
    0x7382, 0xB584, 0xCE86, 0xD6A6, 0xD686, 0xDEC7, 0xD6A6, 0xCE66, 0xCE46, 0xC625, 0xD6A6, 0xCE46,
    0xA504, 0x9CC4, 0xAD44, 0xD6C6, 0xEF88, 0xF7A8, 0xEF88, 0xEF48, 0xE706, 0xD6A6, 0xDEC6, 0xDEE6,
    0xBDE5, 0x94C3, 0xA503, 0xA524, 0xBDA4, 0xDEE6, 0xF767, 0xEF67, 0xF787, 0xEF46, 0xD685, 0xCE45,
    0xCE85, 0xC604, 0xC625, 0xBDC4, 0xBDC5, 0xB5A5, 0xBDC4, 0xCE66, 0xD6A6, 0xEF68, 0xF789, 0xF788,
    0xF788, 0xEF47, 0xE707, 0xCE65, 0xCE86, 0xC605, 0xA503, 0xC605, 0xD686, 0xDEE7, 0xE6E7, 0xD666,
    0xBDC5, 0xB585, 0xB5A5, 0xCE46,
    0xBDC5, 0xEF48, 0xEF48, 0xEF48, 0xFFE9, 0xFFEB, 0xEF68, 0xBDC5, 0xAD24, 0x8C43, 0xC5E5, 0xDEE7,
    0xEF48, 0xF788, 0xEF68, 0xE6E7, 0xDEC7, 0xE707, 0xEF48, 0xF788, 0xEF48, 0xE727, 0xCE65, 0xBE04,
    0xB5A4, 0xBDA4, 0x9483, 0xAD23, 0xBDE5, 0xCE45, 0xDEE7, 0xEF67, 0xF7A8, 0xF788, 0xEF67, 0xDF06,
    0xCE45, 0xC605, 0xBDA4, 0xA503, 0xBDC4, 0xD6A5, 0xE706, 0xEF67, 0xEF47, 0xE706, 0xDEA5, 0xCE65,
    0xCE66, 0xCE45, 0xBDE5, 0xC624, 0xC625, 0xCE65, 0xD6C6, 0xDEE5, 0xEF67, 0xEF46, 0xDEE6, 0xD6C5,
    0xCE44, 0xDEC6, 0xD665, 0xCE85, 0xC625, 0xD686, 0xC625, 0xDEE6, 0xD6A6, 0xD686, 0xD6A6, 0xE707,
    0xEF87, 0xFFC8, 0xFFC9, 0xEF87, 0xE727, 0xCE46, 0xD686, 0xB5C4, 0xBDC4, 0xC605, 0xD686, 0xD686,
    0xCE66, 0xD686, 0xCE46, 0xC605, 0xC625, 0xBDC5, 0xDEC6, 0xEF67, 0xFFE9, 0xFFC8, 0xEF67, 0xE707,
    0xD686, 0xBDC5, 0xB584, 0xC605, 0xC625, 0xCE25, 0xB584, 0xD685, 0xE707, 0xE727, 0xEF67, 0xEF68,
    0xEF67, 0xEF67, 0xEF67, 0xEF47, 0xEF47, 0xEF47, 0xE727, 0xCE66, 0xC5E5, 0xCE25, 0xA504, 0x9484,
    0xB585, 0xCE46, 0xEF68, 0xEF47, 0xDEC7, 0xCE66, 0xCE46, 0xCE66, 0xD687, 0xDEC7, 0xE6E7, 0xCE66,
    0xCE65, 0xCE45, 0xBDC4, 0xAD44, 0xAD24, 0xC606, 0xCE67, 0xCE67, 0xCE66, 0xCE66, 0xBDC5, 0xAD24,
    0xAD45, 0xBDE5, 0xCE26, 0xDEE7, 0xDEE6, 0xD6C6, 0xE726, 0xD684, 0xB563, 0x7BE2, 0x5B01, 0x6B62,
    0x8C43, 0xBDA5, 0xB585, 0xD6A6, 0xD686, 0xE727, 0xE707, 0xDEC7, 0xCE66, 0xC5E5, 0xBDC5, 0xB5A5,
    0xD6A6, 0xDEA6, 0xA4E3, 0x9CE3, 0xAD24, 0xAD64, 0xAD43, 0xBDC5, 0xCE66, 0xD6A6, 0xDEE6, 0xBDE4,
    0xAD23, 0x9CA3, 0x7BE2, 0x73C2, 0x8422, 0xAD44, 0xBDA5, 0xC606, 0xE6E7, 0xDEC7, 0xBDA5, 0x8C23,
    0x73A2, 0xB564, 0xB5C5, 0xCE46, 0xC625, 0xE6C7, 0xE707, 0xD6A6, 0xD686, 0xD666, 0xD686, 0xC5E6,
    0xAD25, 0xA504, 0xB5A4, 0xCE86, 0xE727, 0xF7A8, 0xEF68, 0xEF47, 0xDEC6, 0xDEC6, 0xE706, 0xE706,
    0xCE45, 0xAD23, 0xAD23, 0xAD24, 0xC604, 0xD6A5, 0xEF47, 0xEF47, 0xEF46, 0xEF47, 0xDEC6, 0xD665,
    0xC604, 0xCE45, 0xCE25, 0xBDE5, 0xBDA4, 0xB5A4, 0xB564, 0xCE66, 0xE707, 0xEF67, 0xEF68, 0xFFA8,
    0xF7A8, 0xF787, 0xEF67, 0xDEE6, 0xCE66, 0xC626, 0xBDA4, 0xCE46, 0xDEC6, 0xE707, 0xDEC7, 0xCE45,
    0xCE45, 0xBDE5, 0xBDC5, 0xBDA5,
    0xCE46, 0xE6E7, 0xE708, 0xEF27, 0xFFC9, 0xFFEC, 0xEF48, 0xB5A5, 0xA4E4, 0xA4E4, 0xC5E5, 0xD686,
    0xEF68, 0xF788, 0xF788, 0xE727, 0xD686, 0xE706, 0xF7A8, 0xFFC9, 0xEF47, 0xDEC7, 0xC625, 0xBDE5,
    0xBDC4, 0xBDE4, 0x9483, 0xA503, 0xBDC4, 0xCE65, 0xD686, 0xEF47, 0xFFC8, 0xF788, 0xEF68, 0xD6A6,
    0xD686, 0xC605, 0xB5A4, 0xAD44, 0xBDC4, 0xD6A6, 0xEF47, 0xEF67, 0xEF67, 0xE706, 0xD685, 0xCE65,
    0xCE45, 0xC625, 0xC625, 0xCE45, 0xC625, 0xCE65, 0xE6E6, 0xDEE6, 0xEF47, 0xE706, 0xDEC5, 0xE6E6,
    0xD6A5, 0xCE65, 0xD665, 0xCE45, 0xC624, 0xCE85, 0xD6A6, 0xCE86, 0xD686, 0xCE65, 0xD686, 0xE707,
    0xF767, 0xFFC8, 0xFFC9, 0xF767, 0xEF47, 0xD6A6, 0xCE45, 0xBDC5, 0xC605, 0xC626, 0xD6C6, 0xC626,
    0xC606, 0xD666, 0xCE45, 0xBDC5, 0xC605, 0xC626, 0xE707, 0xF767, 0xFFC8, 0xFFC9, 0xF788, 0xF768,
    0xDEC7, 0xC625, 0xCE45, 0xC605, 0xCE25, 0xCE65, 0xCE45, 0xE6E6, 0xE727, 0xEF27, 0xF767, 0xEF47,
    0xEF47, 0xE6E6, 0xEF47, 0xE706, 0xE6E6, 0xEF47, 0xE6E7, 0xCE46, 0xBDC5, 0xBDC5, 0xAD24, 0x8423,
    0xBDE5, 0xD6A7, 0xF748, 0xF768, 0xD6A7, 0xD687, 0xD666, 0xCE46, 0xD667, 0xD6A7, 0xD686, 0xCE66,
    0xC5E5, 0xC605, 0xCE65, 0xB584, 0xB584, 0xC626, 0xC626, 0xCE46, 0xD686, 0xC605, 0xB563, 0xA4E4,
    0x9CE4, 0xBDA5, 0xCE26, 0xD686, 0xDEC6, 0xD6A5, 0xD6A5, 0xCE64, 0xB543, 0x8C42, 0x52A2, 0x6B62,
    0x8422, 0x9CE3, 0xC5E6, 0xD686, 0xDEC6, 0xEF27, 0xE707, 0xE6E7, 0xCE25, 0xC625, 0xC626, 0xC5E5,
    0xD686, 0xD685, 0x94A2, 0xB5A4, 0xAD64, 0xAD63, 0xAD84, 0xBDE5, 0xCE66, 0xDEA6, 0xDEC6, 0xC604,
    0xA4E3, 0x9483, 0x7BC2, 0x7BC2, 0x8422, 0xAD44, 0xB5A5, 0xBDA5, 0xE6C7, 0xDEC7, 0xC606, 0x8C83,
    0x8C63, 0xA524, 0xB5A5, 0xBDE5, 0xBDC5, 0xD686, 0xDEC7, 0xD6A6, 0xCE46, 0xCE46, 0xC605, 0xAD25,
    0xA4C4, 0x9CC3, 0xB565, 0xD687, 0xE728, 0xEF48, 0xEF68, 0xEF27, 0xD6A6, 0xDEA6, 0xE706, 0xE727,
    0xD6A5, 0xBDC4, 0xA503, 0xB564, 0xC604, 0xD685, 0xE707, 0xE707, 0xEF47, 0xEF47, 0xD685, 0xDEA5,
    0xBDE4, 0xCE65, 0xCE66, 0xBDC4, 0xAD63, 0xAD23, 0xC5E5, 0xD686, 0xDEE6, 0xE707, 0xEF68, 0xF788,
    0xF7A8, 0xEF67, 0xE727, 0xDEE6, 0xD686, 0xC605, 0xBDC4, 0xD686, 0xDEC6, 0xE727, 0xD6A6, 0xC605,
    0xCE45, 0xC5C5, 0xBDA4, 0xB5A4,
    0xCE66, 0xE6E7, 0xE6E8, 0xF768, 0xFFC9, 0xFFCC, 0xF788, 0xB565, 0x9CA3, 0xA4E3, 0xC605, 0xDEC7,
    0xEF47, 0xF788, 0xF768, 0xE6E7, 0xDEA6, 0xF769, 0xFFA8, 0xFFA9, 0xF747, 0xDEE6, 0xC625, 0xC605,
    0xBDC4, 0xB564, 0xA503, 0x9CC2, 0xC5E4, 0xD686, 0xDEC6, 0xEF27, 0xFF87, 0xF787, 0xF768, 0xDEC6,
    0xDEA6, 0xCE25, 0xBDA4, 0xAD43, 0xB5A4, 0xD686, 0xEF47, 0xEF47, 0xEF67, 0xE727, 0xD685, 0xC605,
    0xBDE4, 0xBDC4, 0xBDE4, 0xBDC4, 0xCE45, 0xCE45, 0xDEA5, 0xEF67, 0xE726, 0xEF46, 0xEF26, 0xDEE5,
    0xDEC5, 0xCE45, 0xD685, 0xCE45, 0xCE65, 0xCE45, 0xDE86, 0xCE45, 0xDEC6, 0xD6A6, 0xDEA5, 0xDEC6,
    0xEF47, 0xFFA7, 0xF7A7, 0xF767, 0xEF27, 0xDEA6, 0xCE45, 0xC625, 0xC605, 0xC625, 0xCE46, 0xC5C5,
    0xC5E5, 0xCE46, 0xC625, 0xBDA4, 0xC5E5, 0xCE45, 0xEF07, 0xF788, 0xFFC9, 0xFFA8, 0xEF48, 0xF768,
    0xE707, 0xD686, 0xCE25, 0xCE45, 0xCE66, 0xD685, 0xD686, 0xDEA6, 0xEF47, 0xEF47, 0xEF67, 0xEF47,
    0xEF27, 0xDEA6, 0xDEA6, 0xDEC6, 0xDEA5, 0xEF27, 0xDEC6, 0xC605, 0xBDC5, 0xB585, 0xAD25, 0xAD25,
    0xC606, 0xCE66, 0xE6E7, 0xEF27, 0xD6A7, 0xDEA7, 0xC605, 0xCE46, 0xD666, 0xE707, 0xD6A6, 0xCE25,
    0xBDA4, 0xBDA5, 0xC605, 0xB584, 0xBDC5, 0xC5E5, 0xC606, 0xD686, 0xD686, 0xC625, 0x9CC2, 0x9CC3,
    0x94A4, 0xC605, 0xCE06, 0xD6A6, 0xDEC6, 0xD685, 0xCE23, 0xC604, 0x9CC3, 0x8422, 0x7383, 0x7383,
    0x8423, 0x9C82, 0xBDE5, 0xD666, 0xEF47, 0xE6E6, 0xE6E7, 0xDEE6, 0xCE45, 0xC605, 0xC5E5, 0xB585,
    0xC605, 0xC604, 0xAD23, 0xB584, 0xC5E4, 0xAD63, 0xB584, 0xCE25, 0xC625, 0xDE86, 0xDEA6, 0xC5E4,
    0xA4C3, 0x9483, 0x8402, 0x7BA2, 0x7BC2, 0xA4E3, 0xA504, 0xB584, 0xDEA7, 0xE727, 0xCE25, 0xB564,
    0x9CC3, 0x8423, 0xB544, 0xBDA5, 0xA4E3, 0xDE86, 0xDEA6, 0xD666, 0xCE25, 0xCE25, 0xB565, 0x8C22,
    0x8C43, 0x8423, 0xAD44, 0xCE46, 0xE707, 0xEF27, 0xEF47, 0xE707, 0xE6C6, 0xDEA6, 0xEF26, 0xEF47,
    0xD6A6, 0xB5A4, 0xA4E2, 0xBDA3, 0xC5C4, 0xD685, 0xDEC6, 0xE706, 0xE707, 0xE6E6, 0xD685, 0xDEA6,
    0xCE45, 0xC625, 0xD665, 0xBDC4, 0xB584, 0xAD24, 0xBDA4, 0xDEA6, 0xE6E7, 0xEF07, 0xF788, 0xF7A8,
    0xFFA8, 0xF788, 0xE727, 0xE6E7, 0xDE86, 0xC605, 0xCE25, 0xD666, 0xE6E7, 0xE706, 0xDEC6, 0xC5E5,
    0xBDC5, 0xC5E5, 0xBDC4, 0xBDE4,
    0xCE25, 0xE6E7, 0xE6E7, 0xF748, 0xFFA8, 0xFFCC, 0xFFA9, 0xB545, 0xAD05, 0xB524, 0xC5C5, 0xD666,
    0xE6C7, 0xF748, 0xF748, 0xEF27, 0xE6E6, 0xF78A, 0xF788, 0xF788, 0xF767, 0xDE85, 0xCE45, 0xBDC4,
    0xBDC4, 0xBDA4, 0xAD04, 0x9CC3, 0xB543, 0xD686, 0xE6E6, 0xEF07, 0xF788, 0xF788, 0xF767, 0xEF47,
    0xD665, 0xCE25, 0xC5E4, 0xBDA4, 0xBDC4, 0xD665, 0xF767, 0xEF27, 0xEF27, 0xEF27, 0xDEA5, 0xCE45,
    0xC5C4, 0xB5A4, 0xB563, 0xC5E4, 0xD665, 0xD665, 0xDEC6, 0xEF26, 0xEF46, 0xF787, 0xF787, 0xE706,
    0xDEA5, 0xD685, 0xCE45, 0xCE25, 0xCE45, 0xCE25, 0xD665, 0xDEA6, 0xDEC6, 0xE6E7, 0xDEA6, 0xDEC6,
    0xEF47, 0xF787, 0xF766, 0xFFA8, 0xDEC6, 0xCE46, 0xCE46, 0xCE46, 0xCE46, 0xCE26, 0xCE46, 0xC605,
    0xC605, 0xCE46, 0xC5E5, 0xBDE5, 0xC5E5, 0xCE25, 0xDEA6, 0xFF89, 0xFFEB, 0xFFA8, 0xF768, 0xF768,
    0xEF47, 0xDEC7, 0xC605, 0xD666, 0xD666, 0xD686, 0xD666, 0xE6E7, 0xF747, 0xF767, 0xEF47, 0xEF27,
    0xE6E6, 0xDEA6, 0xDEC6, 0xD666, 0xD686, 0xE6C6, 0xDEA6, 0xC5C5, 0xAD65, 0xB585, 0xB544, 0x9484,
    0xBDC5, 0xC5E6, 0xDEA6, 0xEF27, 0xE6C7, 0xDE86, 0xC5E5, 0xCE25, 0xDE86, 0xDEE6, 0xD666, 0xC5C5,
    0xBDC5, 0xB544, 0xAD24, 0xC5E4, 0xBDC5, 0xB564, 0xCE25, 0xDE87, 0xDEA6, 0xC5E5, 0x9CC3, 0xA4C4,
    0xAD04, 0xCE46, 0xD646, 0xDEA6, 0xE6C6, 0xD644, 0xCE03, 0xBDC3, 0x8C43, 0x83E3, 0x7BA2, 0x73A2,
    0x94A4, 0xB583, 0xBDA4, 0xDEA6, 0xE6E7, 0xD686, 0xDEA6, 0xDEA6, 0xD685, 0xCE45, 0xB565, 0x9C83,
    0xB584, 0xAD23, 0xAD23, 0xBDC3, 0xCE25, 0xC605, 0xAD23, 0xCE25, 0xCE45, 0xD665, 0xD685, 0xBDC4,
    0xAD43, 0x8C62, 0x8C42, 0x7BA2, 0x8402, 0x9CA3, 0xA4E3, 0xD686, 0xDEA6, 0xFF89, 0xD686, 0xBD85,
    0xA4C3, 0x8403, 0x94A4, 0xBDA5, 0x9CE3, 0xD686, 0xE6C6, 0xD666, 0xDEA6, 0xC5E5, 0xAD24, 0x8C23,
    0x8C43, 0x9C83, 0xAD24, 0xCE46, 0xE6E7, 0xEF27, 0xEF27, 0xE707, 0xE6E6, 0xE6C6, 0xF767, 0xEF07,
    0xCE45, 0xAD03, 0xAD02, 0xCE04, 0xB5A4, 0xD685, 0xDEA6, 0xE6E6, 0xE707, 0xDEC6, 0xD686, 0xD645,
    0xCE45, 0xBDC4, 0xC605, 0xB584, 0xAD23, 0xAD44, 0xB584, 0xCE25, 0xEF27, 0xF747, 0xF788, 0xFF88,
    0xFFA8, 0xFF88, 0xF768, 0xEF07, 0xDEA5, 0xC5E5, 0xC605, 0xC604, 0xE6E6, 0xF746, 0xDEA6, 0xBDE4,
    0xC5E4, 0xBDA4, 0xB584, 0xBDA4,
    0xCE05, 0xE6C6, 0xEF27, 0xF747, 0xFFA9, 0xFFA8, 0xFFAE, 0xC5C5, 0xAD25, 0xAD24, 0xBDC5, 0xD646,
    0xD666, 0xE6E7, 0xF748, 0xEF07, 0xDEA6, 0xEF06, 0xF768, 0xFF88, 0xF747, 0xCE45, 0xCE04, 0xC5E4,
    0xC5C4, 0xBDA4, 0xB584, 0xAD04, 0xAD03, 0xCE25, 0xDEA6, 0xEF27, 0xF768, 0xFF88, 0xF787, 0xEF26,
    0xD685, 0xD665, 0xCE25, 0xB564, 0xCE25, 0xD665, 0xE6E6, 0xEF47, 0xEF47, 0xEF26, 0xDEC6, 0xDE85,
    0xCE04, 0xB563, 0xBDA3, 0xC5E4, 0xCE25, 0xDEA5, 0xE6E6, 0xEF46, 0xF767, 0xFF87, 0xF787, 0xEF26,
    0xDEA5, 0xCE44, 0xCDE4, 0xC5E4, 0xCE25, 0xCE45, 0xD666, 0xD665, 0xDEA6, 0xE6C6, 0xDE86, 0xDEC6,
    0xE6E5, 0xEF05, 0xF747, 0xF768, 0xEEE6, 0xDE86, 0xDE86, 0xCE46, 0xCE26, 0xCE05, 0xD666, 0xCE05,
    0xCE05, 0xCE25, 0xC5E5, 0xCE25, 0xCE05, 0xCE25, 0xDE86, 0xF768, 0xFFA9, 0xFF88, 0xF768, 0xF748,
    0xEF27, 0xE6E7, 0xDEA6, 0xD666, 0xD666, 0xCE25, 0xDEC6, 0xEF07, 0xEF47, 0xF767, 0xF747, 0xEF27,
    0xDEA6, 0xD666, 0xDEA6, 0xD645, 0xD666, 0xE6A6, 0xD666, 0xBDC5, 0xB565, 0xBD85, 0xBD65, 0x9463,
    0xACE4, 0xBDA5, 0xE6C6, 0xE707, 0xD666, 0xCE06, 0xC5E5, 0xCE05, 0xD645, 0xD666, 0xC5C5, 0xAD04,
    0xB584, 0xB564, 0xBD84, 0xC5C5, 0xB564, 0xAD04, 0xC605, 0xDE87, 0xE6C6, 0xB585, 0x8C43, 0xA4E4,
    0xB585, 0xC605, 0xDEC6, 0xE6E7, 0xEF07, 0xD645, 0xC5E3, 0xC5C3, 0xA4A2, 0x8404, 0x7381, 0x6321,
    0xA4C4, 0xD665, 0xCE25, 0xE6C6, 0xDEA6, 0xDE86, 0xD686, 0xD686, 0xDEC6, 0xD685, 0xBDA4, 0x9443,
    0xB524, 0xAD04, 0xA4C3, 0xBDC4, 0xCE25, 0xD645, 0xB584, 0xBDC5, 0xCE26, 0xCE25, 0xD665, 0xC5C4,
    0xAD23, 0x9462, 0x9462, 0x73A1, 0x7BE1, 0x9463, 0xA4E3, 0xCE26, 0xE6E6, 0xF747, 0xDEA7, 0xBDA5,
    0xAD23, 0x9C63, 0xA4C4, 0xC604, 0xDE85, 0xDEA5, 0xDEC6, 0xEF06, 0xE6C6, 0xC5E5, 0xAD24, 0x8403,
    0x8C23, 0xA4A3, 0xB564, 0xDE86, 0xE6E6, 0xE707, 0xEF07, 0xE6E6, 0xE6C6, 0xEF06, 0xEF27, 0xE6C7,
    0xD665, 0xAD23, 0xBD83, 0xBDC3, 0xC5E4, 0xCE25, 0xDEC6, 0xE6E6, 0xEF27, 0xDE85, 0xD665, 0xCE45,
    0xD645, 0xBDC4, 0xB584, 0xB543, 0xA4E3, 0xAD03, 0xBDA4, 0xD665, 0xE6C6, 0xEF47, 0xEF27, 0xFF87,
    0xFF87, 0xF767, 0xF768, 0xEF27, 0xDE85, 0xC5A4, 0xC5E4, 0xCE04, 0xE706, 0xF746, 0xDEA7, 0xC5E4,
    0xC5E4, 0xBD84, 0xBD84, 0xB584,
    0xD646, 0xE6C6, 0xEF07, 0xFF68, 0xFFA8, 0xFF88, 0xFFB1, 0xCE25, 0xAD05, 0xAD04, 0xC5C5, 0xD666,
    0xD666, 0xE6A6, 0xE6C7, 0xEF07, 0xE6C7, 0xF748, 0xF747, 0xEEE7, 0xF727, 0xDEA6, 0xBD63, 0xC5C4,
    0xBDA4, 0xC5A4, 0xB584, 0xB524, 0xB584, 0xCE04, 0xE6A6, 0xF747, 0xF747, 0xF767, 0xF767, 0xEF06,
    0xDEA5, 0xCE25, 0xCE05, 0xBD84, 0xCE05, 0xD665, 0xDEA6, 0xF747, 0xF747, 0xEF06, 0xE6C6, 0xD644,
    0xCE04, 0xBDA3, 0xBDA3, 0xC5E4, 0xCE25, 0xDEA5, 0xDE85, 0xFF67, 0xFF87, 0xFF87, 0xFF88, 0xEF06,
    0xDEA6, 0xCE24, 0xC5E4, 0xBDC4, 0xC5E4, 0xCE45, 0xDE86, 0xD665, 0xDE85, 0xDE86, 0xD665, 0xE6C6,
    0xE6E5, 0xEEE5, 0xFF67, 0xFF67, 0xF767, 0xEF06, 0xDEA6, 0xCE05, 0xC5C5, 0xC5C5, 0xCE05, 0xC5E5,
    0xDE66, 0xCE26, 0xCE26, 0xCE05, 0xC5E5, 0xD646, 0xDEA6, 0xF727, 0xFF67, 0xF768, 0xF768, 0xF727,
    0xEF07, 0xE6E7, 0xDEA6, 0xDE86, 0xD666, 0xDE65, 0xE6C7, 0xEEE7, 0xF747, 0xF767, 0xEF07, 0xE6C7,
    0xDE86, 0xCE05, 0xD645, 0xDE66, 0xD665, 0xDEA6, 0xD646, 0xBDA5, 0xAD05, 0xB524, 0xB524, 0xA4A3,
    0x9CA3, 0xB565, 0xE6C6, 0xEEE7, 0xC5E5, 0xC5E5, 0xC5E5, 0xC5E5, 0xC5C5, 0xCE05, 0xBDA5, 0xAD23,
    0xACE3, 0xACE3, 0xAD03, 0xB563, 0xBDA4, 0xAD24, 0xD646, 0xDEA7, 0xCE25, 0xAD04, 0x9C64, 0xA4C4,
    0xBD85, 0xCDE6, 0xEEE7, 0xE6E7, 0xEF07, 0xDE65, 0xCE04, 0xCDE4, 0xAD02, 0x7BC2, 0x7BA2, 0x8C23,
    0x9CA4, 0xD625, 0xDE85, 0xDEA6, 0xE6C6, 0xDE85, 0xD645, 0xD665, 0xD646, 0xC5C5, 0xA4C2, 0x8402,
    0x9C63, 0xA4C3, 0xA4A2, 0xBD64, 0xCE25, 0xD665, 0xC5E4, 0xBD84, 0xBDA5, 0xCE05, 0xD646, 0xC5E5,
    0xB543, 0xAD03, 0x9CA2, 0x6B20, 0x7BC1, 0x8C42, 0x8C41, 0xCE25, 0xEF07, 0xEF27, 0xE6E7, 0xD665,
    0xBDA4, 0xAD04, 0xAD24, 0xDE85, 0xDE64, 0xEEE5, 0xEF26, 0xEF27, 0xDEC6, 0xCE06, 0xA4C4, 0x8C03,
    0x9463, 0x8C42, 0xC5C4, 0xE6A6, 0xE6C6, 0xDE86, 0xE6C6, 0xDEA6, 0xDE86, 0xEF06, 0xEF27, 0xEEE7,
    0xD665, 0xBD83, 0xCE04, 0xCE24, 0xD644, 0xD645, 0xE6A5, 0xEF06, 0xEF26, 0xDEA5, 0xCE24, 0xDEA5,
    0xCE25, 0xC605, 0xC5C4, 0xBD84, 0xB543, 0xB544, 0xB563, 0xD625, 0xDEA6, 0xE6C6, 0xEF06, 0xFF87,
    0xFF87, 0xFF88, 0xFF88, 0xEEE6, 0xD665, 0xC5C4, 0xCE04, 0xDE65, 0xEEE5, 0xF746, 0xE6A7, 0xB563,
    0xBD84, 0xC5A4, 0xBDA4, 0xC5C4,
    0xE6A6, 0xEF07, 0xF727, 0xFF67, 0xFF89, 0xFF89, 0xFF8B, 0xDE87, 0xBDA5, 0xA4C4, 0xC5C5, 0xDE66,
    0xE687, 0xDE66, 0xDE66, 0xEEE7, 0xEF07, 0xEF07, 0xEF07, 0xE686, 0xEEC6, 0xDE66, 0xBD84, 0xBDA3,
    0xBDA4, 0xBD84, 0xBD84, 0xB564, 0xB524, 0xCE24, 0xE686, 0xF706, 0xF747, 0xF747, 0xF727, 0xEF07,
    0xE6C6, 0xD665, 0xCDE4, 0xC5C4, 0xC5C4, 0xD645, 0xE6A6, 0xF747, 0xFF67, 0xEEE6, 0xDE65, 0xCE04,
    0xC5C4, 0xCDE4, 0xC5A3, 0xCDE4, 0xDE65, 0xDE85, 0xEEC6, 0xF747, 0xFF88, 0xFF88, 0xFF89, 0xEF06,
    0xEEC5, 0xDE65, 0xD625, 0xCDE4, 0xCDE4, 0xD645, 0xDE86, 0xE6A6, 0xE6A6, 0xE6A6, 0xE6A5, 0xF727,
    0xFF67, 0xFF87, 0xFF68, 0xFF68, 0xF747, 0xF727, 0xE6A6, 0xCE05, 0xBD64, 0xBD64, 0xC5E5, 0xCDE5,
    0xE6C6, 0xDE66, 0xCDE5, 0xCE05, 0xCE26, 0xD626, 0xE6A6, 0xF747, 0xFF68, 0xF727, 0xFF47, 0xF707,
    0xE6C7, 0xE6C7, 0xDE86, 0xDE66, 0xDE45, 0xD645, 0xDE66, 0xEEC6, 0xF747, 0xF747, 0xEEE6, 0xDE66,
    0xD645, 0xD625, 0xC5E4, 0xE6A6, 0xE6A6, 0xE6A6, 0xCDE5, 0xB524, 0x9CA4, 0xA4A4, 0x9CA4, 0x9C63,
    0xA4C4, 0xBDA5, 0xE6A6, 0xE6C6, 0xC5C5, 0xBDA5, 0xCDE5, 0xCDE5, 0xC5E5, 0xC5C5, 0xC5C5, 0xB524,
    0xACE4, 0xACE3, 0xA4C3, 0xBDA4, 0xB543, 0xAD24, 0xCE05, 0xE6C7, 0xC5C5, 0xA4C3, 0x9C84, 0x9CA4,
    0xBD45, 0xBD65, 0xE687, 0xE6A7, 0xE6C6, 0xD624, 0xCE04, 0xCE05, 0xB524, 0x83C2, 0x7362, 0x8C02,
    0xACE3, 0xCDE6, 0xDE66, 0xD624, 0xEEE6, 0xDE65, 0xD645, 0xD645, 0xCE05, 0xD626, 0x8C02, 0x8C41,
    0x9462, 0xA4C4, 0x9C82, 0xACE3, 0xCE05, 0xE6A6, 0xCE05, 0xBD84, 0xBD64, 0xC5A4, 0xD625, 0xCDE5,
    0xBD64, 0xAD03, 0x8402, 0x6B20, 0x7BC2, 0x8C22, 0x9CA2, 0xCE05, 0xF727, 0xFF67, 0xEEE6, 0xD625,
    0xBD84, 0xB564, 0xBD84, 0xE6C6, 0xD644, 0xF726, 0xF726, 0xF706, 0xE6C6, 0xCDE5, 0xA4A3, 0x9C43,
    0x83E2, 0x8C22, 0xCDE4, 0xE6A6, 0xE686, 0xD645, 0xDE65, 0xD645, 0xDE65, 0xE686, 0xEF07, 0xE6C6,
    0xD625, 0xCDE4, 0xC5A4, 0xDE85, 0xDE85, 0xD624, 0xDE85, 0xEEC6, 0xF727, 0xDE86, 0xC5A4, 0xCE05,
    0xCE05, 0xCE05, 0xCDE5, 0xBD84, 0xB544, 0xB543, 0xAD03, 0xC5C4, 0xD625, 0xDE85, 0xF706, 0xFF67,
    0xFF68, 0xFF68, 0xFF48, 0xE6C6, 0xD624, 0xCE04, 0xCDE4, 0xDE65, 0xEEE5, 0xE6C5, 0xCDE4, 0xA4C2,
    0xB523, 0xBD84, 0xC5C4, 0xCDC5,
    0xD605, 0xEEC6, 0xF728, 0xFF68, 0xFF6A, 0xFF8A, 0xF726, 0xE6A7, 0xE687, 0xA483, 0xCDE5, 0xDE26,
    0xCDE5, 0xCDE5, 0xDE46, 0xE686, 0xEEC7, 0xEEA6, 0xE6A6, 0xDE66, 0xE685, 0xDE66, 0xC584, 0xB523,
    0xB523, 0xBD64, 0xC5C5, 0xCDE5, 0xBD84, 0xD625, 0xDE65, 0xEEE6, 0xFF67, 0xFF47, 0xF706, 0xF727,
    0xEEE6, 0xEEC5, 0xCE05, 0xC5C4, 0xCE04, 0xD625, 0xDE65, 0xFF47, 0xF707, 0xF706, 0xD644, 0xCDE4,
    0xC5C4, 0xCDE3, 0xCDE4, 0xCDE4, 0xDE85, 0xE6A6, 0xEEE6, 0xF727, 0xFF69, 0xFF67, 0xFF68, 0xFF47,
    0xEEC6, 0xDE65, 0xD644, 0xD644, 0xD625, 0xDE65, 0xDE86, 0xEEA6, 0xEEC6, 0xE6A5, 0xEEC5, 0xF706,
    0xF726, 0xFF68, 0xFF67, 0xFF67, 0xFF47, 0xF727, 0xE686, 0xCDE4, 0xB544, 0xBD64, 0xBD85, 0xD625,
    0xEEA6, 0xE686, 0xCE05, 0xCE05, 0xD625, 0xDE66, 0xE686, 0xF727, 0xFF68, 0xF727, 0xF707, 0xF707,
    0xF707, 0xEEC6, 0xDE66, 0xDE45, 0xDE45, 0xD625, 0xDE46, 0xE6A6, 0xF707, 0xF707, 0xEEC6, 0xDE66,
    0xDE45, 0xC5C4, 0xC584, 0xE665, 0xEEE6, 0xE686, 0xC5A5, 0xACE4, 0x9C83, 0x9C63, 0x9C43, 0x8C03,
    0xA483, 0xC585, 0xDE65, 0xDE86, 0xC5C5, 0xBD65, 0xC5C5, 0xC5C5, 0xCDC5, 0xB544, 0xBD84, 0xBD44,
    0xB504, 0xB504, 0xBD44, 0xB504, 0x8C22, 0xBD64, 0xC5A4, 0xE6A6, 0xD605, 0xB524, 0xA483, 0xA4C4,
    0xA4A4, 0xBD45, 0xCDE5, 0xEEC7, 0xE686, 0xCDC4, 0xD604, 0xCDE5, 0xACE4, 0x9C43, 0x7B83, 0x8C02,
    0xBD43, 0xDE46, 0xD625, 0xCE04, 0xE685, 0xD625, 0xC5A3, 0xCDE4, 0xCDE4, 0xC5A5, 0xACA4, 0x9442,
    0xA4C2, 0xBD45, 0xA4A3, 0x9C82, 0xCDC4, 0xEEA6, 0xDE45, 0xBD85, 0xBD43, 0xBD43, 0xD625, 0xCE04,
    0xBD44, 0xA4A3, 0x7BA2, 0x83C2, 0x8BE2, 0x9C42, 0xB503, 0xCE05, 0xFF27, 0xFF68, 0xE6A6, 0xC585,
    0xBD84, 0xC5C4, 0xD625, 0xE6A6, 0xF726, 0xF706, 0xFF46, 0xF706, 0xEE86, 0xBD44, 0x9442, 0x83E1,
    0x9422, 0xACC3, 0xCE05, 0xDE86, 0xDE86, 0xD5E4, 0xD625, 0xDE45, 0xDE45, 0xE6A6, 0xEEC6, 0xE686,
    0xD605, 0xCE05, 0xC5C4, 0xDE65, 0xCDE5, 0xCDE5, 0xDE25, 0xEEC6, 0xF6E6, 0xDE65, 0xC5C4, 0xC5A4,
    0xCDE5, 0xCDE4, 0xC584, 0xBD64, 0xB523, 0xB503, 0xBD84, 0xBD44, 0xCE05, 0xDE86, 0xF706, 0xFF67,
    0xFF47, 0xF727, 0xEEC7, 0xDE45, 0xCDC4, 0xC584, 0xBD63, 0xCDC3, 0xE6A5, 0xDE64, 0xB522, 0xA482,
    0xA4C3, 0xB503, 0xBD84, 0xC5C4,
    0xB503, 0xE665, 0xF707, 0xFF48, 0xFF8C, 0xFF6C, 0xE6A6, 0xE687, 0xDE66, 0xACC4, 0xCDC5, 0xDE25,
    0xDE06, 0xCDC5, 0xDE46, 0xE686, 0xEEA6, 0xEEC7, 0xDE26, 0xD5E5, 0xD605, 0xE6A6, 0xC584, 0xBD23,
    0xACC3, 0xBD43, 0xE686, 0xD625, 0xCDC4, 0xD625, 0xEEA6, 0xF6E6, 0xFF47, 0xFF27, 0xF706, 0xF707,
    0xF706, 0xE685, 0xD605, 0xC5A4, 0xC5C4, 0xCDE5, 0xE685, 0xF727, 0xF6E6, 0xF706, 0xDE24, 0xD604,
    0xCDC4, 0xCDC3, 0xCDE4, 0xD5E4, 0xE665, 0xF6E6, 0xEEA5, 0xF6E6, 0xFF47, 0xFF68, 0xFF69, 0xFF47,
    0xEEE6, 0xE685, 0xD624, 0xD604, 0xD625, 0xDE65, 0xE665, 0xEEC6, 0xEEA5, 0xE685, 0xEEC6, 0xF6E6,
    0xEEA5, 0xF726, 0xFF47, 0xFF47, 0xFF27, 0xF6E7, 0xDE25, 0xBD43, 0xBD44, 0xBD44, 0xBD64, 0xD605,
    0xEEA6, 0xDE66, 0xD5E5, 0xCDE5, 0xD626, 0xDE46, 0xE666, 0xF706, 0xFF47, 0xFF27, 0xF707, 0xFF27,
    0xF707, 0xEEA6, 0xE666, 0xDE66, 0xDE25, 0xD605, 0xDE45, 0xE686, 0xF6E6, 0xF707, 0xE686, 0xD625,
    0xDE46, 0xC584, 0xC584, 0xE685, 0xEEA6, 0xE666, 0xC584, 0xB504, 0xA4A3, 0x9C63, 0xA4A3, 0x9423,
    0x8C03, 0xB503, 0xD605, 0xDE25, 0xBD45, 0xC565, 0xC5A5, 0xBD64, 0xCDE5, 0xB524, 0xB524, 0xB504,
    0xACC4, 0xACE4, 0xB523, 0x9C43, 0x9423, 0xB524, 0xBD64, 0xC5A4, 0xC585, 0xB524, 0x9443, 0xB504,
    0xB504, 0xBD85, 0xC5A5, 0xEEA7, 0xDE45, 0xC583, 0xCDC4, 0xC584, 0xACC4, 0x8C22, 0x7362, 0x9423,
    0xCDA5, 0xCDE5, 0xD5E5, 0xCDE4, 0xE665, 0xD605, 0xC584, 0xCDA4, 0xC583, 0xB523, 0xB524, 0x9C62,
    0xA4A2, 0xBD43, 0xC5A5, 0x9422, 0xC584, 0xEEA6, 0xDE45, 0xBD64, 0xBD64, 0xC564, 0xD625, 0xD5E4,
    0xB503, 0xA483, 0x8C02, 0x7BA1, 0xACC3, 0xB4E3, 0xACE3, 0xDE45, 0xF726, 0xEEC7, 0xD5E5, 0xC5A5,
    0xBD23, 0xCDE5, 0xDE25, 0xEEA5, 0xF6E5, 0xF706, 0xF6E6, 0xEEA6, 0xDE46, 0xC564, 0x9C42, 0x9C42,
    0xACC3, 0xB503, 0xD625, 0xE666, 0xDE45, 0xCDC4, 0xD5E4, 0xDE65, 0xE665, 0xE686, 0xEEC6, 0xDE45,
    0xCDE5, 0xCDC5, 0xDE45, 0xDE45, 0xD5E5, 0xD605, 0xDE25, 0xF6E6, 0xEEC6, 0xDE45, 0xCDA4, 0xC5A4,
    0xC584, 0xC5A4, 0xBD44, 0xB504, 0xB523, 0xB503, 0xC585, 0xC584, 0xDE45, 0xE686, 0xF706, 0xFF46,
    0xFF48, 0xFF27, 0xE6A6, 0xDE45, 0xC5A4, 0xB503, 0xC584, 0xCDC3, 0xD624, 0xD603, 0xB503, 0xA4A3,
    0xA4A3, 0xC584, 0xCDA4, 0xCDC5,
    0xB4E3, 0xD5E5, 0xEEA7, 0xFF48, 0xFF8F, 0xF6EA, 0xDE05, 0xCDE5, 0xBD44, 0xAC84, 0xC585, 0xE666,
    0xE646, 0xDE46, 0xEE66, 0xEEA7, 0xF6C7, 0xEEA7, 0xDE25, 0xCDC4, 0xC563, 0xE644, 0xC564, 0xB4E3,
    0xACA3, 0xBD43, 0xD5E4, 0xC584, 0xD605, 0xD5C4, 0xEEA6, 0xF6C6, 0xFF26, 0xFF27, 0xFF06, 0xFF06,
    0xF6E6, 0xE665, 0xD5E4, 0xC5A4, 0xC584, 0xCDE4, 0xE645, 0xF6C6, 0xFF07, 0xF6E6, 0xE645, 0xD5E4,
    0xCDA3, 0xCDC3, 0xD5E3, 0xDE24, 0xE665, 0xF6E6, 0xEEA6, 0xEEC6, 0xFF06, 0xFF6B, 0xFF4A, 0xFF26,
    0xF6C6, 0xEE85, 0xDE45, 0xD604, 0xDE24, 0xE665, 0xE645, 0xEEA6, 0xEE85, 0xEEA6, 0xF6C5, 0xF6C6,
    0xF6C6, 0xFF07, 0xFF27, 0xFF26, 0xFF27, 0xF6E6, 0xDE05, 0xBD64, 0xB504, 0xB4E4, 0xBD04, 0xCDC5,
    0xEEA6, 0xDE25, 0xD5E5, 0xD605, 0xE646, 0xD5E5, 0xDE25, 0xF6E6, 0xFF49, 0xFF28, 0xF6E6, 0xF6E7,
    0xF6C6, 0xEEA6, 0xE666, 0xDE05, 0xDE05, 0xDE05, 0xDE25, 0xE645, 0xF6E6, 0xFEE6, 0xE665, 0xD5C5,
    0xCDA5, 0xC584, 0xC584, 0xE644, 0xEE85, 0xE665, 0xC584, 0xB4E4, 0xACA3, 0xA483, 0xA483, 0x9C43,
    0x9C43, 0xB503, 0xD5E5, 0xD5C5, 0xBD04, 0xBD45, 0xC584, 0xBD44, 0xC584, 0xBD24, 0xB4E4, 0xBD24,
    0xB4E4, 0xB4E4, 0xACC3, 0xA483, 0x9C43, 0xB504, 0xBD04, 0xACA2, 0xB4E4, 0xB4C3, 0x8C02, 0xB4C4,
    0xBD25, 0xBD25, 0xCDA5, 0xE686, 0xD5E5, 0xC564, 0xBD03, 0xC543, 0xA483, 0x8C02, 0x7B81, 0x7B62,
    0xC584, 0xBD44, 0xD5C5, 0xCDA4, 0xDE25, 0xCDE4, 0xBD24, 0xBD24, 0xACA3, 0xBD43, 0xB503, 0xACA3,
    0xACA3, 0xC584, 0xC584, 0x9422, 0xC564, 0xE685, 0xDE45, 0xC564, 0xBD24, 0xC564, 0xD5E5, 0xCDA4,
    0xACA3, 0x9C42, 0x9402, 0x83C1, 0xB4E3, 0xC564, 0xCDA4, 0xDE25, 0xF6C6, 0xE645, 0xD5E5, 0xCD85,
    0xBD24, 0xC585, 0xDE25, 0xEE85, 0xE665, 0xF6C6, 0xEEA6, 0xE666, 0xDE26, 0xC544, 0xA462, 0xA482,
    0xA482, 0xB4E3, 0xD605, 0xE686, 0xDE05, 0xCDA4, 0xCDC4, 0xDE25, 0xE645, 0xDE45, 0xDE45, 0xDE25,
    0xCDA5, 0xCDC5, 0xDE25, 0xD605, 0xDE26, 0xCDE5, 0xDE45, 0xF6E6, 0xF6C6, 0xDE25, 0xCDC4, 0xC564,
    0xD5C4, 0xD5C5, 0xACC4, 0x9C42, 0xBD24, 0xBD24, 0xC564, 0xCDA4, 0xD5E5, 0xE665, 0xFEE6, 0xFF26,
    0xFF48, 0xFF07, 0xDE46, 0xD605, 0xC544, 0xC584, 0xC5A4, 0xC584, 0xC583, 0xC563, 0xACA3, 0x9C42,
    0xA462, 0xC584, 0xCDA4, 0xBD44,
    0xBD24, 0xCDA5, 0xEE66, 0xFEE7, 0xFF2A, 0xEEA7, 0xDE26, 0xC544, 0xAC83, 0xBD04, 0xCDA5, 0xE666,
    0xCD85, 0xCD85, 0xEE66, 0xEE86, 0xF687, 0xDE05, 0xE625, 0xDDE5, 0xCDA4, 0xD5C4, 0xD5C4, 0xBCE3,
    0xACA3, 0xBD03, 0xC563, 0xCD84, 0xDE05, 0xD5E4, 0xE625, 0xF6A6, 0xFF07, 0xFF29, 0xFF07, 0xFF07,
    0xF6A5, 0xDE24, 0xD5E4, 0xDE04, 0xCD84, 0xD5E4, 0xDE04, 0xF685, 0xFEE6, 0xFEE6, 0xEE65, 0xD5C3,
    0xC562, 0xD5C3, 0xDDE3, 0xE624, 0xEE65, 0xF685, 0xF685, 0xEE85, 0xFEE6, 0xFF28, 0xFF29, 0xFF07,
    0xF6C6, 0xEE85, 0xEE65, 0xE665, 0xE624, 0xE665, 0xEE65, 0xEE45, 0xEE65, 0xF6C6, 0xEE85, 0xEE65,
    0xF6A6, 0xFF08, 0xFF28, 0xFF29, 0xFF28, 0xFEC6, 0xDE25, 0xC524, 0xB4A3, 0xA463, 0xACA3, 0xCD64,
    0xEE66, 0xE645, 0xDE06, 0xE646, 0xE666, 0xDE05, 0xD5C5, 0xE625, 0xFF08, 0xFF08, 0xF6C6, 0xEE86,
    0xEE66, 0xF6A6, 0xE625, 0xD5E5, 0xD5E5, 0xDE05, 0xD5C5, 0xE645, 0xF6C6, 0xFEC6, 0xE645, 0xD5C5,
    0xC564, 0xC524, 0xD5C4, 0xE625, 0xEE65, 0xE625, 0xCDA5, 0xBCE4, 0xB4A3, 0xA483, 0xA443, 0x9403,
    0xA443, 0xBD24, 0xDE05, 0xCD84, 0xBD04, 0xBD25, 0xC524, 0xC544, 0xC544, 0xB4E4, 0xACA3, 0xB4C3,
    0xB4C4, 0xB4E4, 0xB4A3, 0x9C23, 0xA483, 0xBD24, 0xC564, 0xAC83, 0x8BC3, 0xACA3, 0xA463, 0x9C43,
    0xACA4, 0xB504, 0xD5A5, 0xEE66, 0xCDA4, 0xBCE3, 0xAC83, 0xBCE3, 0xAC63, 0x9C02, 0x8BE2, 0x7321,
    0xB4A3, 0xC544, 0xC564, 0xCD84, 0xDDE5, 0xCD84, 0xB4E3, 0x9C43, 0x93E2, 0xACA3, 0xA482, 0xACA3,
    0xB4E4, 0xB4C3, 0xB4C3, 0xACA2, 0xCD63, 0xEE65, 0xDE04, 0xC524, 0xC504, 0xC544, 0xCDA4, 0xCD84,
    0xA463, 0x9402, 0xA443, 0x9C22, 0xBD03, 0xD5C4, 0xD5E5, 0xDE05, 0xE646, 0xDE05, 0xD5C4, 0xC564,
    0xCD84, 0xBD04, 0xD5E5, 0xDE06, 0xE625, 0xEE65, 0xEE65, 0xE645, 0xDE05, 0xC564, 0xAC83, 0xACA3,
    0xA462, 0xBCE3, 0xE625, 0xEE65, 0xD5C5, 0xCD84, 0xD5C4, 0xD5E5, 0xDE05, 0xDE25, 0xE605, 0xD5C5,
    0xCDA5, 0xCD84, 0xCDA4, 0xD5C4, 0xE625, 0xE604, 0xDE24, 0xF6C6, 0xF6A6, 0xD5A4, 0xC564, 0xC544,
    0xC584, 0xD5E5, 0xB4C3, 0xAC82, 0xBD24, 0xBD04, 0xCD85, 0xCD84, 0xD5C5, 0xEE45, 0xFEE5, 0xFF28,
    0xFF28, 0xFF07, 0xE646, 0xD5E5, 0xC544, 0xC544, 0xBD24, 0xBD04, 0xC524, 0xBCE3, 0xAC82, 0x9C22,
    0x9C02, 0xB4C3, 0xC564, 0xBD03,
    0xBCC3, 0xC544, 0xF666, 0xFEA7, 0xFEC6, 0xEE67, 0xCD84, 0xC523, 0xB4C4, 0xBCE3, 0xD584, 0xDDE5,
    0xC524, 0xBD05, 0xEE65, 0xEE26, 0xF687, 0xDDC5, 0xDE05, 0xDDE5, 0xC523, 0xCD64, 0xDDE4, 0xB4C3,
    0xB4C3, 0xB4C3, 0xC523, 0xD5A4, 0xD5A4, 0xDDE5, 0xDDE5, 0xF685, 0xFEE7, 0xFF2C, 0xFEE7, 0xFF29,
    0xF6A6, 0xDDC3, 0xDDE4, 0xDE04, 0xD5C4, 0xDE04, 0xE604, 0xF685, 0xFEC6, 0xFEE7, 0xEE65, 0xDDC3,
    0xD5C3, 0xD5C3, 0xDDE3, 0xDDE3, 0xE644, 0xEE45, 0xF685, 0xF6A5, 0xFEC6, 0xFF08, 0xFF2B, 0xFEE7,
    0xFEA5, 0xF685, 0xEE65, 0xEE65, 0xE645, 0xEE45, 0xEE45, 0xEE65, 0xE645, 0xEE65, 0xEE65, 0xEE45,
    0xFEA6, 0xFEC6, 0xFEE7, 0xFF09, 0xFF08, 0xFEC6, 0xE605, 0xC523, 0xAC83, 0x9C22, 0xA442, 0xCD44,
    0xEE45, 0xEE46, 0xDDC5, 0xDDC5, 0xE606, 0xDE06, 0xD5A5, 0xD5C5, 0xF6A6, 0xFEE7, 0xF6A6, 0xDDE5,
    0xDDE5, 0xEE46, 0xE605, 0xDDC5, 0xDDE5, 0xD5C5, 0xE605, 0xE625, 0xFEA6, 0xFEC6, 0xE605, 0xD5A5,
    0xCD64, 0xBCE4, 0xD5C4, 0xE605, 0xEE45, 0xDDE5, 0xCD44, 0xB4C3, 0xA423, 0x9C23, 0x9C02, 0x93E2,
    0xA443, 0xC524, 0xDDC5, 0xC524, 0xB4C4, 0xBD05, 0xBCE4, 0xC524, 0xC504, 0xC524, 0xB4C3, 0xA463,
    0xB4A4, 0xB4C4, 0xAC62, 0x8BC2, 0xBCC4, 0xCDA5, 0xD5C5, 0xB4C4, 0x9403, 0xBCE4, 0xAC84, 0xAC83,
    0xB4C4, 0xCD45, 0xDDE5, 0xEE45, 0xCD64, 0xAC82, 0xAC62, 0xAC83, 0xB4A3, 0xA443, 0x9C23, 0x93E2,
    0xA423, 0xBCE3, 0xB4C3, 0xC523, 0xE605, 0xCD84, 0xC4E3, 0xA422, 0x9C02, 0xAC63, 0xA422, 0xB4C3,
    0xCD65, 0xB4A2, 0xAC82, 0xB4C3, 0xCD44, 0xF665, 0xE605, 0xBCE3, 0xC504, 0xC504, 0xCD64, 0xBD03,
    0xA422, 0x9C02, 0x9C02, 0x8BC2, 0xBCE3, 0xDDE5, 0xDE05, 0xE5E5, 0xE5E5, 0xD5A5, 0xD5A5, 0xC523,
    0xC503, 0xA462, 0xD584, 0xE605, 0xDE05, 0xEE45, 0xEE45, 0xF665, 0xDDE5, 0xCD64, 0xB4A3, 0xBCE3,
    0xB4A3, 0xC523, 0xE605, 0xE605, 0xDDC4, 0xC523, 0xDDE5, 0xD5C5, 0xD5A4, 0xE625, 0xE605, 0xD5A4,
    0xD5C5, 0xD5C4, 0xD5A4, 0xD5C4, 0xE604, 0xEE45, 0xE624, 0xFEA6, 0xF685, 0xD5A4, 0xBD03, 0xB4C3,
    0xBCC3, 0xC544, 0xC503, 0xBCE2, 0xC504, 0xBCE4, 0xC524, 0xCD64, 0xE605, 0xE624, 0xFEA4, 0xFF4B,
    0xFEE6, 0xFEC6, 0xEE65, 0xD5A5, 0xCD84, 0xCD64, 0xC564, 0xBCC3, 0xA462, 0xB4C3, 0xAC62, 0x9402,
    0x9C22, 0xB4C3, 0xC503, 0xC544,
    0xCD24, 0xD5A5, 0xF666, 0xFEC7, 0xFE86, 0xE606, 0xCD65, 0xC524, 0xBCC4, 0xAC63, 0xC523, 0xC523,
    0xC524, 0xC4E4, 0xE605, 0xE5E5, 0xEE26, 0xF666, 0xE605, 0xDDC5, 0xCD03, 0xCD63, 0xDDA4, 0xCD23,
    0xBCC3, 0xBCE3, 0xCD64, 0xCD84, 0xD584, 0xDDC4, 0xE5E5, 0xF665, 0xFEA6, 0xFF0A, 0xFEE9, 0xFEE8,
    0xFEA6, 0xE5E4, 0xDDE4, 0xE604, 0xDDE4, 0xDDE4, 0xE604, 0xF685, 0xFEC6, 0xFEC8, 0xEE44, 0xD5A3,
    0xD583, 0xD5A3, 0xDDA3, 0xDDC3, 0xE604, 0xEE24, 0xFE65, 0xFEC6, 0xFEC7, 0xFF0C, 0xFF2D, 0xFEE9,
    0xFEA5, 0xEE45, 0xF665, 0xEE25, 0xEE24, 0xE605, 0xEE25, 0xEE25, 0xEE25, 0xEE45, 0xEE45, 0xE605,
    0xFE86, 0xF685, 0xFE85, 0xFEC6, 0xFEE9, 0xFEA6, 0xE5E4, 0xCD23, 0xAC62, 0x9C02, 0xA442, 0xCD23,
    0xEE25, 0xEE26, 0xCD84, 0xDDE5, 0xE5E5, 0xDDE5, 0xD585, 0xD5A5, 0xEE46, 0xFEC7, 0xFEA7, 0xD5A5,
    0xCD65, 0xE5E5, 0xDDE5, 0xDDA5, 0xD564, 0xC504, 0xDDC5, 0xE605, 0xFE85, 0xFE85, 0xE5E5, 0xD565,
    0xD5A5, 0xC544, 0xD5A4, 0xEE05, 0xE605, 0xDDC5, 0xCD24, 0xB4A3, 0x9BE2, 0x9C02, 0x9C03, 0x9BE3,
    0xAC83, 0xCD44, 0xDDC5, 0xCD24, 0xB4A4, 0xBCE4, 0xC504, 0xC504, 0xBCE4, 0xC4E4, 0xB4A3, 0xAC43,
    0xB484, 0xB4A4, 0xB4A3, 0x9BE3, 0xBCE4, 0xDDA5, 0xEE05, 0xCD44, 0xB483, 0xBCE5, 0xB4A4, 0xC524,
    0xBCC4, 0xC525, 0xDDC5, 0xE5C5, 0xCD44, 0xAC62, 0xA442, 0xB483, 0xBCC3, 0xB4A3, 0xA443, 0xAC63,
    0xB483, 0xA423, 0xB4A3, 0xCD24, 0xDDA5, 0xCD44, 0xBCC3, 0xAC62, 0xA402, 0xAC83, 0xA402, 0xAC63,
    0xBCE3, 0xAC62, 0xA401, 0xB4A2, 0xDDC4, 0xEE45, 0xE5E5, 0xC504, 0xBCC4, 0xBCC3, 0xCD24, 0xAC82,
    0xA422, 0xA422, 0x9C01, 0x8B81, 0xB4C2, 0xE605, 0xE605, 0xEE26, 0xDDC4, 0xD584, 0xDDA5, 0xC524,
    0xB483, 0xB483, 0xC504, 0xD584, 0xEE26, 0xEE05, 0xE605, 0xEE45, 0xDDC5, 0xCD84, 0xBCC3, 0xBCC4,
    0xBCC4, 0xCD44, 0xE605, 0xE605, 0xDDA4, 0xC523, 0xE605, 0xDDC5, 0xCD64, 0xE5E5, 0xEE05, 0xDDA5,
    0xD585, 0xCD64, 0xDDE4, 0xE5E4, 0xE5E4, 0xEE04, 0xF665, 0xFEA5, 0xF665, 0xDDC4, 0xCD44, 0xB4C3,
    0xB483, 0xC523, 0xBCE2, 0xAC62, 0xC4E3, 0xCD65, 0xBCE4, 0xC524, 0xDDC5, 0xEE45, 0xFF0A, 0xFF09,
    0xF664, 0xE603, 0xE604, 0xD5A5, 0xD584, 0xC524, 0xC504, 0xB4A3, 0x93E1, 0xAC82, 0xB4A3, 0xA443,
    0xA423, 0xAC63, 0xBCC3, 0xCD24,
    0xD544, 0xE5C5, 0xFE66, 0xFE87, 0xFE45, 0xE5C5, 0xE5C5, 0xBCA3, 0xAC43, 0xBCC4, 0xC504, 0xBCC3,
    0xC4E4, 0xC4E4, 0xE5C5, 0xE5C5, 0xEE05, 0xFE46, 0xE5E5, 0xDDA5, 0xD565, 0xCD24, 0xD543, 0xCD23,
    0xC4E3, 0xD544, 0xCD03, 0xC4E3, 0xDD84, 0xE5C4, 0xE5C4, 0xF605, 0xFE85, 0xFEEA, 0xFEEA, 0xFEC9,
    0xF645, 0xE5C3, 0xDDC4, 0xE5C4, 0xE5C4, 0xDDA4, 0xF625, 0xF665, 0xFE85, 0xFEA6, 0xE5E4, 0xD583,
    0xBCE2, 0xDD83, 0xDDA3, 0xDDA3, 0xDDC3, 0xF624, 0xFE85, 0xFE86, 0xFEA7, 0xFEEB, 0xFF0C, 0xFEC8,
    0xFE65, 0xEE04, 0xEDE4, 0xE5C4, 0xDDC4, 0xE5C4, 0xEDE5, 0xE5C4, 0xE5C4, 0xE5E4, 0xE5E5, 0xE5E4,
    0xEE25, 0xEE25, 0xFE65, 0xFEA7, 0xFEC9, 0xFE86, 0xDDC4, 0xC503, 0xAC42, 0x9BE2, 0x93C2, 0xBCC3,
    0xEDE5, 0xEE05, 0xDDA5, 0xDDA5, 0xE5C5, 0xDDC5, 0xD565, 0xD545, 0xF626, 0xFE87, 0xEE06, 0xE5C5,
    0xD565, 0xE5C5, 0xDDA5, 0xCD04, 0xAC42, 0xAC62, 0xBCC3, 0xE5C4, 0xFE65, 0xFE65, 0xE5C5, 0xD544,
    0xCD44, 0xCD24, 0xDD84, 0xEDE4, 0xDD84, 0xCD24, 0xC4E4, 0xB483, 0xAC63, 0x9C02, 0x93C2, 0x9BE2,
    0xBCC3, 0xDD85, 0xE5E5, 0xCD24, 0xAC63, 0xBCC4, 0xB464, 0xC4E4, 0xA403, 0xAC43, 0xBCC4, 0xAC23,
    0xB464, 0xBCC4, 0xAC43, 0xB483, 0xC504, 0xE5C5, 0xEDE5, 0xCD44, 0xAC43, 0xAC44, 0xB483, 0xBCC4,
    0xC4C4, 0xC504, 0xDDA5, 0xE5A5, 0xCD04, 0xB483, 0xAC43, 0xB483, 0xC4C4, 0xBCA3, 0xAC23, 0xAC43,
    0xAC63, 0x9BE3, 0xB483, 0xD544, 0xDD84, 0xCD24, 0xBC83, 0xAC42, 0xAC43, 0xAC43, 0xAC23, 0xAC43,
    0xAC62, 0x9C01, 0x7B20, 0xAC62, 0xEE25, 0xEE25, 0xE5E5, 0xC504, 0xB463, 0xB483, 0xBCA3, 0xB463,
    0xA402, 0xAC42, 0x9BE1, 0x93C1, 0xAC22, 0xD584, 0xE5E5, 0xEDE5, 0xDDA4, 0xDDA4, 0xD544, 0xBCA3,
    0xBCA3, 0xB483, 0xB462, 0xCD04, 0xE5C5, 0xCD24, 0xD544, 0xDDA5, 0xD564, 0xD584, 0xCD24, 0xC4C3,
    0xC4C3, 0xD544, 0xEE25, 0xEE05, 0xDD84, 0xD584, 0xE5C5, 0xDD84, 0xD524, 0xEDE5, 0xF625, 0xDD84,
    0xD524, 0xCD23, 0xDDA3, 0xDDA4, 0xDDA3, 0xE5C3, 0xF645, 0xFE86, 0xFE45, 0xDDC4, 0xBCA3, 0xB4A3,
    0xB463, 0xCD03, 0xC4C3, 0xB4A3, 0xC504, 0xD525, 0xCD45, 0xD564, 0xDDA5, 0xFE66, 0xFF0D, 0xFE66,
    0xD543, 0xD522, 0xDD83, 0xD564, 0xCD64, 0xBCC3, 0xB483, 0xAC42, 0xA442, 0x9BE2, 0xB483, 0xB483,
    0xA402, 0xAC43, 0xC4C3, 0xC4E4,
    0xCD04, 0xEDE6, 0xFE87, 0xFE87, 0xF625, 0xEDE5, 0xD544, 0xB462, 0xAC23, 0xC4A4, 0xC4E4, 0xCCE4,
    0xBCA3, 0xD524, 0xD524, 0xE5A5, 0xEDE5, 0xEDE5, 0xEDE5, 0xE5A5, 0xD505, 0xC4E4, 0xCCE3, 0xC4C3,
    0xBCA3, 0xBC83, 0xBCA3, 0xCCC3, 0xD524, 0xDD84, 0xDD84, 0xEDE4, 0xFE87, 0xFEA9, 0xFEA9, 0xFEA8,
    0xF604, 0xE583, 0xDD83, 0xD563, 0xDD63, 0xEDC4, 0xF625, 0xFE65, 0xFE87, 0xFEA8, 0xF625, 0xE583,
    0xCD03, 0xE583, 0xDD83, 0xDD83, 0xEDC4, 0xEDE4, 0xF624, 0xFE65, 0xFEA7, 0xFECA, 0xFECC, 0xFEA9,
    0xF625, 0xE5C3, 0xE583, 0xDD83, 0xD523, 0xDD63, 0xDD64, 0xDD64, 0xDD64, 0xDD84, 0xDD64, 0xE584,
    0xDD84, 0xE5C4, 0xF605, 0xFE47, 0xFEA9, 0xFE87, 0xE5A4, 0xC4C3, 0xAC22, 0x9BC2, 0x9382, 0xBC83,
    0xE585, 0xE5A5, 0xDD65, 0xD544, 0xD544, 0xE5A5, 0xD544, 0xE5A5, 0xFE46, 0xFE26, 0xEDE5, 0xDD85,
    0xD524, 0xDD65, 0xBCA3, 0xB463, 0x9BE2, 0xAC43, 0xBCA3, 0xDDA3, 0xF624, 0xFE25, 0xDD64, 0xCCE3,
    0xD524, 0xD564, 0xE584, 0xE5A4, 0xCCE3, 0xC4A3, 0xBC83, 0xB483, 0xB463, 0xA3E2, 0x8B62, 0xA402,
    0xCD03, 0xE5A5, 0xE585, 0xCCE4, 0xBCA3, 0xB483, 0xA403, 0xC4C4, 0xB464, 0xB443, 0xA403, 0xA403,
    0xAC23, 0xB484, 0xAC22, 0xAC23, 0xC4C4, 0xF625, 0xF605, 0xD544, 0xBCA4, 0xAC23, 0xB443, 0xC4E4,
    0xCD05, 0xCD04, 0xDD44, 0xE585, 0xCD03, 0xB483, 0xBC84, 0xC4A3, 0xBC83, 0xC4A3, 0xBC83, 0xB423,
    0xAC23, 0xB443, 0xC4C3, 0xD524, 0xDD84, 0xD523, 0xBC83, 0xAC22, 0xAC22, 0xB463, 0xB463, 0xA402,
    0xAC22, 0x9BE1, 0x9BA1, 0xB482, 0xE5A4, 0xEDE5, 0xEDC5, 0xCCE3, 0xC4C3, 0xAC43, 0xBC83, 0xAC22,
    0xA402, 0xAC22, 0x9BC1, 0x8B81, 0xA3E1, 0xD543, 0xE5A4, 0xE584, 0xE584, 0xDD64, 0xCCE3, 0xA402,
    0xB482, 0xB442, 0x9BA1, 0xCD04, 0xDD84, 0xD503, 0xD544, 0xD523, 0xD564, 0xE5A5, 0xDD64, 0xCCE3,
    0xBC83, 0xD524, 0xFE25, 0xF605, 0xDD64, 0xDD64, 0xDD64, 0xCD03, 0xD523, 0xEDC5, 0xF605, 0xE584,
    0xCCC3, 0xD524, 0xDD64, 0xD542, 0xCD02, 0xDD83, 0xFE25, 0xFE65, 0xEE05, 0xD544, 0xBC83, 0xAC43,
    0xAC02, 0xB462, 0xC4A3, 0xBCA3, 0xC4C4, 0xC4C4, 0xD524, 0xDD64, 0xEDC5, 0xFE66, 0xFEA7, 0xEDC5,
    0xD504, 0xBC83, 0xCD03, 0xCCE4, 0xC4C3, 0xC4C3, 0xB463, 0xB443, 0xB443, 0xA402, 0xAC23, 0xAC23,
    0xAC02, 0xB463, 0xBCA3, 0xC4C4,
    0xD4E3, 0xEDC5, 0xFE26, 0xFE47, 0xEDE5, 0xDD64, 0xC483, 0xB443, 0xC4A4, 0xB443, 0xBC63, 0xCCE4,
    0xBC83, 0xD504, 0xCCE4, 0xD504, 0xE585, 0xF5E6, 0xE5A5, 0xE585, 0xD504, 0xCCE4, 0xD504, 0xCCE3,
    0xBC62, 0xB442, 0xC4A3, 0xCCC3, 0xD4E3, 0xDD43, 0xE584, 0xF5E4, 0xFE46, 0xFEA9, 0xFEAA, 0xFE46,
    0xF5C4, 0xE583, 0xDD63, 0xE583, 0xEDA4, 0xDD63, 0xEDE4, 0xF605, 0xF625, 0xFE87, 0xFE25, 0xE564,
    0xD503, 0xDD23, 0xE5A3, 0xEDA3, 0xFE04, 0xF5E4, 0xF5E4, 0xFE25, 0xFE87, 0xFEAA, 0xFECC, 0xFE68,
    0xEDC4, 0xE583, 0xDD43, 0xD503, 0xD503, 0xCCE3, 0xCCE3, 0xD4E3, 0xDD64, 0xE584, 0xD524, 0xCD03,
    0xD523, 0xDD64, 0xEDA5, 0xFE25, 0xFE67, 0xFE26, 0xEDC4, 0xC482, 0xA402, 0x8B62, 0x8B82, 0xBC63,
    0xDD44, 0xE585, 0xCCC3, 0xD504, 0xC4A4, 0xD504, 0xDD45, 0xF605, 0xFE46, 0xFE26, 0xEDC5, 0xDD44,
    0xCCC4, 0xBC83, 0xAC22, 0xAC02, 0xA3E2, 0xB423, 0xC4C3, 0xE583, 0xF5C4, 0xF5E5, 0xDD44, 0xC4A3,
    0xCCE4, 0xD524, 0xE5A4, 0xE583, 0xCCE3, 0xBC83, 0xBC63, 0xB443, 0xAC03, 0x9381, 0x9381, 0xAC02,
    0xD504, 0xEDC5, 0xE564, 0xCCC4, 0xB443, 0xAC03, 0x9BA2, 0xB443, 0xB423, 0xBC84, 0xAC03, 0xAC03,
    0xB423, 0xAC03, 0xAC03, 0x9382, 0xC4A3, 0xFE46, 0xEDC4, 0xD523, 0xBC63, 0xB423, 0xB443, 0xC4A4,
    0xBC64, 0xC4A3, 0xCCC4, 0xDD44, 0xD524, 0xC483, 0xB423, 0xBC63, 0xB443, 0xAC02, 0xB443, 0xB423,
    0xAC03, 0xB443, 0xCCE4, 0xDD64, 0xE584, 0xCCE3, 0xBC63, 0xAC22, 0xAC02, 0xB443, 0xB422, 0xA3C1,
    0xA3E2, 0x9BC1, 0xAC02, 0xC482, 0xF5E5, 0xF5E5, 0xEDC5, 0xD503, 0xA3E2, 0xAC02, 0xB423, 0xB422,
    0xAC02, 0xA3E2, 0x9BA1, 0x9BA1, 0xA3C1, 0xCCC3, 0xE564, 0xD523, 0xD523, 0xD503, 0xC4A3, 0xA3C2,
    0xA3E2, 0xB442, 0xA3C1, 0xCCE3, 0xDD44, 0xCCC2, 0xCCC2, 0xCCE3, 0xCD03, 0xE564, 0xD524, 0xC4A3,
    0xBC83, 0xD524, 0xFE05, 0xF5E5, 0xD523, 0xDD23, 0xDD43, 0xD503, 0xD523, 0xE584, 0xF5E5, 0xDD44,
    0xC483, 0xCCE4, 0xD504, 0xC4C2, 0xBC62, 0xDD44, 0xF605, 0xFE25, 0xE5A4, 0xD504, 0xC483, 0x9BC2,
    0x9382, 0xA3E2, 0xBC62, 0xD504, 0xBC83, 0xBC83, 0xBC63, 0xD524, 0xF5E5, 0xFE46, 0xFE67, 0xE564,
    0xD503, 0xBC63, 0xCCE2, 0xC4A3, 0xBC43, 0xC4A3, 0xBC83, 0xBC63, 0xB423, 0xB443, 0xB443, 0xB443,
    0xAC23, 0xB443, 0xC4C4, 0xC4C4,
    0xC483, 0xE544, 0xFE06, 0xFE06, 0xEDA5, 0xDD24, 0xDD04, 0xBC43, 0xC483, 0xB403, 0xB423, 0xBC63,
    0xCCE4, 0xC483, 0xC4A3, 0xCCA4, 0xDD04, 0xED85, 0xE564, 0xE564, 0xDD04, 0xD4E4, 0xCCC3, 0xCCC3,
    0xBC63, 0xBC63, 0xC483, 0xC4A3, 0xD4E3, 0xDD03, 0xED84, 0xFDE4, 0xFE26, 0xFE8A, 0xFE89, 0xFE25,
    0xF5C3, 0xE563, 0xD503, 0xE543, 0xDD23, 0xE543, 0xED83, 0xF5A3, 0xFDC4, 0xFE05, 0xFDE5, 0xDD03,
    0xBC62, 0xC482, 0xE563, 0xED84, 0xF5A4, 0xF5A4, 0xF5A4, 0xF5C4, 0xFE05, 0xFE68, 0xFE8A, 0xFE26,
    0xED84, 0xDD03, 0xD503, 0xDD23, 0xCCC3, 0xC483, 0xBC83, 0xCCA3, 0xDD24, 0xE565, 0xD4E4, 0xCCC3,
    0xC4A3, 0xD4C3, 0xDD24, 0xFE05, 0xFE05, 0xF5C4, 0xD503, 0xBC63, 0xABE2, 0x9B82, 0x8B42, 0xB423,
    0xD4E4, 0xDD44, 0xCCC3, 0xC483, 0xBC63, 0xCCA4, 0xE545, 0xFDE5, 0xFE26, 0xFE06, 0xE565, 0xD4E4,
    0xC484, 0xBC43, 0xB402, 0x9BA2, 0x9BC2, 0xAC03, 0xC482, 0xE543, 0xF5C4, 0xF5C5, 0xDD24, 0xCCC4,
    0xCCC4, 0xD504, 0xE543, 0xDD23, 0xC483, 0xBC43, 0xB443, 0xB423, 0xA3E3, 0x9361, 0x9B82, 0xAC02,
    0xD4E4, 0xEDA5, 0xDD24, 0xBC83, 0xA3C2, 0xA3C2, 0x9382, 0xABE3, 0xA3E3, 0xB443, 0xAC03, 0xA3E3,
    0xAC03, 0xAC03, 0xB423, 0xB403, 0xD4E3, 0xFDE5, 0xED84, 0xCCC3, 0xAC03, 0xA3C2, 0xAC03, 0xB423,
    0x9BA3, 0xBC63, 0xC483, 0xDD04, 0xDD04, 0xBC43, 0xAC02, 0xB423, 0xAC02, 0x9B82, 0xABE3, 0xABE2,
    0xA3C2, 0xAC02, 0xD504, 0xE585, 0xE584, 0xCCC3, 0xBC43, 0xB423, 0xB443, 0xB443, 0xB423, 0xA3A2,
    0x9B82, 0x9381, 0xABE2, 0xC483, 0xED84, 0xEDA5, 0xE564, 0xCCC3, 0x9381, 0xA3C2, 0xABE2, 0xB423,
    0xB422, 0xB422, 0xA3C2, 0xA3A1, 0x9BA1, 0xC463, 0xDD04, 0xD4E3, 0xC483, 0xC483, 0xB422, 0xA3C2,
    0x9B82, 0x9B81, 0xB402, 0xBC83, 0xCCA3, 0xBC43, 0xBC62, 0xB442, 0xC483, 0xCCC3, 0xCCA3, 0xC483,
    0xBC62, 0xDD23, 0xF5C5, 0xF5A4, 0xDD23, 0xDD43, 0xE543, 0xE544, 0xE524, 0xED84, 0xF5A5, 0xDD24,
    0xC4A3, 0xC463, 0xC483, 0xBC63, 0xC483, 0xDD24, 0xFDE5, 0xFDE5, 0xED84, 0xC4A3, 0xA3E2, 0x9B82,
    0x7B01, 0x8321, 0xAC02, 0xCCC3, 0xC483, 0xBC83, 0xBC43, 0xDD24, 0xFDE5, 0xFE26, 0xFE05, 0xDD03,
    0xD4C2, 0xD4C3, 0xD4E3, 0xD4E3, 0xC483, 0xBC63, 0xCCC4, 0xD4C4, 0xBC63, 0xB422, 0xBC42, 0xB422,
    0xA3A2, 0x9BA1, 0xC483, 0xC483,
    0xC463, 0xDD04, 0xF5A5, 0xF585, 0xED65, 0xE525, 0xDD04, 0xBC23, 0xB3E3, 0xA3C2, 0xB3E3, 0xB403,
    0xC463, 0xB423, 0xBC23, 0xD4C4, 0xD4C4, 0xDD04, 0xED64, 0xED65, 0xED85, 0xDD04, 0xD4A3, 0xD4A3,
    0xC463, 0xABE2, 0xBC43, 0xC443, 0xC463, 0xCC83, 0xDCE2, 0xF583, 0xFE05, 0xFE69, 0xFE49, 0xFE05,
    0xF5A3, 0xDD03, 0xBC42, 0xBC42, 0xCCA2, 0xE523, 0xED44, 0xED64, 0xF584, 0xF584, 0xF5A4, 0xCCA3,
    0xABC2, 0xBC42, 0xCC82, 0xD4E3, 0xD4E3, 0xDCE3, 0xDD03, 0xE523, 0xED64, 0xFDE5, 0xFE27, 0xFDC5,
    0xE523, 0xD4C3, 0xD4C3, 0xD4E3, 0xBC43, 0xBC43, 0xBC23, 0xCC83, 0xDD04, 0xE545, 0xDCE4, 0xC463,
    0xB403, 0xBC23, 0xCCA3, 0xF585, 0xF5A5, 0xED64, 0xCCA3, 0xBC43, 0xABE2, 0x9B82, 0x9B82, 0xABE2,
    0xD4C3, 0xE524, 0xD4E4, 0xBC23, 0xBC23, 0xC443, 0xDD04, 0xED65, 0xF5A5, 0xF5A5, 0xED45, 0xBC43,
    0xB3E3, 0xB3E2, 0xA3A2, 0x8B62, 0x9362, 0xABC2, 0xC462, 0xE523, 0xF584, 0xE544, 0xCCA3, 0xC463,
    0xC483, 0xD4C3, 0xDCE3, 0xD4C3, 0xBC43, 0xB403, 0xB3E2, 0xABE3, 0xA3A2, 0x9B82, 0x9B82, 0xABC2,
    0xCCA3, 0xED64, 0xDD04, 0xC463, 0xA3C2, 0xA3A2, 0x9BA2, 0xABC3, 0xA3A2, 0xA3C2, 0xA383, 0xA3C2,
    0xB403, 0xB402, 0xABE2, 0xB402, 0xD4E3, 0xED64, 0xE504, 0xC463, 0xABC3, 0xA3A2, 0xA3A3, 0xA3A3,
    0xB403, 0xB403, 0xBC23, 0xD4C4, 0xD4C4, 0xB402, 0xABE2, 0xABC2, 0xABE3, 0xA3C2, 0xA3A2, 0xA3A2,
    0x9B62, 0xB3E3, 0xCCA3, 0xED64, 0xED44, 0xCCA3, 0xB423, 0xB403, 0xB403, 0xB403, 0xB403, 0xA3A2,
    0x9B82, 0x9B82, 0x9B81, 0xB422, 0xDD04, 0xED85, 0xED64, 0xCC83, 0xB402, 0xA3A2, 0xA3C2, 0xABC2,
    0xABE2, 0xABE2, 0xA3A2, 0x9B61, 0xA3A1, 0xB402, 0xCCA3, 0xD4E4, 0xCCA3, 0xBC22, 0xABC2, 0x9B82,
    0x9B82, 0x9361, 0xA3A1, 0xABC2, 0xA3A2, 0xB403, 0xBC43, 0xABE2, 0xC463, 0xCCA3, 0xC462, 0xC463,
    0xC443, 0xE523, 0xF5A5, 0xED64, 0xD4E3, 0xD4E3, 0xD4E3, 0xDD04, 0xE504, 0xE544, 0xED64, 0xD4C4,
    0xC462, 0xBC22, 0xBC42, 0xB422, 0xC443, 0xD4E3, 0xF5A5, 0xF5A5, 0xE504, 0xC463, 0xA3A2, 0x9B83,
    0x7AE0, 0x82E0, 0xA3A1, 0xABE1, 0xC462, 0xC443, 0xC463, 0xDCE4, 0xFDA5, 0xFE06, 0xED64, 0xDCE4,
    0xD4C3, 0xCCA3, 0xCC83, 0xCC84, 0xC463, 0xC483, 0xDCE4, 0xDD04, 0xCCA3, 0xBC43, 0xB402, 0xABC2,
    0xA3C2, 0xB403, 0xBC43, 0xBC43,
    0xBC23, 0xDCC4, 0xED45, 0xED45, 0xE4E4, 0xCC84, 0xBC03, 0xB403, 0xB3C2, 0xABA2, 0xA382, 0xABA2,
    0xB3E3, 0x9B62, 0xB3E2, 0xC423, 0xD4A4, 0xED04, 0xF585, 0xF564, 0xED44, 0xDCE4, 0xCC83, 0xCC83,
    0xC443, 0xABC2, 0xB3E2, 0xB402, 0xABC2, 0xC422, 0xCC61, 0xED23, 0xFDC4, 0xFE06, 0xFE07, 0xFDC5,
    0xED23, 0xD4A2, 0xB402, 0x9B41, 0xCC42, 0xE4E3, 0xE503, 0xE4E3, 0xED24, 0xF564, 0xED44, 0xC442,
    0xA3A2, 0xB3C2, 0xC422, 0xC442, 0xCC82, 0xCC62, 0xCC82, 0xD4A3, 0xE503, 0xFDA4, 0xFDE6, 0xF584,
    0xD4A3, 0xCC83, 0xC443, 0xBC23, 0xB3E2, 0xB403, 0xB403, 0xC443, 0xDCC4, 0xE4E4, 0xDCC4, 0xBC23,
    0xB3E2, 0xABE2, 0xCC63, 0xE504, 0xED24, 0xE4E4, 0xD4A3, 0xC443, 0xABC2, 0x9B62, 0x9B62, 0xA381,
    0xC443, 0xDCC4, 0xDCC4, 0xCC43, 0xC423, 0xBC23, 0xCC63, 0xDCC4, 0xE4E4, 0xED24, 0xED25, 0xC423,
    0xB3E3, 0xABC2, 0x9B62, 0x9B62, 0x9B62, 0xABC2, 0xCC63, 0xDCE3, 0xED24, 0xDCE4, 0xC443, 0xB3E3,
    0xC443, 0xD4A3, 0xD4A3, 0xCC63, 0xBC23, 0xB3E2, 0xA3A2, 0xA3A2, 0x8B21, 0x8B22, 0x8B22, 0xA382,
    0xC443, 0xED04, 0xE4E3, 0xC443, 0xA3A2, 0xA3A2, 0x9B62, 0xB3E3, 0xA382, 0xABC2, 0xA3A2, 0xABC2,
    0xB402, 0xABC2, 0x9342, 0xB402, 0xD4A3, 0xDCE4, 0xCC63, 0xABC2, 0xA3A2, 0xA382, 0x9342, 0x9B82,
    0xB403, 0xB3E2, 0xBC23, 0xD484, 0xCC63, 0xBC22, 0xABC2, 0x9B82, 0xABA3, 0x9B82, 0xA362, 0x8B21,
    0x9342, 0xB3E2, 0xCC63, 0xE4E4, 0xE504, 0xCC63, 0xB3C2, 0xB3E2, 0xABE2, 0xABE3, 0xA382, 0x9B62,
    0x9342, 0x9B42, 0x8B01, 0xABC2, 0xDCE3, 0xF565, 0xED24, 0xCC63, 0xABA2, 0x8B21, 0x9341, 0xA3A2,
    0xA382, 0xA382, 0x9B81, 0x8B01, 0x8B21, 0xA381, 0xBC22, 0xDCC4, 0xDCC4, 0xBC22, 0xA381, 0x9341,
    0x9B61, 0x9B41, 0x9B81, 0x9B61, 0x8B21, 0xABE2, 0xB3E2, 0xB3E2, 0xBC22, 0xCC63, 0xC443, 0xBC02,
    0xC423, 0xDCC4, 0xED64, 0xED04, 0xCC83, 0xCC83, 0xDCA3, 0xD483, 0xDCC3, 0xE504, 0xE504, 0xDCC4,
    0xCC83, 0xB402, 0xBC02, 0xABC2, 0xBC02, 0xD4A3, 0xF544, 0xED44, 0xDCE4, 0xCC63, 0xA3A3, 0x8B21,
    0x8300, 0xA380, 0xB3E1, 0xBC01, 0xC422, 0xBC23, 0xBC23, 0xCC83, 0xF544, 0xFDA5, 0xED24, 0xCC63,
    0xBC23, 0xBC02, 0xBC02, 0xBC23, 0xBC03, 0xC443, 0xDCC4, 0xDCE4, 0xD4A3, 0xCC63, 0xB402, 0xABE2,
    0xABC2, 0xBC23, 0xB403, 0xB3E3,
    0xA382, 0xD463, 0xED04, 0xED05, 0xDCC4, 0xC423, 0xBBE3, 0xB3E3, 0xABA3, 0xABA2, 0x9321, 0x9322,
    0x9B62, 0xA361, 0xABA2, 0xB3E2, 0xDC84, 0xED04, 0xF524, 0xED04, 0xE4E4, 0xDCA4, 0xCC43, 0xC423,
    0xBC02, 0xC423, 0xBC03, 0xB3E2, 0xB3C2, 0xBC02, 0xC422, 0xDCA2, 0xED03, 0xFD84, 0xFD84, 0xFD84,
    0xE4E3, 0xCC62, 0xBC02, 0x9B42, 0xA382, 0xD483, 0xDCA2, 0xE4E3, 0xED23, 0xFD64, 0xDCA3, 0xC422,
    0xB3C2, 0xABC2, 0xBBC2, 0xC402, 0xCC42, 0xC422, 0xCC42, 0xCC82, 0xE4C3, 0xFD64, 0xFDA5, 0xF524,
    0xD483, 0xBC02, 0xB3E2, 0xABA2, 0xAB82, 0xA382, 0xABA2, 0xBBE3, 0xCC43, 0xDCA4, 0xCC43, 0xBBE3,
    0xB3C2, 0xB3E2, 0xC423, 0xDCC3, 0xED04, 0xDCA3, 0xCC63, 0xC403, 0xBBE3, 0xAB82, 0x9322, 0x8B01,
    0xBBE2, 0xD484, 0xD484, 0xCC43, 0xBBE3, 0xB3E3, 0xBBE3, 0xCC43, 0xD484, 0xDCC4, 0xDCA4, 0xCC63,
    0xB3E3, 0xABA2, 0xA362, 0xA362, 0xA362, 0xABA2, 0xCC43, 0xDCA3, 0xDCC4, 0xD484, 0xBC03, 0xB3C3,
    0xC423, 0xD483, 0xC443, 0xC423, 0xB3C2, 0xA382, 0xA382, 0x9B62, 0x9B42, 0x8B02, 0x8B02, 0x9B42,
    0xBC03, 0xDCA3, 0xE4E3, 0xCC43, 0xABA2, 0x9322, 0x9B22, 0x9B62, 0xAB82, 0xABA2, 0xA382, 0x9B42,
    0xABA2, 0xABA2, 0x8B01, 0xB3C2, 0xD483, 0xCC43, 0xBBE2, 0xA382, 0x9B22, 0x9322, 0x9302, 0x9B42,
    0xB3C3, 0xB3C2, 0xBC03, 0xCC43, 0xCC63, 0xC423, 0xAB82, 0x9B42, 0x9B42, 0xA362, 0x9322, 0x7AA1,
    0x9B21, 0xABA2, 0xC422, 0xD484, 0xDCA4, 0xCC63, 0xB3C2, 0xABA2, 0xABA2, 0xABA3, 0xA382, 0x9B21,
    0x8B01, 0x8B01, 0x9B41, 0xBBE3, 0xD4A3, 0xED04, 0xE4E4, 0xCC43, 0xABA2, 0x9B41, 0x9321, 0xA3A2,
    0x9B62, 0x9B61, 0x9B41, 0x8AE0, 0x82E0, 0x82E0, 0xB3C2, 0xDCA3, 0xED04, 0xCC63, 0xA381, 0x8AE1,
    0x9B21, 0x8AE0, 0x8B00, 0x8AE0, 0x9B41, 0x9B41, 0xB3C2, 0xC423, 0xBC02, 0xCC23, 0xC423, 0xB3C2,
    0xC423, 0xD4A3, 0xF524, 0xECE4, 0xCC63, 0xBBE2, 0xBBE1, 0xD463, 0xDCA4, 0xE4E4, 0xDCA4, 0xDCA4,
    0xD463, 0xBC02, 0xB3C2, 0xABA2, 0xB3E2, 0xD483, 0xED04, 0xF524, 0xDCA4, 0xC443, 0x9B62, 0x7AA0,
    0x82E0, 0xA381, 0xB3E1, 0xABA1, 0xABC2, 0xB3C2, 0xBC03, 0xC422, 0xE4E3, 0xF564, 0xED04, 0xCC43,
    0xB3C2, 0xA381, 0xB3C2, 0xBBE3, 0xBC03, 0xC403, 0xDCC4, 0xDCA4, 0xCC43, 0xC402, 0xB3A2, 0xABA2,
    0xABA2, 0xBBE2, 0xBBE2, 0xA382,
    0xA362, 0xCC23, 0xE4A4, 0xE4C4, 0xD464, 0xBBE3, 0xAB83, 0xAB62, 0x9B42, 0x9B02, 0x8AE1, 0x8AE1,
    0x9B21, 0xA362, 0xA382, 0xBBE2, 0xCC43, 0xE4C4, 0xECE4, 0xECE4, 0xE4A4, 0xD463, 0xC403, 0xBC03,
    0xC3E2, 0xB3C2, 0xBBC2, 0xB3A2, 0xB3C2, 0xBBC2, 0xC402, 0xCC22, 0xE4C3, 0xF504, 0xFD24, 0xFD24,
    0xDC83, 0xCC43, 0xBBE2, 0xA361, 0x9B01, 0xAB62, 0xDC83, 0xE4C3, 0xECE3, 0xECE4, 0xCC23, 0xBBE3,
    0xB3A2, 0xABC2, 0xB3A2, 0xC402, 0xC402, 0xBBE2, 0xC3E2, 0xBBC2, 0xD463, 0xF504, 0xFD24, 0xECE4,
    0xCC23, 0xBBC2, 0xB3A2, 0xA362, 0x9B22, 0x9B22, 0xA362, 0xB3A2, 0xC3E3, 0xC403, 0xB3A3, 0xABA2,
    0xABA2, 0xB3C2, 0xC403, 0xDC83, 0xECC4, 0xDC84, 0xC3E3, 0xBBC3, 0xB3C2, 0xA362, 0x9B02, 0x9301,
    0xAB82, 0xC403, 0xC403, 0xBBC3, 0xABA3, 0xB3A3, 0xAB82, 0xBBC3, 0xC423, 0xD463, 0xD464, 0xC423,
    0xB3A3, 0xAB82, 0xA362, 0xA362, 0xA362, 0xB382, 0xC402, 0xDC83, 0xD463, 0xC423, 0xB3A3, 0xBBE3,
    0xC403, 0xC403, 0xB3A2, 0xABA2, 0xA362, 0xA362, 0xA362, 0xAB82, 0xA342, 0x9B22, 0x9302, 0x9B22,
    0xAB82, 0xC423, 0xDC83, 0xCC23, 0xABA2, 0x9322, 0x9302, 0x8B02, 0x8AE2, 0x9322, 0x9322, 0x7A80,
    0x9B21, 0xA341, 0x9301, 0xB3A2, 0xCC23, 0xC403, 0xB3A2, 0xA342, 0x9B22, 0x9302, 0x9302, 0x8AE2,
    0xAB82, 0xB3A2, 0xB3C2, 0xC403, 0xCC23, 0xB3A2, 0xA342, 0x9B22, 0x9322, 0x9302, 0x8AE1, 0x82A1,
    0x82A1, 0x9B22, 0xABA2, 0xCC43, 0xD443, 0xC403, 0xABA2, 0x9B22, 0xA362, 0xAB82, 0x9B42, 0x9B22,
    0x8AE2, 0x7A81, 0x9B41, 0xB3C2, 0xD463, 0xE4C4, 0xDC63, 0xC3E2, 0xAB62, 0x82C1, 0xA362, 0xA342,
    0x9B41, 0x9301, 0x8B01, 0x9B21, 0x8AE0, 0x8AE1, 0xAB82, 0xD463, 0xE4E4, 0xD463, 0x9B21, 0x82C1,
    0x8AC1, 0x8AC0, 0x9B21, 0x8AE0, 0x9B21, 0x7A80, 0xA381, 0xC403, 0xBBE3, 0xBBE2, 0xBBC2, 0xB3A1,
    0xBBE2, 0xDC83, 0xECE4, 0xE4A4, 0xC402, 0xAB82, 0xB3A2, 0xCC23, 0xCC23, 0xD484, 0xD444, 0xD443,
    0xCC23, 0xB3C2, 0xAB62, 0xA362, 0xAB62, 0xC422, 0xE4C4, 0xF4E4, 0xD464, 0xB3A2, 0x9B22, 0x82C0,
    0x8AE0, 0x9300, 0x9B00, 0x8AE1, 0x9321, 0x9321, 0xA361, 0xBBE2, 0xE4C3, 0xF524, 0xE4C3, 0xCC22,
    0xB3A2, 0xAB81, 0xB3A2, 0xBBE3, 0xB3A3, 0xBBE3, 0xD463, 0xD463, 0xC3E2, 0xB3A2, 0xAB82, 0xAB82,
    0xA382, 0xAB81, 0xABA2, 0xA362,
    0xAB82, 0xBBC2, 0xDC43, 0xDC64, 0xC3E3, 0xAB82, 0x7A81, 0x92E1, 0x92E1, 0x8AE1, 0x92E1, 0x8AC1,
    0x92E1, 0x92E2, 0x9B02, 0xAB62, 0xBBC2, 0xDC43, 0xE484, 0xE4A4, 0xDC63, 0xC3E3, 0xB3A2, 0xA341,
    0xBBC2, 0xB3A2, 0xB382, 0xAB42, 0xAB42, 0xBBA2, 0xC3E2, 0xCBE2, 0xE463, 0xECA3, 0xF4E4, 0xECA4,
    0xDC63, 0xC3E2, 0xB382, 0xA321, 0x8AE1, 0xB382, 0xCC03, 0xDC43, 0xDC43, 0xCC02, 0xC3E2, 0xA342,
    0xAB42, 0xAB62, 0xAB82, 0xB382, 0xB3A2, 0xB3A2, 0xAB62, 0xA342, 0xC3E2, 0xE4A3, 0xECC3, 0xDC63,
    0xBBA2, 0xAB42, 0xA322, 0x9B01, 0x8AC1, 0x82A1, 0x9B02, 0xA322, 0xAB62, 0xA342, 0xA341, 0x9B21,
    0xA341, 0xAB82, 0xBBC3, 0xD423, 0xE4A4, 0xDC43, 0xBBC2, 0xBBC3, 0xB3A2, 0xA322, 0x9B02, 0x9B01,
    0x9B02, 0xAB42, 0xAB42, 0xAB62, 0xAB82, 0xAB83, 0xA322, 0xAB42, 0xB382, 0xC3E3, 0xC3E3, 0xBBC2,
    0xB3A3, 0xAB62, 0xAB62, 0xA342, 0xA342, 0xAB62, 0xBBC1, 0xD443, 0xCC03, 0xAB82, 0xA322, 0xA342,
    0xB383, 0xAB62, 0xB382, 0xAB42, 0x9B22, 0xAB62, 0xAB42, 0xA322, 0x9B22, 0x8AC1, 0x82A1, 0x82A1,
    0x8AE1, 0xAB62, 0xBBC2, 0xBBA2, 0xAB62, 0x92E2, 0x92E2, 0x9AE2, 0x82A1, 0x7261, 0x82A1, 0x8AC1,
    0x92E1, 0x92E1, 0x8AC1, 0xA342, 0xC3C3, 0xC3E3, 0xB3A2, 0x9B02, 0x9B22, 0x9B22, 0x9B02, 0x92E2,
    0x9B22, 0xAB62, 0xB382, 0xC3E3, 0xC3E3, 0xAB82, 0x9B02, 0x8AC2, 0x8AC2, 0x7A81, 0x7A81, 0x7A81,
    0x7A81, 0x92E2, 0x9B21, 0xBBC2, 0xC403, 0xBBC2, 0xA341, 0x9B01, 0x9B02, 0xA342, 0x9B01, 0x9B02,
    0x8AC1, 0x7261, 0x92E1, 0xB382, 0xCC03, 0xDC44, 0xC3E3, 0xA342, 0x9B01, 0x9AE1, 0xA321, 0xA321,
    0x9B21, 0x9B01, 0x92E1, 0x9301, 0x8AE1, 0x8AE1, 0xA342, 0xC403, 0xD443, 0xC3E3, 0x9301, 0x8281,
    0x8281, 0x82A1, 0x8AC1, 0x8AE1, 0x8AC1, 0x8AA0, 0xA321, 0xB382, 0xB3A2, 0xAB62, 0xB3A2, 0xBBA2,
    0xBBA2, 0xD423, 0xDC63, 0xD423, 0xBBA2, 0x9B21, 0xB382, 0xCBE3, 0xCC23, 0xCC03, 0xCC03, 0xD444,
    0xCBE3, 0xAB62, 0x9B22, 0xA342, 0xAB61, 0xC3E2, 0xE483, 0xE484, 0xC403, 0xA322, 0x8AC1, 0x82A0,
    0x7240, 0x7A60, 0x7240, 0x7A60, 0x82A0, 0x9B01, 0x9B01, 0xB382, 0xD443, 0xECA4, 0xE483, 0xC3E1,
    0xA341, 0xB382, 0xB3A2, 0xB382, 0xA342, 0xB382, 0xCC23, 0xD423, 0xC3E2, 0xAB61, 0xA341, 0x9301,
    0x9301, 0x9B01, 0x9B21, 0xAB62,
    0xAB21, 0xB362, 0xCBE3, 0xCBE3, 0xC3E3, 0xB382, 0x8AA1, 0x8AA1, 0x8AC1, 0x8AC1, 0x92C1, 0x8AC1,
    0xA301, 0x8281, 0x9AC1, 0xA301, 0xBBA2, 0xD403, 0xDC23, 0xDC43, 0xD403, 0xBBC2, 0xB362, 0xA301,
    0xB362, 0xBBA2, 0xB362, 0xA322, 0xAB42, 0xB362, 0xBBA2, 0xC3C2, 0xD402, 0xE463, 0xECA4, 0xE463,
    0xD403, 0xB381, 0xAB61, 0xA301, 0x8AA0, 0xCBE2, 0xB362, 0xCBE2, 0xC3A2, 0xC3C2, 0xC3C2, 0xA321,
    0x8AC1, 0xAB42, 0xA322, 0xAB42, 0xAB62, 0xAB42, 0xA322, 0xAB42, 0xBBA2, 0xD423, 0xEC83, 0xD423,
    0xB382, 0x9B02, 0x8AC1, 0x92C1, 0x8281, 0x8AC1, 0x9B01, 0x9B01, 0x9B01, 0x9B01, 0x8AC0, 0x8AC0,
    0x92E1, 0xA322, 0xB382, 0xCBE3, 0xDC43, 0xCC03, 0xBBA2, 0xB362, 0xAB62, 0xA322, 0x9B01, 0x92C1,
    0x9AE1, 0x9AE1, 0x92E1, 0xA302, 0xA322, 0xAB42, 0xA322, 0xA302, 0xA322, 0xA322, 0xA342, 0xB362,
    0xAB42, 0xAB42, 0xA322, 0x9B02, 0xAB22, 0xAB62, 0xC3C2, 0xCC02, 0xCBE3, 0xAB42, 0x9AE2, 0x9AE2,
    0x9AE2, 0x9B02, 0xC3C3, 0xAB42, 0x9B01, 0xA301, 0x9B01, 0x8AC1, 0x9AE1, 0x8281, 0x8261, 0x8281,
    0x82A1, 0x8AC1, 0xA322, 0xA322, 0xA302, 0x8AC2, 0x9AE2, 0x92C2, 0x7A61, 0x7A61, 0x7A40, 0x8280,
    0x8AA1, 0x82A1, 0x8AA1, 0xA321, 0xBB82, 0xBBC3, 0xB362, 0xA322, 0x9AE1, 0x9B01, 0x9AE1, 0x8AC2,
    0x9AE2, 0xA322, 0xB362, 0xBBA2, 0xC3C3, 0xBB82, 0x9B02, 0x8281, 0x8AA1, 0x8AA1, 0x7A61, 0x7221,
    0x7A61, 0x7A61, 0x9B01, 0xB382, 0xC3C3, 0xB382, 0x9B01, 0x82A1, 0x8AC1, 0x8AC1, 0x8AA1, 0x8AC1,
    0x7A81, 0x7A61, 0x7A60, 0xAB41, 0xC3C3, 0xD403, 0xBBA2, 0xA322, 0x92E2, 0x9B01, 0x8AC0, 0xAB21,
    0x9AE1, 0x8AC1, 0x92E1, 0x8AA1, 0x8AC1, 0x8AC0, 0x9B01, 0xC3C2, 0xC3C3, 0xBB82, 0x8AA1, 0x82A1,
    0x7A61, 0x8281, 0x8281, 0x8280, 0x7A60, 0x82A0, 0xA300, 0xB362, 0xB362, 0xAB42, 0xB382, 0xBBA2,
    0xC3C2, 0xBBA2, 0xBBA2, 0xBB82, 0xA322, 0x9AE2, 0x9B02, 0xBB82, 0xD403, 0xCBE3, 0xC3A2, 0xC3C2,
    0xCBE3, 0xA322, 0xA321, 0xA321, 0xA321, 0xBBA2, 0xDC43, 0xDC23, 0xBBA2, 0x92E1, 0x8280, 0x7A60,
    0x7220, 0x6A20, 0x6200, 0x6A20, 0x7220, 0x92E1, 0x9AE2, 0xAB42, 0xC3E2, 0xDC43, 0xD423, 0xB361,
    0x9B01, 0xA321, 0xAB42, 0xA321, 0x9AE1, 0xAB22, 0xC3C3, 0xC3E3, 0xBBA2, 0xAB62, 0xAB21, 0x8AC1,
    0x8281, 0x92C1, 0x8AC1, 0x9B01,
    0x92C1, 0xB342, 0xC3A3, 0xC3C3, 0xC3A3, 0xAB21, 0x8AC1, 0x8AA1, 0x92C1, 0x8AA1, 0x8AA1, 0x8AA1,
    0x9AE1, 0x8260, 0x8AC1, 0xA301, 0xB362, 0xC3A2, 0xCBE3, 0xCBE3, 0xCBC3, 0xB362, 0xA302, 0xAB22,
    0xAB22, 0xAB42, 0xA301, 0xA2E1, 0xA301, 0xAB41, 0xB341, 0xBB61, 0xD3E2, 0xDC23, 0xE443, 0xE423,
    0xCBE2, 0xAB41, 0xA301, 0xA2E1, 0x92C0, 0xA321, 0xAB21, 0xC3A2, 0xB362, 0xC3A2, 0x92C0, 0x92C1,
    0xA301, 0xB342, 0xAB22, 0xAB21, 0xAB21, 0xAB42, 0xAB22, 0xA301, 0xBB82, 0xCBE2, 0xE423, 0xDC03,
    0xBB82, 0xA301, 0x8AA1, 0x8AA1, 0x8260, 0x8AA1, 0x92C1, 0x92C1, 0x92C1, 0x9AE1, 0x8AA0, 0x8280,
    0x92C1, 0x92C1, 0xA301, 0xBB62, 0xCBA3, 0xC3A2, 0xB342, 0xAB42, 0xAB22, 0xA302, 0x9AE1, 0x8281,
    0x9AC1, 0x9AE1, 0x9AC1, 0x92C1, 0xA302, 0xA302, 0x9AE2, 0xA2E2, 0x9AE1, 0x9AC1, 0x9AE2, 0xB362,
    0x9AE1, 0xA301, 0xAB02, 0x9AE2, 0xA322, 0xB362, 0xC3A2, 0xC3A2, 0xBB62, 0xB342, 0xA2E2, 0x9AE2,
    0x9AC1, 0xA302, 0xB362, 0x9AC2, 0x92C1, 0x8AA1, 0x8281, 0x7A61, 0x7A61, 0x7A61, 0x7A61, 0x8261,
    0x8261, 0x8281, 0x8AA1, 0x9AE2, 0xA302, 0xA2E2, 0x92C2, 0x9AC1, 0x8261, 0x7A61, 0x7A40, 0x8280,
    0x8280, 0x8280, 0x8AA1, 0xA301, 0xBB82, 0xC3A3, 0xB342, 0x9AE2, 0x92C1, 0x92C1, 0x8AA1, 0x7A61,
    0x8281, 0xA301, 0xAB22, 0xBB82, 0xC3A3, 0xBB82, 0xA302, 0x8A81, 0x7A41, 0x8281, 0x7221, 0x7221,
    0x7A41, 0x8261, 0x9AE1, 0xB362, 0xBB82, 0xAB42, 0x9AC1, 0x8A81, 0x8261, 0x8281, 0x8261, 0x7A61,
    0x8281, 0x7220, 0x7220, 0x92E1, 0xBBA2, 0xDBE3, 0xBB82, 0xAB22, 0x8AA1, 0x7A41, 0x7A61, 0x92C1,
    0x8AA1, 0x8280, 0x8280, 0x8260, 0x8280, 0x8AA0, 0xA301, 0xBB62, 0xBB82, 0xAB22, 0x7A61, 0x7220,
    0x7200, 0x6A00, 0x92C0, 0x8AA0, 0x7A60, 0x7A60, 0x8AA0, 0xAB42, 0xB322, 0xAB42, 0xAB22, 0xAB22,
    0xAB22, 0xA301, 0xA2E2, 0x9AE2, 0x9AE2, 0x92C1, 0x9AE1, 0xB362, 0xCBC3, 0xC3A3, 0xBB82, 0xB342,
    0xB362, 0xAB01, 0x9AE1, 0x9AC1, 0x92C1, 0xB362, 0xD3E3, 0xD3E3, 0xB362, 0x92C1, 0x7240, 0x7220,
    0x7220, 0x61C0, 0x6A00, 0x6A00, 0x61E0, 0x7A61, 0x7A61, 0x9AE1, 0xBB82, 0xDC03, 0xCBC2, 0xAB41,
    0x9AC1, 0x7A60, 0x9AC1, 0x9AE1, 0x92C1, 0xA302, 0xB342, 0xB362, 0xAB22, 0xA301, 0x92C1, 0x8AA1,
    0x8AA1, 0x8A81, 0x8A81, 0x8261,
    0x8A81, 0x9AC2, 0xB322, 0xBB62, 0xB322, 0x9AC1, 0x8261, 0x7A41, 0x8260, 0x8A81, 0x8A81, 0x8A81,
    0x8240, 0x8260, 0x8261, 0x8A81, 0x9AC1, 0xAB02, 0xB342, 0xBB62, 0xBB42, 0xAB01, 0x9AC1, 0xA2E2,
    0xAB02, 0xA2E2, 0x9AC1, 0x9AC1, 0x9AC1, 0xA2E1, 0xAB01, 0xB322, 0xBB62, 0xD3C2, 0xDC03, 0xD3E3,
    0xD3C2, 0xB341, 0xA301, 0x9AC1, 0x9AC1, 0xA2E1, 0xB341, 0xBB62, 0xB321, 0xAB02, 0x7A60, 0x8260,
    0x8A80, 0xA2E1, 0xA2E1, 0x9AA1, 0x9AE1, 0xA2E1, 0x9AA1, 0x9AC1, 0xBB42, 0xCBA2, 0xD403, 0xD3E3,
    0xBB62, 0x9AE1, 0x8261, 0x8261, 0x8261, 0x8A81, 0x8281, 0x92A1, 0x8AA1, 0x92A1, 0x8A81, 0x8261,
    0x92A1, 0x8A81, 0x8A81, 0xA2C1, 0xAB22, 0xAB02, 0xA2E1, 0xA301, 0xB342, 0x9AC1, 0x8A81, 0x8A81,
    0x92C1, 0x92A1, 0x9AC1, 0x92C1, 0x9AE2, 0xA2E2, 0xA2E2, 0x9AC1, 0x92A1, 0x92A1, 0xA2E2, 0xA2E1,
    0x92A0, 0x9AC1, 0xA2C1, 0x9AC2, 0x9AE2, 0x9AC1, 0xAB02, 0xAB02, 0xA2E2, 0xA2C2, 0x92C2, 0x8281,
    0x8261, 0x8AA1, 0x8260, 0x8241, 0x7220, 0x7A20, 0x7A40, 0x6A00, 0x7200, 0x7220, 0x7220, 0x7220,
    0x7220, 0x7A20, 0x7A40, 0x92C1, 0x9AE2, 0xA302, 0x9AC1, 0x92C1, 0x8AA1, 0x8281, 0x8261, 0x8A81,
    0x8280, 0x8A61, 0x8A81, 0xA2C1, 0xBB62, 0xC382, 0xB342, 0x9AC2, 0x8A81, 0x8261, 0x7A41, 0x7220,
    0x8241, 0x92A1, 0xAB02, 0xB342, 0xAB22, 0xA2E2, 0xA302, 0x8261, 0x7221, 0x8261, 0x7A21, 0x61C0,
    0x7201, 0x7A41, 0x8AA1, 0xAB22, 0xBB62, 0xA301, 0x8A81, 0x8261, 0x8241, 0x8261, 0x7220, 0x7200,
    0x61E0, 0x69E0, 0x7200, 0x9AC1, 0xBB62, 0xCBA2, 0xB342, 0x9AE1, 0x8260, 0x7A20, 0x7A41, 0x7A40,
    0x8261, 0x7A60, 0x7220, 0x7A40, 0x7A20, 0x7A40, 0x92A1, 0xA2E2, 0xA302, 0x92A1, 0x7200, 0x59A0,
    0x61C0, 0x69E0, 0x92A1, 0x92A1, 0x7220, 0x7200, 0x7A40, 0x9AC1, 0xAB22, 0xA302, 0x9AC1, 0xA2E2,
    0xAB22, 0x9AC1, 0x8261, 0x8261, 0x8261, 0x7A20, 0x9AC1, 0xB342, 0xC383, 0xC363, 0xB342, 0xAB02,
    0x9AA1, 0xA2C1, 0x9AE2, 0x8281, 0x8A81, 0xB322, 0xCBA3, 0xCBA3, 0xAB22, 0x8260, 0x69C0, 0x69E0,
    0x7200, 0x7200, 0x7A20, 0x61C0, 0x4960, 0x7220, 0x8260, 0x8AA1, 0xB342, 0xCBA2, 0xC382, 0xA301,
    0x8280, 0x7A40, 0x8260, 0x8A81, 0x8A81, 0x8261, 0x9AC1, 0x92A1, 0x8260, 0x92A0, 0x7A40, 0x8260,
    0x8241, 0x7A40, 0x7A41, 0x7A41,
    0x71E0, 0x7A41, 0x9AC1, 0xAAE2, 0x9AA1, 0x92A1, 0x8A61, 0x7A20, 0x8240, 0x8240, 0x8260, 0x8A61,
    0x9281, 0x8240, 0x69E0, 0x69E0, 0x8260, 0x9AA2, 0xA2E2, 0xB322, 0xB302, 0x9AA1, 0x8261, 0x9A81,
    0x9AA1, 0x8A81, 0x9AA1, 0x9281, 0x92A1, 0x9AA1, 0x9AA1, 0x9AC1, 0xAAE1, 0xCB62, 0xCBA2, 0xCBA2,
    0xC362, 0xB301, 0x9AA0, 0x9280, 0x92A1, 0x9AA1, 0xA2E1, 0xAB01, 0xAB01, 0x9AA1, 0x92A1, 0x8A81,
    0x8240, 0x9281, 0x8241, 0x8A81, 0x9AA1, 0x8A61, 0x8240, 0x8A81, 0xA2C1, 0xB321, 0xC362, 0xCB62,
    0xAB02, 0x9281, 0x8240, 0x7A20, 0x7A20, 0x8240, 0x8240, 0x8A61, 0x8A61, 0x8A81, 0x9281, 0x8A61,
    0x8261, 0x8A81, 0x8A81, 0x8A61, 0x9AC1, 0xA2C1, 0x9AA1, 0x9281, 0x9AC1, 0x8A81, 0x8A61, 0x8A81,
    0x92A1, 0x8A61, 0x8241, 0x8A61, 0x92A1, 0x8A81, 0x9AA1, 0x8A81, 0x8A81, 0x8A81, 0x9AA1, 0x8A60,
    0x8240, 0x8A60, 0x8A61, 0x9AA1, 0x9AA1, 0x8A61, 0x8A61, 0x8A61, 0x8241, 0x7A21, 0x8241, 0x8241,
    0x7200, 0x69E0, 0x69C0, 0x69E0, 0x61C0, 0x71E0, 0x69E0, 0x59A0, 0x61C0, 0x61C0, 0x7200, 0x7200,
    0x7200, 0x7200, 0x7200, 0x8240, 0x8A81, 0x92A1, 0x8A81, 0x9A81, 0x9AA1, 0x8261, 0x8241, 0x8241,
    0x8241, 0x8241, 0x92A1, 0x9AC2, 0xAAE2, 0xB302, 0xA2C2, 0x9AA1, 0x8240, 0x7A20, 0x7A20, 0x7200,
    0x7200, 0x69E0, 0x8A81, 0x9AA1, 0x8A81, 0x9AA1, 0x9AA1, 0x8A61, 0x8241, 0x7A21, 0x69E0, 0x5180,
    0x61C0, 0x69E0, 0x8240, 0x9AA1, 0xAB02, 0xA2C1, 0x8241, 0x8221, 0x7A21, 0x7200, 0x69E0, 0x69C0,
    0x5980, 0x69C0, 0x7A20, 0x9281, 0xB302, 0xBB42, 0xB302, 0x92A1, 0x7220, 0x61A0, 0x71E0, 0x7A20,
    0x7200, 0x7A20, 0x7A20, 0x7A20, 0x71E0, 0x69C0, 0x7A20, 0x8240, 0x7A40, 0x8241, 0x69E0, 0x61C0,
    0x7A21, 0x7A01, 0x7A20, 0x7200, 0x71E0, 0x61C0, 0x71E0, 0x8240, 0x9AA1, 0x9AA1, 0xA2C1, 0x9AA1,
    0xA2C1, 0x8A61, 0x8260, 0x7A20, 0x7A20, 0x69E0, 0x8A81, 0xA2E2, 0xB322, 0xB302, 0xA2C1, 0x92A1,
    0x8A81, 0x8A81, 0x8A61, 0x8260, 0x8A81, 0xAAE2, 0xC342, 0xC362, 0xA2C1, 0x7200, 0x61A0, 0x61C0,
    0x61A0, 0x69E0, 0x61C0, 0x59A0, 0x4940, 0x69E0, 0x7A20, 0x8241, 0xA2C1, 0xBB22, 0xBB22, 0x92A1,
    0x7200, 0x69C0, 0x69E0, 0x7200, 0x69C0, 0x61C0, 0x7200, 0x61C0, 0x61A0, 0x7200, 0x7200, 0x7200,
    0x7200, 0x71E0, 0x69C0, 0x69E0,
    0x61A0, 0x7200, 0x8A61, 0x92A1, 0x9261, 0x8A61, 0x8241, 0x69E0, 0x7200, 0x8220, 0x8240, 0x7A21,
    0x8241, 0x61C0, 0x61A0, 0x69C0, 0x7A00, 0x8A61, 0xAAC2, 0xAAE2, 0xA2C1, 0x8A61, 0x8241, 0x8220,
    0x8A61, 0x9281, 0x8A61, 0x8A61, 0x8A61, 0x9281, 0x9281, 0x8A61, 0x9281, 0xB301, 0xBB42, 0xC342,
    0xBB02, 0xAAC1, 0x9A80, 0x9AA0, 0x8A60, 0x8A60, 0x9A81, 0xA2C1, 0x8A61, 0x8A81, 0x9281, 0x8240,
    0x8A61, 0x8240, 0x71E0, 0x8261, 0x8241, 0x7200, 0x7A20, 0x7A20, 0x8A60, 0xA2C1, 0xAAE1, 0xAAC1,
    0xA2C1, 0x8240, 0x71E0, 0x61A0, 0x69E0, 0x7A00, 0x8221, 0x8241, 0x8240, 0x8241, 0x8A61, 0x8A81,
    0x8A61, 0x8A61, 0x8A61, 0x8241, 0x9281, 0x9261, 0x8241, 0x8A61, 0x9281, 0x8A61, 0x8241, 0x8241,
    0x8241, 0x8A61, 0x7A00, 0x8A61, 0x9281, 0x8240, 0x8A61, 0x8241, 0x7A20, 0x7A20, 0x8A61, 0x8240,
    0x8220, 0x8241, 0x8241, 0x8A61, 0x8A61, 0x8241, 0x7200, 0x71E0, 0x7200, 0x71E0, 0x69E0, 0x8220,
    0x69C0, 0x5980, 0x59A0, 0x59A0, 0x61A0, 0x69C0, 0x59A0, 0x5180, 0x61A0, 0x61A0, 0x61A0, 0x5980,
    0x61A0, 0x69C0, 0x69C0, 0x71E0, 0x7A20, 0x8A61, 0x8241, 0x8A61, 0x8A61, 0x7A01, 0x69C0, 0x71E0,
    0x8241, 0x8241, 0x8A61, 0x9281, 0x9281, 0x9A81, 0x8A61, 0x7A20, 0x7200, 0x7200, 0x8220, 0x71E0,
    0x69C0, 0x61A0, 0x71E0, 0x7A21, 0x7A00, 0x7A21, 0x8221, 0x8221, 0x7201, 0x69E0, 0x59A0, 0x5980,
    0x5160, 0x5980, 0x61C0, 0x8220, 0x8A61, 0x8A41, 0x7A00, 0x61C0, 0x69C0, 0x61C0, 0x5980, 0x5980,
    0x5980, 0x61A0, 0x61C0, 0x8220, 0x9AA1, 0xB302, 0xAAC1, 0x8241, 0x69C0, 0x61A0, 0x69C0, 0x71E0,
    0x69E0, 0x69E0, 0x7200, 0x71E0, 0x61C0, 0x59A0, 0x69C0, 0x61C0, 0x69C0, 0x69C0, 0x69C0, 0x61A0,
    0x69C0, 0x61A0, 0x69C0, 0x69C0, 0x69C0, 0x59A0, 0x69C0, 0x71E0, 0x8240, 0x8241, 0x8A61, 0x9281,
    0x8240, 0x7A00, 0x7A00, 0x69E0, 0x8241, 0x7A00, 0x8241, 0x9A81, 0xA2C2, 0xA2A1, 0x9282, 0x7A21,
    0x8240, 0x8220, 0x8240, 0x8240, 0x8241, 0x9AA1, 0xBB02, 0xBB22, 0x9281, 0x69A0, 0x5160, 0x59A0,
    0x5980, 0x61C0, 0x5160, 0x4120, 0x59A0, 0x61A0, 0x69C0, 0x7A20, 0x8A61, 0xA2A1, 0xA2C1, 0x8A60,
    0x61C0, 0x61A0, 0x61C0, 0x69C0, 0x4940, 0x5180, 0x5980, 0x4940, 0x5160, 0x61A0, 0x69E0, 0x61A0,
    0x69C0, 0x69C0, 0x5980, 0x5980,
    0x69C0, 0x69C0, 0x7A21, 0x8A41, 0x8221, 0x71E0, 0x5980, 0x4940, 0x69A0, 0x7A00, 0x7200, 0x7A00,
    0x61A0, 0x4100, 0x4940, 0x69C0, 0x71E0, 0x8A40, 0xA2A1, 0xA281, 0x8A61, 0x7A20, 0x71E0, 0x7A00,
    0x7A00, 0x7A20, 0x7A00, 0x8220, 0x8220, 0x8220, 0x8A41, 0x7A00, 0x7A00, 0x9A60, 0xAAC1, 0xAAE1,
    0xAAC1, 0xA2A1, 0x9280, 0x8A60, 0x8220, 0x8220, 0x9260, 0x9260, 0x8220, 0x8220, 0x8220, 0x8220,
    0x8220, 0x8240, 0x7A00, 0x71E0, 0x69C0, 0x71E0, 0x69C0, 0x71E0, 0x8220, 0x9261, 0x9261, 0x8A61,
    0x8A61, 0x7A20, 0x69C0, 0x61A0, 0x69C0, 0x71E0, 0x7A00, 0x7A00, 0x8220, 0x8240, 0x8221, 0x8240,
    0x8A61, 0x8220, 0x8240, 0x8220, 0x8A41, 0x8A40, 0x71E0, 0x8240, 0x9281, 0x8221, 0x8221, 0x7A00,
    0x7A00, 0x8221, 0x7A00, 0x8241, 0x8220, 0x7A00, 0x7200, 0x71E0, 0x69C0, 0x69C0, 0x7A00, 0x8220,
    0x8220, 0x7A00, 0x8220, 0x8A41, 0x7A00, 0x71E0, 0x61A0, 0x61A0, 0x69C0, 0x5980, 0x5960, 0x6180,
    0x61A0, 0x4940, 0x5180, 0x5980, 0x61A0, 0x5980, 0x61A0, 0x5160, 0x61C0, 0x5980, 0x5980, 0x4940,
    0x5960, 0x69A0, 0x79E0, 0x69C0, 0x71E0, 0x7A21, 0x7A01, 0x8241, 0x7A00, 0x71E0, 0x69C0, 0x69C0,
    0x7A21, 0x8A41, 0x8221, 0x8241, 0x8241, 0x8A41, 0x7A20, 0x69C0, 0x71E0, 0x71E0, 0x71E0, 0x61A0,
    0x5980, 0x61A0, 0x61C0, 0x61A0, 0x6180, 0x61A0, 0x79E0, 0x71E0, 0x69C0, 0x5980, 0x5160, 0x5160,
    0x38E0, 0x5140, 0x5160, 0x61A0, 0x69C0, 0x71E0, 0x6180, 0x4940, 0x5140, 0x4940, 0x5140, 0x5140,
    0x5960, 0x4120, 0x5160, 0x69C0, 0x8A61, 0x9A81, 0x8A41, 0x71E0, 0x5980, 0x5980, 0x61A0, 0x61A0,
    0x61A0, 0x61A0, 0x5980, 0x5980, 0x5160, 0x5980, 0x5160, 0x5160, 0x5160, 0x5160, 0x5980, 0x4940,
    0x5160, 0x5160, 0x61A0, 0x5980, 0x5980, 0x5160, 0x61A0, 0x71C0, 0x69C0, 0x69C0, 0x7A00, 0x8220,
    0x7A20, 0x69C0, 0x69C0, 0x71E0, 0x7A00, 0x69C0, 0x7200, 0x9A81, 0x9261, 0x9A81, 0x8A41, 0x7A00,
    0x79E0, 0x71E0, 0x8220, 0x7A00, 0x79E0, 0x8A61, 0xAAA1, 0xAAA1, 0x8220, 0x61A0, 0x5160, 0x5980,
    0x59A0, 0x5980, 0x5140, 0x38E0, 0x5140, 0x5960, 0x5160, 0x61A0, 0x71E0, 0x8220, 0x7A00, 0x7A20,
    0x5980, 0x5980, 0x5980, 0x5160, 0x4920, 0x5160, 0x5160, 0x4920, 0x4920, 0x5160, 0x69C0, 0x61A0,
    0x61A0, 0x61A0, 0x61A0, 0x5980,
    0x5960, 0x5160, 0x6180, 0x69A0, 0x5980, 0x5140, 0x4100, 0x38E0, 0x4900, 0x5960, 0x71E0, 0x71C0,
    0x5960, 0x5140, 0x5140, 0x5980, 0x69A0, 0x71E0, 0x8200, 0x8200, 0x71C0, 0x69A0, 0x61A0, 0x69C0,
    0x71C0, 0x69A0, 0x61A0, 0x71C0, 0x71C0, 0x71C0, 0x71C0, 0x69A0, 0x71C0, 0x7A00, 0x8A20, 0x8A20,
    0x9260, 0x8220, 0x79E0, 0x69C0, 0x71C0, 0x71E0, 0x79E0, 0x79E0, 0x71E0, 0x79E0, 0x71C0, 0x79E0,
    0x71C0, 0x79E0, 0x71C0, 0x69C0, 0x69C0, 0x69A0, 0x61A0, 0x61A0, 0x69A0, 0x71E0, 0x7A00, 0x8200,
    0x71E0, 0x69C0, 0x6180, 0x5980, 0x5140, 0x61A0, 0x71E0, 0x71C0, 0x71E0, 0x79E0, 0x79E0, 0x69C0,
    0x71C0, 0x69C0, 0x79E0, 0x7A00, 0x79E0, 0x79E0, 0x71E0, 0x71C0, 0x69C0, 0x71E0, 0x71E0, 0x71C0,
    0x69C0, 0x61A0, 0x69C0, 0x69C0, 0x71C0, 0x69C0, 0x61A0, 0x69A0, 0x5160, 0x5960, 0x6180, 0x69A0,
    0x5960, 0x5980, 0x71C0, 0x69C0, 0x61A0, 0x5160, 0x38E0, 0x4100, 0x4120, 0x4920, 0x4940, 0x4920,
    0x5140, 0x4100, 0x4100, 0x5140, 0x5160, 0x4940, 0x5980, 0x5140, 0x5960, 0x4920, 0x5140, 0x38E0,
    0x5140, 0x5980, 0x71E1, 0x61A0, 0x61A0, 0x71C0, 0x69C0, 0x69C0, 0x71C0, 0x71E0, 0x61A0, 0x5980,
    0x61A0, 0x71C0, 0x71E0, 0x79E0, 0x79E1, 0x71E1, 0x61A0, 0x5980, 0x7A00, 0x7A00, 0x6180, 0x5960,
    0x5140, 0x5960, 0x5140, 0x4920, 0x4920, 0x5960, 0x69A0, 0x61A0, 0x5160, 0x4920, 0x4920, 0x38E0,
    0x38C0, 0x4100, 0x38E0, 0x38E0, 0x38E0, 0x4920, 0x4100, 0x40E0, 0x30C0, 0x38E0, 0x38E0, 0x4100,
    0x4120, 0x4100, 0x4920, 0x4920, 0x69A0, 0x71E0, 0x69A0, 0x5960, 0x4940, 0x4900, 0x5140, 0x5960,
    0x5140, 0x4920, 0x4900, 0x4920, 0x4100, 0x4100, 0x4120, 0x4920, 0x4920, 0x4920, 0x5980, 0x5980,
    0x4920, 0x4920, 0x5160, 0x4940, 0x5160, 0x5160, 0x5980, 0x61A0, 0x5960, 0x61A0, 0x61A0, 0x69A0,
    0x69A0, 0x6180, 0x5980, 0x61A0, 0x61A0, 0x69A0, 0x69A0, 0x8201, 0x7A01, 0x7A01, 0x79E0, 0x71E0,
    0x69C0, 0x69A0, 0x69C0, 0x71C0, 0x71C0, 0x7A00, 0x8A21, 0x8220, 0x69A0, 0x4100, 0x38E0, 0x4100,
    0x5140, 0x4920, 0x4100, 0x38E0, 0x38E0, 0x38E0, 0x38C0, 0x38E0, 0x4940, 0x5160, 0x4940, 0x4920,
    0x4120, 0x4100, 0x4920, 0x4100, 0x4120, 0x4920, 0x5140, 0x4100, 0x38E0, 0x4100, 0x6180, 0x5960,
    0x6180, 0x5140, 0x4920, 0x4920,
    0x40E0, 0x40E0, 0x4100, 0x4100, 0x4100, 0x30C0, 0x1840, 0x28A0, 0x38C0, 0x40E0, 0x5140, 0x6180,
    0x4920, 0x4100, 0x5140, 0x4920, 0x5140, 0x5940, 0x5960, 0x5960, 0x4100, 0x4920, 0x5140, 0x5160,
    0x6180, 0x5140, 0x5160, 0x6180, 0x6180, 0x6180, 0x5960, 0x5140, 0x5160, 0x5960, 0x69A0, 0x71C0,
    0x71C0, 0x71C0, 0x5960, 0x5140, 0x6180, 0x6180, 0x69A0, 0x6180, 0x6180, 0x5960, 0x5960, 0x6180,
    0x71C0, 0x69A0, 0x69A0, 0x5960, 0x5960, 0x5960, 0x5140, 0x5140, 0x69A0, 0x6180, 0x6180, 0x69A0,
    0x5960, 0x5960, 0x5160, 0x5140, 0x4920, 0x5160, 0x61A0, 0x6180, 0x6180, 0x5960, 0x5980, 0x6180,
    0x5140, 0x5960, 0x5960, 0x6180, 0x5980, 0x5160, 0x4940, 0x4920, 0x38E0, 0x5960, 0x6180, 0x5960,
    0x4920, 0x4920, 0x5140, 0x5140, 0x5140, 0x5960, 0x5140, 0x4100, 0x38E0, 0x4920, 0x4920, 0x5120,
    0x4100, 0x4920, 0x5140, 0x4100, 0x40E0, 0x30C0, 0x2080, 0x2880, 0x2880, 0x38E0, 0x4100, 0x4920,
    0x38C0, 0x28A0, 0x30A0, 0x2880, 0x30C0, 0x4100, 0x4920, 0x5140, 0x4920, 0x40E0, 0x38E0, 0x38E0,
    0x4100, 0x4920, 0x5160, 0x5140, 0x5140, 0x6160, 0x5960, 0x5140, 0x5960, 0x6180, 0x4900, 0x38E0,
    0x5140, 0x5960, 0x5960, 0x6180, 0x6180, 0x6180, 0x5140, 0x4920, 0x5960, 0x6180, 0x5140, 0x4920,
    0x4920, 0x4100, 0x30C0, 0x38C0, 0x38E0, 0x4100, 0x4920, 0x4940, 0x4100, 0x40E0, 0x38E0, 0x28A0,
    0x2880, 0x2080, 0x2080, 0x2060, 0x2060, 0x2060, 0x30C0, 0x2080, 0x1040, 0x2080, 0x30C0, 0x30A0,
    0x30A0, 0x38E0, 0x38C0, 0x38C0, 0x38E0, 0x4920, 0x5120, 0x40E0, 0x4100, 0x4900, 0x4900, 0x40E0,
    0x40E0, 0x38C0, 0x38C0, 0x38C0, 0x28A0, 0x2880, 0x28A0, 0x38E0, 0x4100, 0x40E0, 0x38E0, 0x38C0,
    0x40E0, 0x38E0, 0x40E0, 0x4100, 0x4100, 0x5960, 0x5140, 0x5140, 0x5160, 0x5140, 0x5140, 0x5140,
    0x5140, 0x5140, 0x4920, 0x4920, 0x5140, 0x5960, 0x6180, 0x6180, 0x6160, 0x5960, 0x5960, 0x5960,
    0x5140, 0x5960, 0x6180, 0x5960, 0x5980, 0x69A0, 0x69A0, 0x6180, 0x4920, 0x30C0, 0x30A0, 0x30A0,
    0x38C0, 0x30C0, 0x30C0, 0x30A0, 0x2880, 0x30A0, 0x30A0, 0x2880, 0x28A0, 0x30A0, 0x30A0, 0x28A0,
    0x28A0, 0x30C0, 0x38C0, 0x40E0, 0x40E0, 0x30C0, 0x38C0, 0x2080, 0x30A0, 0x28A0, 0x38C0, 0x38C0,
    0x38C0, 0x38C0, 0x38C0, 0x30C0,
    0x2080, 0x2080, 0x2880, 0x2880, 0x28A0, 0x2080, 0x1020, 0x1840, 0x1840, 0x2060, 0x38C0, 0x5140,
    0x30A0, 0x1020, 0x2880, 0x28A0, 0x30A0, 0x28A0, 0x2880, 0x30C0, 0x2880, 0x30A0, 0x40E0, 0x4900,
    0x40E0, 0x30C0, 0x38E0, 0x4920, 0x4920, 0x4100, 0x40E0, 0x38E0, 0x38E0, 0x38E0, 0x4920, 0x5140,
    0x5140, 0x5960, 0x4920, 0x40E0, 0x4100, 0x4100, 0x4920, 0x5140, 0x5140, 0x4100, 0x38E0, 0x40E0,
    0x6180, 0x5120, 0x4900, 0x4100, 0x4100, 0x4100, 0x4100, 0x40E0, 0x4100, 0x4920, 0x4920, 0x5120,
    0x4100, 0x4100, 0x4900, 0x28A0, 0x30A0, 0x40E0, 0x4100, 0x5140, 0x4920, 0x4900, 0x4100, 0x4100,
    0x4100, 0x38E0, 0x38E0, 0x38E0, 0x38E0, 0x38E0, 0x38C0, 0x30C0, 0x30A0, 0x38C0, 0x40E0, 0x40E0,
    0x30A0, 0x30A0, 0x30C0, 0x30A0, 0x38C0, 0x38C0, 0x2880, 0x2080, 0x1860, 0x2880, 0x30C0, 0x30C0,
    0x38C0, 0x30C0, 0x28A0, 0x2880, 0x2060, 0x1840, 0x1840, 0x1040, 0x2060, 0x2880, 0x2080, 0x2880,
    0x2080, 0x1840, 0x1840, 0x1840, 0x1840, 0x2880, 0x30C0, 0x38E0, 0x38C0, 0x28A0, 0x1020, 0x1860,
    0x2880, 0x38C0, 0x40E0, 0x38C0, 0x38C0, 0x38C0, 0x38C0, 0x38C0, 0x40E0, 0x38C0, 0x38C0, 0x38C0,
    0x40E0, 0x4100, 0x4920, 0x40E0, 0x4100, 0x40E0, 0x38C0, 0x30A0, 0x30C0, 0x38E0, 0x40E0, 0x40E0,
    0x30A0, 0x30A0, 0x30A0, 0x28A0, 0x2880, 0x28A0, 0x30A0, 0x38C0, 0x30C0, 0x30A0, 0x2080, 0x1860,
    0x2060, 0x1860, 0x1020, 0x1020, 0x1860, 0x1840, 0x1860, 0x1040, 0x0820, 0x0820, 0x2060, 0x2060,
    0x2080, 0x2880, 0x1860, 0x2060, 0x1840, 0x30A0, 0x38C0, 0x30A0, 0x30A0, 0x28A0, 0x2880, 0x2880,
    0x2880, 0x28A0, 0x30C0, 0x28A0, 0x1860, 0x2080, 0x1860, 0x2080, 0x28A0, 0x30A0, 0x2880, 0x1860,
    0x30A0, 0x28A0, 0x2060, 0x2080, 0x28A0, 0x40E0, 0x38E0, 0x40E0, 0x4100, 0x38E0, 0x40E0, 0x40E0,
    0x4100, 0x4100, 0x38C0, 0x38C0, 0x38E0, 0x4900, 0x5120, 0x4920, 0x4900, 0x4900, 0x40E0, 0x38C0,
    0x38E0, 0x4100, 0x4920, 0x4100, 0x5140, 0x5140, 0x5140, 0x4100, 0x2880, 0x2880, 0x2880, 0x1860,
    0x2060, 0x2060, 0x2060, 0x2060, 0x2080, 0x2060, 0x2880, 0x1840, 0x1840, 0x1840, 0x2060, 0x2080,
    0x2060, 0x1840, 0x1840, 0x2080, 0x2080, 0x2880, 0x2880, 0x1840, 0x2060, 0x1860, 0x2060, 0x2060,
    0x2060, 0x2060, 0x2080, 0x2880,
    0x0000, 0x0000, 0x0800, 0x0800, 0x0800, 0x0800, 0x0820, 0x0000, 0x0000, 0x0820, 0x1860, 0x1040,
    0x0800, 0x0000, 0x0800, 0x0820, 0x0820, 0x0000, 0x0000, 0x1020, 0x1020, 0x1020, 0x1840, 0x2060,
    0x1040, 0x1020, 0x1040, 0x1860, 0x1840, 0x1840, 0x1840, 0x1840, 0x1040, 0x2060, 0x2060, 0x2060,
    0x2060, 0x2080, 0x1860, 0x2060, 0x1840, 0x1840, 0x1860, 0x2880, 0x2060, 0x1860, 0x1040, 0x1840,
    0x2880, 0x2060, 0x1860, 0x1840, 0x1840, 0x1840, 0x1840, 0x1840, 0x1040, 0x2060, 0x1840, 0x2060,
    0x2080, 0x1860, 0x1840, 0x1020, 0x0800, 0x1020, 0x1840, 0x2060, 0x2060, 0x2060, 0x1840, 0x1840,
    0x1840, 0x1040, 0x1040, 0x1040, 0x1040, 0x1840, 0x1020, 0x1020, 0x0820, 0x0820, 0x1020, 0x1020,
    0x1040, 0x0820, 0x0820, 0x0820, 0x0820, 0x0820, 0x0000, 0x0800, 0x0800, 0x0820, 0x1020, 0x1040,
    0x1020, 0x0800, 0x0000, 0x0800, 0x0000, 0x0000, 0x0000, 0x0000, 0x0000, 0x0820, 0x0800, 0x0820,
    0x0820, 0x0800, 0x0000, 0x1020, 0x0800, 0x0800, 0x1840, 0x1040, 0x1040, 0x0820, 0x0000, 0x0000,
    0x0000, 0x1840, 0x2060, 0x1840, 0x1840, 0x1040, 0x1020, 0x1020, 0x1040, 0x1840, 0x1840, 0x1840,
    0x1840, 0x1840, 0x2060, 0x1840, 0x1840, 0x1840, 0x0820, 0x0800, 0x1840, 0x1840, 0x1860, 0x1840,
    0x1020, 0x1020, 0x1840, 0x1020, 0x1020, 0x1840, 0x1040, 0x1040, 0x1040, 0x0820, 0x0820, 0x0800,
    0x0800, 0x0820, 0x0000, 0x0800, 0x0820, 0x0800, 0x0800, 0x0000, 0x0000, 0x0000, 0x0000, 0x0000,
    0x0800, 0x0800, 0x0800, 0x0000, 0x0000, 0x1040, 0x1840, 0x1040, 0x0820, 0x0000, 0x0800, 0x0800,
    0x0820, 0x1040, 0x1040, 0x0820, 0x0800, 0x0820, 0x0820, 0x0820, 0x1020, 0x1040, 0x1860, 0x1840,
    0x1040, 0x0820, 0x0000, 0x0000, 0x1020, 0x1020, 0x1840, 0x1840, 0x1840, 0x1840, 0x1840, 0x2060,
    0x1860, 0x2080, 0x1860, 0x1020, 0x0820, 0x1840, 0x2880, 0x2060, 0x2060, 0x2060, 0x1860, 0x1040,
    0x1040, 0x1840, 0x2060, 0x2060, 0x2060, 0x2880, 0x2080, 0x1840, 0x0000, 0x0820, 0x0820, 0x0800,
    0x0820, 0x0820, 0x0820, 0x0820, 0x0820, 0x0000, 0x0820, 0x0800, 0x0000, 0x0000, 0x0820, 0x1840,
    0x0800, 0x0000, 0x0800, 0x0800, 0x0000, 0x1040, 0x0820, 0x0000, 0x0000, 0x0000, 0x0820, 0x0820,
    0x0820, 0x0820, 0x0000, 0x0820,
};

const IrisTexture kIrisDragon = {kDragonData, 256, 80};

