#VRML V2.0 utf8
# 3D model generated by easyeda2kicad.py (https://github.com/uPesy/easyeda2kicad.py)

Shape{
    appearance Appearance {
        material  Material 	{
            diffuseColor 0.7529411764705882 0.7529411764705882 0.7529411764705882
            specularColor 0.3764705882352941 0.3764705882352941 0.3764705882352941
            ambientIntensity 0.7529
            transparency 0.0
            shininess 0.5
        }
    }
    geometry IndexedFaceSet {
        ccw TRUE
        solid FALSE
        coord DEF co Coordinate {
            point [
                0.8752 0.3046 0.2705, 0.8752 0.3046 0.9591, 0.7768 0.3046 0.2705, 0.7768 0.3046 0.9591, 0.8752 0.347 0.9591, 0.7768 0.347 0.9591, 0.8752 0.347 1.0394, 0.7768 0.347 1.0394, 0.8752 0.4258 1.1181, 0.7768 0.4258 1.1181, 0.8752 0.605 1.1181, 0.7768 0.605 1.1181, 0.7768 0.6559 1.0619, 0.7768 0.6408 1.0951, 0.8752 0.6559 1.0619, 0.8752 0.6408 1.0951, 0.7768 0.6594 0.5879, 0.7768 0.6594 1.0456, 0.8752 0.6594 0.5879, 0.8752 0.6594 1.0456, 0.7768 0.6201 0.5433, 0.7768 0.6386 0.5531, 0.8752 0.6201 0.5433, 0.8752 0.6386 0.5531, 0.8752 0.6201 0.0551, 0.7768 0.6201 0.0551, 0.8752 -0.319 0.0551, 0.7768 -0.319 0.0551, 0.8752 -0.4705 0.0, 0.7768 -0.4705 0.0, 0.8752 -1.0172 0.0, 0.7768 -1.0172 0.0, 0.8752 -1.0531 0.036, 0.8752 -1.0531 0.1215, 0.7768 -1.0531 0.036, 0.7768 -1.0531 0.1215, 0.7768 -0.9405 0.2504, 0.7768 -1.0416 0.1493, 0.8752 -0.9405 0.2504, 0.8752 -1.0416 0.1493
            ]
        }
        coordIndex [
            0,1,2,-1,2,1,3,-1,1,4,3,-1,3,4,5,-1,4,6,5,-1,5,6,7,-1,6,8,7,-1,7,8,9,-1,8,10,9,-1,9,10,11,-1,12,13,14,-1,14,13,15,-1,16,17,18,-1,18,17,19,-1,20,21,22,-1,22,21,23,-1,22,24,20,-1,20,24,25,-1,24,26,25,-1,25,26,27,-1,26,28,27,-1,27,28,29,-1,28,30,29,-1,29,30,31,-1,32,33,34,-1,34,33,35,-1,36,37,38,-1,38,37,39,-1,
        ]
    }
}
Shape{
    appearance Appearance {
        material  Material 	{
            diffuseColor 1.0 0.5019607843137255 0.0
            specularColor 0.8784313725490196 0.44313725490196076 0.0
            ambientIntensity 0.5937
            transparency 0.0
            shininess 0.5
        }
    }
    geometry IndexedFaceSet {
        ccw TRUE
        solid FALSE
        coord DEF co Coordinate {
            point [
                0.8752 -0.9405 0.2504, 0.8752 -0.9405 0.2705, 0.7768 -0.9405 0.2504, 0.7768 -0.9405 0.2705
            ]
        }
        coordIndex [
            0,1,2,-1,2,1,3,-1,
        ]
    }
}
Shape{
    appearance Appearance {
        material  Material 	{
            diffuseColor 0.7529411764705882 0.7529411764705882 0.7529411764705882
            specularColor 0.3764705882352941 0.3764705882352941 0.3764705882352941
            ambientIntensity 0.7529
            transparency 0.0
            shininess 0.5
        }
    }
    geometry IndexedFaceSet {
        ccw TRUE
        solid FALSE
        coord DEF co Coordinate {
            point [
                0.8752 -0.9405 0.2705, 0.8752 0.3046 0.2705, 0.7768 -0.9405 0.2705, 0.7768 0.3046 0.2705, 0.8752 -0.319 0.0551, 0.8752 0.6201 0.0551, 0.8752 -0.9405 0.2504, 0.8752 0.347 0.9591, 0.8752 0.6594 0.5879, 0.8752 0.6594 1.0456, 0.8752 0.3046 0.9591, 0.8752 0.6201 0.5433, 0.8752 0.6586 1.0539, 0.8752 0.6559 1.0619, 0.8752 0.347 1.0394, 0.8752 -0.4705 0.0, 0.8752 -1.0172 0.0, 0.8752 -1.0531 0.036, 0.8752 -1.0416 0.1493, 0.8752 -1.0479 0.1412, 0.8752 -1.0486 0.0177, 0.8752 -1.0433 0.0099, 0.8752 -1.0354 0.0045, 0.8752 0.6299 1.1092, 0.8752 0.6224 1.1141, 0.8752 0.6362 1.1028, 0.8752 0.6408 1.0951, 0.8752 0.6139 1.1171, 0.8752 0.605 1.1181, 0.8752 0.4258 1.1181, 0.8752 0.6386 0.5531, 0.8752 0.6456 0.5579, 0.8752 0.6514 0.5641, 0.8752 -1.0518 0.1317, 0.8752 -1.0531 0.1215, 0.8752 -1.052 0.0266, 0.8752 -1.0266 0.0011, 0.8752 0.6558 0.5714, 0.8752 0.6585 0.5795, 0.7768 -1.052 0.0266, 0.7768 -1.0531 0.036, 0.7768 -1.0172 0.0, 0.7768 0.6586 1.0539, 0.7768 0.6594 1.0456, 0.7768 0.347 1.0394, 0.7768 -0.9405 0.2504, 0.7768 -0.319 0.0551, 0.7768 0.6201 0.0551, 0.7768 0.6408 1.0951, 0.7768 0.6559 1.0619, 0.7768 0.605 1.1181, 0.7768 -0.4705 0.0, 0.7768 -1.0354 0.0045, 0.7768 -1.0433 0.0099, 0.7768 -1.0486 0.0177, 0.7768 0.347 0.9591, 0.7768 0.6594 0.5879, 0.7768 0.6585 0.5795, 0.7768 0.6201 0.5433, 0.7768 0.3046 0.9591, 0.7768 0.6386 0.5531, 0.7768 0.6456 0.5579, 0.7768 -1.0518 0.1317, 0.7768 -1.0479 0.1412, 0.7768 -1.0416 0.1493, 0.7768 0.4258 1.1181, 0.7768 -1.0266 0.0011, 0.7768 -1.0531 0.1215, 0.7768 0.6558 0.5714, 0.7768 0.6514 0.5641, 0.7768 0.6139 1.1171, 0.7768 0.6224 1.1141, 0.7768 0.6362 1.1028, 0.7768 0.6299 1.1092
            ]
        }
        coordIndex [
            0,1,2,-1,2,1,3,-1,4,5,1,-1,1,0,6,-1,7,8,9,-1,1,5,10,-1,10,5,11,-1,10,11,7,-1,9,12,7,-1,7,12,13,-1,7,13,14,-1,15,4,16,-1,16,4,17,-1,1,6,4,-1,4,6,18,-1,4,18,19,-1,20,21,22,-1,23,24,25,-1,25,24,26,-1,24,27,26,-1,26,27,28,-1,26,28,13,-1,13,28,29,-1,13,29,14,-1,11,30,7,-1,7,30,31,-1,7,31,32,-1,19,33,4,-1,4,33,34,-1,4,34,17,-1,17,35,16,-1,16,35,20,-1,16,20,36,-1,36,20,22,-1,32,37,7,-1,7,37,38,-1,7,38,8,-1,39,40,41,-1,42,43,44,-1,45,2,46,-1,46,2,3,-1,46,3,47,-1,48,49,50,-1,41,40,51,-1,52,53,54,-1,44,43,55,-1,55,43,56,-1,55,56,57,-1,47,3,58,-1,58,3,59,-1,58,59,60,-1,60,59,55,-1,60,55,61,-1,62,63,46,-1,46,63,64,-1,46,64,45,-1,42,44,49,-1,49,44,65,-1,49,65,50,-1,39,41,54,-1,54,41,66,-1,54,66,52,-1,51,40,46,-1,46,40,67,-1,46,67,62,-1,57,68,55,-1,55,68,69,-1,55,69,61,-1,50,70,48,-1,48,70,71,-1,48,71,72,-1,72,71,73,-1,26,48,72,-1,26,72,25,-1,25,72,73,-1,25,73,23,-1,23,73,71,-1,23,71,24,-1,24,71,70,-1,24,70,27,-1,27,70,50,-1,27,50,28,-1,9,43,42,-1,9,42,12,-1,12,42,49,-1,12,49,13,-1,30,60,61,-1,30,61,31,-1,31,61,69,-1,31,69,32,-1,32,69,68,-1,32,68,37,-1,37,68,57,-1,37,57,38,-1,38,57,56,-1,38,56,8,-1,18,64,63,-1,18,63,19,-1,19,63,62,-1,19,62,33,-1,33,62,67,-1,33,67,34,-1,21,53,52,-1,21,52,22,-1,22,52,66,-1,22,66,36,-1,36,66,41,-1,36,41,16,-1,17,40,39,-1,17,39,35,-1,35,39,54,-1,35,54,20,-1,20,54,53,-1,20,53,21,-1,
        ]
    }
}
Shape{
    appearance Appearance {
        material  Material 	{
            diffuseColor 1.0 0.9764705882352941 0.9058823529411765
            specularColor 0.5019607843137255 0.48627450980392156 0.45098039215686275
            ambientIntensity 0.9755
            transparency 0.0
            shininess 0.5
        }
    }
    geometry IndexedFaceSet {
        ccw TRUE
        solid FALSE
        coord DEF co Coordinate {
            point [
                1.0524 -0.0103 0.1654, 1.0524 0.4035 0.1654, 1.0524 0.4035 0.9802, 1.0524 -0.4736 0.1654, 1.0524 -0.0103 0.9802, 1.0524 -0.5236 0.1654, 1.0524 -0.4736 0.9802, 1.0524 -0.614 1.0016, 1.0524 -0.6162 1.0013, 1.0524 -0.6029 1.0013, 1.0524 -0.5573 1.0551, 1.0524 -0.5404 1.0551, 1.0524 -0.5404 1.0703, 1.0524 -0.7733 1.0982, 1.0524 -0.763 1.0895, 1.0524 -0.727 1.1403, 1.0524 -0.727 1.086, 1.0524 -0.8215 1.1446, 1.0524 -0.8154 1.1403, 1.0524 -0.8069 1.1344, 1.0524 -0.7937 1.1188, 1.0524 -0.7864 1.1044, 1.0524 -0.7846 1.1038, 1.0524 -0.8931 1.146, 1.0524 -0.8755 1.1523, 1.0524 -1.0728 1.2362, 1.0524 -0.727 1.2362, 1.0524 -0.8585 1.1541, 1.0524 -0.8404 1.1519, 1.0524 -0.9025 1.1403, 1.0524 -1.0728 1.1403, 1.0524 -0.9041 1.1393, 1.0524 -1.0728 1.086, 1.0524 -0.9856 1.086, 1.0524 -0.9823 1.0935, 1.0524 -0.9732 1.1052, 1.0524 -0.9445 1.1215, 1.0524 -0.9295 1.1234, 1.0524 -0.913 1.1317, 1.0524 -0.9252 1.1232, 1.0524 -0.9208 1.1226, 1.0524 -0.9706 1.1076, 1.0524 -0.9585 1.1161, 1.0524 -0.9633 1.0105, 1.0524 -0.9751 1.0205, 1.0524 -1.0728 1.0013, 1.0524 -0.9495 1.0038, 1.0524 -0.9837 1.0329, 1.0524 -0.9892 1.0471, 1.0524 -1.0728 1.0703, 1.0524 -0.991 1.0619, 1.0524 -0.9909 1.0656, 1.0524 -0.99 1.0703, 1.0524 -0.9883 1.0798, 1.0524 -0.9447 1.0023, 1.0524 -0.9442 1.0013, 1.0524 -0.9409 0.9942, 1.0524 -1.0728 0.9802, 1.0524 -0.9352 0.9872, 1.0524 -0.9278 0.9816, 1.0524 -0.727 0.1654, 1.0524 -0.727 0.9802, 1.0524 -0.8929 0.9802, 1.0524 -1.0728 0.1654, 1.0524 -0.9191 0.9779, 1.0524 -0.9243 0.9802, 1.0524 -0.8995 0.9776, 1.0524 -0.9086 0.9765, 1.0524 -0.9101 0.9765, 1.0524 -0.727 1.0013, 1.0524 -0.8731 1.0013, 1.0524 -0.8731 1.0012, 1.0524 -0.8776 0.9927, 1.0524 -0.8834 0.9862, 1.0524 -0.891 0.9809, 1.0524 -0.7506 1.0671, 1.0524 -0.7489 1.0547, 1.0524 -0.727 1.0703, 1.0524 -0.8246 1.0237, 1.0524 -0.822 1.0247, 1.0524 -0.8176 1.0464, 1.0524 -0.7629 1.0186, 1.0524 -0.7732 1.0099, 1.0524 -0.8802 1.0399, 1.0524 -0.8293 1.0665, 1.0524 -0.8868 1.0459, 1.0524 -0.8949 1.0503, 1.0524 -0.827 1.022, 1.0524 -0.7554 1.0291, 1.0524 -0.7726 1.0576, 1.0524 -0.7744 1.0649, 1.0524 -0.7773 1.0703, 1.0524 -0.9661 1.0703, 1.0524 -0.7506 1.0411, 1.0524 -0.8191 1.0251, 1.0524 -0.8187 1.0251, 1.0524 -0.8176 1.0248, 1.0524 -0.9639 1.0475, 1.0524 -0.9594 1.0398, 1.0524 -0.9401 1.0359, 1.0524 -0.9526 1.0328, 1.0524 -0.9443 1.0278, 1.0524 -0.9261 1.0485, 1.0524 -0.9338 1.0431, 1.0524 -0.9671 1.0627, 1.0524 -0.9666 1.0568, 1.0524 -0.9177 1.0517, 1.0524 -0.9086 1.0528, 1.0524 -0.904 1.0525, 1.0524 -0.8308 1.0133, 1.0524 -0.8307 1.0148, 1.0524 -0.8707 1.0183, 1.0524 -0.83 1.0177, 1.0524 -0.8285 1.0203, 1.0524 -0.7801 1.0342, 1.0524 -0.7759 1.0402, 1.0524 -0.7733 1.0469, 1.0524 -0.7724 1.0543, 1.0524 -0.822 1.0019, 1.0524 -0.8245 1.0029, 1.0524 -0.8269 1.0046, 1.0524 -0.8278 1.0055, 1.0524 -0.8295 1.0079, 1.0524 -0.8305 1.0105, 1.0524 -0.8709 1.0105, 1.0524 -0.8707 1.0145, 1.0524 -0.7848 1.0042, 1.0524 -0.7974 1.0016, 1.0524 -0.8198 1.0016, 1.0524 -0.8168 1.0247, 1.0524 -0.7997 1.0247, 1.0524 -0.7929 1.026, 1.0524 -0.7862 1.0291, 1.0524 -0.7806 1.0337, 1.0524 -0.805 1.0839, 1.0524 -0.9627 1.0803, 1.0524 -0.966 1.0719, 1.0524 -0.802 1.0839, 1.0524 -0.7779 1.0715, 1.0524 -0.7823 1.0764, 1.0524 -0.7882 1.0805, 1.0524 -0.7948 1.083, 1.0524 -0.8132 1.1067, 1.0524 -0.8218 1.1169, 1.0524 -0.909 1.0949, 1.0524 -0.8227 1.1178, 1.0524 -0.8334 1.1252, 1.0524 -0.9032 1.1069, 1.0524 -0.9588 1.086, 1.0524 -0.9117 1.0964, 1.0524 -0.8055 1.086, 1.0524 -0.8074 1.0945, 1.0524 -0.9203 1.0995, 1.0524 -0.9291 1.1006, 1.0524 -0.9331 1.1004, 1.0524 -0.8947 1.1171, 1.0524 -0.8453 1.1298, 1.0524 -0.8845 1.1245, 1.0524 -0.8582 1.1314, 1.0524 -0.8721 1.1296, 1.0524 -0.9424 1.0982, 1.0524 -0.9509 1.0937, 1.0524 -0.9574 1.0879, 1.0524 -0.7605 1.086, 1.0524 -0.7552 1.0787, 1.0524 -0.7519 1.0703, 1.0524 -0.5313 1.0319, 1.0524 -0.5313 1.0258, 1.0524 -0.5236 1.0013, 1.0524 -0.5236 1.0703, 1.0524 -0.5298 1.0551, 1.0524 -0.5298 1.049, 1.0524 -0.5504 1.049, 1.0524 -0.5504 1.0319, 1.0524 -0.5404 1.049, 1.0524 -0.5404 1.0319, 1.0524 -0.5837 1.0112, 1.0524 -0.5829 1.0081, 1.0524 -0.5827 1.0081, 1.0524 -0.5504 1.0258, 1.0524 -0.5504 1.0078, 1.0524 -0.5404 1.0258, 1.0524 -0.5404 1.0078, 1.0524 -0.5286 1.0078, 1.0524 -0.5286 1.0018, 1.0524 -0.5404 1.0013, 1.0524 -0.5404 1.0018, 1.0524 -0.5573 1.0018, 1.0524 -0.5645 1.0399, 1.0524 -0.5904 1.0703, 1.0524 -0.5715 1.0399, 1.0524 -0.5904 1.0306, 1.0524 -0.5819 1.0112, 1.0524 -0.5824 1.0094, 1.0524 -0.6303 1.01, 1.0524 -0.6371 1.0703, 1.0524 -0.6371 1.0013, 1.0524 -0.6276 1.0083, 1.0524 -0.6273 1.0082, 1.0524 -0.6273 1.0224, 1.0524 -0.6284 1.0236, 1.0524 -0.6293 1.025, 1.0524 -0.63 1.027, 1.0524 -0.6303 1.0296, 1.0524 -0.63 1.032, 1.0524 -0.6273 1.0224, 1.0524 -0.6238 1.0013, 1.0524 -0.6263 1.0016, 1.0524 -0.6273 1.0013, 1.0524 -0.6273 1.0019, 1.0524 -0.6303 1.0031, 1.0524 -0.6064 1.0391, 1.0524 -0.6064 1.0326, 1.0524 -0.626 1.0377, 1.0524 -0.6238 1.039, 1.0524 -0.6273 1.0703, 1.0524 -0.6292 1.0341, 1.0524 -0.628 1.0359, 1.0524 -0.6273 1.0366, 1.0524 -0.6049 1.0094, 1.0524 -0.6057 1.0073, 1.0524 -0.607 1.0056, 1.0524 -0.6201 1.0403, 1.0524 -0.6155 1.0407, 1.0524 -0.6029 1.0703, 1.0524 -0.6108 1.0403, 1.0524 -0.6068 1.0184, 1.0524 -0.6056 1.0166, 1.0524 -0.6049 1.0146, 1.0524 -0.6046 1.0121, 1.0524 -0.6089 1.0039, 1.0524 -0.6105 1.0029, 1.0524 -0.6161 1.0353, 1.0524 -0.6181 1.0352, 1.0524 -0.6234 1.0302, 1.0524 -0.6199 1.0347, 1.0524 -0.6214 1.0339, 1.0524 -0.6234 1.0293, 1.0524 -0.6231 1.0283, 1.0524 -0.6226 1.0274, 1.0524 -0.622 1.0266, 1.0524 -0.6196 1.0252, 1.0524 -0.6119 1.0349, 1.0524 -0.6155 1.0234, 1.0524 -0.6081 1.0335, 1.0524 -0.6129 1.0223, 1.0524 -0.6084 1.0198, 1.0524 -0.6224 1.033, 1.0524 -0.623 1.0322, 1.0524 -0.6233 1.0313, 1.0524 -0.6234 1.0068, 1.0524 -0.6202 1.0185, 1.0524 -0.6242 1.0203, 1.0524 -0.6193 1.0063, 1.0524 -0.6191 1.0063, 1.0524 -0.6158 1.0167, 1.0524 -0.6156 1.0067, 1.0524 -0.6115 1.0115, 1.0524 -0.6115 1.0123, 1.0524 -0.6139 1.0073, 1.0524 -0.6133 1.0077, 1.0524 -0.6125 1.0084, 1.0524 -0.6119 1.0092, 1.0524 -0.6116 1.0102, 1.0524 -0.6118 1.0133, 1.0524 -0.6123 1.0142, 1.0524 -0.6132 1.0151, 1.0524 -0.4736 1.086, 1.0524 -0.4909 1.0864, 1.0524 -0.4985 1.0864, 1.0524 -0.504 1.101, 1.0524 -0.5236 1.101, 1.0524 -0.5236 1.086, 1.0524 -0.5113 1.1398, 1.0524 -0.4736 1.1403, 1.0524 -0.5236 1.1403, 1.0524 -0.5262 1.101, 1.0524 -0.5313 1.0864, 1.0524 -0.5404 1.086, 1.0524 -0.539 1.0864, 1.0524 -0.5404 1.1403, 1.0524 -0.5236 1.1268, 1.0524 -0.5186 1.1398, 1.0524 -0.5904 1.1403, 1.0524 -0.6029 1.1403, 1.0524 -0.5967 1.1398, 1.0524 -0.6029 1.1398, 1.0524 -0.6173 1.1105, 1.0524 -0.6173 1.0925, 1.0524 -0.6029 1.1105, 1.0524 -0.6029 1.0925, 1.0524 -0.5982 1.1105, 1.0524 -0.5955 1.0925, 1.0524 -0.5982 1.1166, 1.0524 -0.5967 1.1337, 1.0524 -0.6029 1.1166, 1.0524 -0.6029 1.1337, 1.0524 -0.6173 1.1166, 1.0524 -0.6173 1.1337, 1.0524 -0.6242 1.0864, 1.0524 -0.6273 1.086, 1.0524 -0.6029 1.086, 1.0524 -0.5904 1.086, 1.0524 -0.5955 1.0864, 1.0524 -0.6029 1.0864, 1.0524 -0.6242 1.1398, 1.0524 -0.6273 1.1403, 1.0524 -0.6409 1.1337, 1.0524 -0.6474 1.1345, 1.0524 -0.6371 1.0942, 1.0524 -0.6348 1.1313, 1.0524 -0.6348 1.0952, 1.0524 -0.6354 1.1316, 1.0524 -0.6371 1.1323, 1.0524 -0.65 1.1344, 1.0524 -0.6546 1.1334, 1.0524 -0.6587 1.1313, 1.0524 -0.6667 1.1199, 1.0524 -0.6676 1.1125, 1.0524 -0.6486 1.0917, 1.0524 -0.662 1.1286, 1.0524 -0.6623 1.1282, 1.0524 -0.6401 1.0929, 1.0524 -0.6461 1.0918, 1.0524 -0.6649 1.1245, 1.0524 -0.6675 1.11, 1.0524 -0.6666 1.1048, 1.0524 -0.6648 1.1006, 1.0524 -0.6623 1.0973, 1.0524 -0.6608 1.0958, 1.0524 -0.6532 1.0921, 1.0524 -0.6572 1.0935, 1.0524 -0.6418 1.1403, 1.0524 -0.6405 1.1402, 1.0524 -0.6371 1.1403, 1.0524 -0.6371 1.1392, 1.0524 -0.6348 1.1385, 1.0524 -0.6475 1.1407, 1.0524 -0.6371 1.2362, 1.0524 -0.6512 1.1403, 1.0524 -0.6724 1.2362, 1.0524 -0.6724 1.1403, 1.0524 -0.671 1.1278, 1.0524 -0.6671 1.1329, 1.0524 -0.6658 1.1341, 1.0524 -0.6608 1.1376, 1.0524 -0.6552 1.1398, 1.0524 -0.6756 1.1403, 1.0524 -0.6735 1.1219, 1.0524 -0.6724 1.1244, 1.0524 -0.6724 1.1, 1.0524 -0.6738 1.1034, 1.0524 -0.6756 1.086, 1.0524 -0.6748 1.1121, 1.0524 -0.6747 1.1149, 1.0524 -0.6586 1.0869, 1.0524 -0.6637 1.0893, 1.0524 -0.6724 1.086, 1.0524 -0.668 1.0928, 1.0524 -0.6684 1.0933, 1.0524 -0.6716 1.0979, 1.0524 -0.6543 1.086, 1.0524 -0.6724 1.0703, 1.0524 -0.6529 1.0857, 1.0524 -0.6496 1.0855, 1.0524 -0.6449 1.086, 1.0524 -0.6348 1.0886, 1.0524 -0.6358 1.0882, 1.0524 -0.6371 1.086, 1.0524 -0.6371 1.0877, 1.0524 -0.6415 1.0863, 1.0524 -0.6672 1.0201, 1.0524 -0.6663 1.0307, 1.0524 -0.6686 1.0182, 1.0524 -0.6695 1.0158, 1.0524 -0.6724 1.0013, 1.0524 -0.6689 1.0066, 1.0524 -0.6697 1.0089, 1.0524 -0.6461 1.0018, 1.0524 -0.6461 1.0076, 1.0524 -0.6463 1.0076, 1.0524 -0.6724 0.9802, 1.0524 -0.6618 1.0013, 1.0524 -0.6619 1.0013, 1.0524 -0.6645 1.0023, 1.0524 -0.649 1.0404, 1.0524 -0.6462 1.0395, 1.0524 -0.6651 1.0218, 1.0524 -0.6622 1.0233, 1.0524 -0.6624 1.0333, 1.0524 -0.6574 1.0244, 1.0524 -0.6515 1.0351, 1.0524 -0.6538 1.0353, 1.0524 -0.6583 1.0348, 1.0524 -0.6668 1.0039, 1.0524 -0.6675 1.0046, 1.0524 -0.644 1.0382, 1.0524 -0.6423 1.0365, 1.0524 -0.6409 1.0343, 1.0524 -0.6479 1.0053, 1.0524 -0.6501 1.0032, 1.0524 -0.6515 1.0023, 1.0524 -0.6663 1.0372, 1.0524 -0.6649 1.038, 1.0524 -0.66 1.0399, 1.0524 -0.6532 1.0407, 1.0524 -0.67 1.012, 1.0524 -0.67 1.013, 1.0524 -0.6461 1.026, 1.0524 -0.6463 1.0289, 1.0524 -0.647 1.0313, 1.0524 -0.6478 1.0327, 1.0524 -0.6399 1.0311, 1.0524 -0.6394 1.0263, 1.0524 -0.6394 1.0018, 1.0524 -0.6488 1.0338, 1.0524 -0.65 1.0345, 1.0524 -0.6371 0.9802, 1.0524 -0.6543 1.0013, 1.0524 -0.6579 1.0009, 1.0524 -0.5904 1.0013, 1.0524 -0.5904 1.0126, 1.0524 -0.6011 1.0399, 1.0524 -0.5936 1.0399, 1.0524 -0.5862 1.0018, 1.0524 -0.5864 1.0013, 1.0524 -0.5891 0.9949, 1.0524 -0.6029 0.9802, 1.0524 -0.5997 0.9843, 1.0524 -0.5997 0.9903, 1.0524 -0.5917 0.9911, 1.0524 -0.5904 0.9925, 1.0524 -0.5904 0.9925, 1.0524 -0.62 1.0009, 1.0524 -0.6273 0.9802, 1.0524 -0.5984 0.9898, 1.0524 -0.5959 0.9895, 1.0524 -0.5904 0.985, 1.0524 -0.5927 0.9841, 1.0524 -0.5904 0.9802, 1.0524 -0.5954 0.9838, 1.0524 -0.5969 0.9838, 1.0524 -0.5942 0.9897, 1.0524 -0.5928 0.9903, 1.0524 -0.5818 0.996, 1.0524 -0.5848 0.9901, 1.0524 -0.5404 0.9802, 1.0524 -0.5797 1.0013, 1.0524 -0.5873 0.9872, 1.0524 -0.5878 0.9867, 1.0524 -0.5901 0.9851, 1.0524 -0.5236 0.9802, 1.0524 -0.5404 0.1654, 1.0524 -0.5904 0.1654, 1.0524 -0.6029 0.1654, 1.0524 -0.6273 0.1654, 1.0524 -0.6371 0.1654, 1.0524 -0.6724 0.1654, 1.0524 -0.6542 1.0013, 1.0524 -0.0103 1.0013, 1.0524 -0.4736 1.0013, 1.0524 -0.7051 1.0551, 1.0524 -0.7051 1.0018, 1.0524 -0.6756 1.0013, 1.0524 -0.6756 0.9802, 1.0524 -0.6756 0.1654, 1.0524 -0.6777 1.0551, 1.0524 -0.6756 1.0703, 1.0524 -0.6777 1.049, 1.0524 -0.6983 1.0258, 1.0524 -0.6983 1.0078, 1.0524 -0.6792 1.0258, 1.0524 -0.6764 1.0078, 1.0524 -0.6792 1.0319, 1.0524 -0.6983 1.049, 1.0524 -0.6983 1.0319, 1.0524 -0.6764 1.0018, 1.0524 -0.5038 1.0018, 1.0524 -0.5185 1.0018, 1.0524 -0.4765 1.0195, 1.0524 -0.4791 1.014, 1.0524 -0.4831 1.0092, 1.0524 -0.4887 1.0052, 1.0524 -0.4948 1.0029, 1.0524 -0.5185 1.0551, 1.0524 -0.5033 1.0551, 1.0524 -0.4736 1.0703, 1.0524 -0.4951 1.0542, 1.0524 -0.4887 1.0519, 1.0524 -0.4831 1.0481, 1.0524 -0.4812 1.0462, 1.0524 -0.4779 1.0416, 1.0524 -0.476 1.0365, 1.0524 -0.4751 1.0291, 1.0524 -0.4752 1.0257, 1.0524 -0.4645 1.0018, 1.0524 -0.4721 1.0018, 1.0524 -0.4317 1.0018, 1.0524 -0.4371 1.0164, 1.0524 -0.4594 1.0164, 1.0524 -0.4518 1.0551, 1.0524 -0.4444 1.0551, 1.0524 -0.6983 1.1398, 1.0524 -0.6983 1.0925, 1.0524 -0.677 1.0925, 1.0524 -0.7051 1.0864, 1.0524 -0.7051 1.1398, 1.0524 -0.677 1.0864, 1.0524 -0.5434 1.1042, 1.0524 -0.546 1.0986, 1.0524 -0.55 1.0939, 1.0524 -0.5555 1.0899, 1.0524 -0.5701 1.1398, 1.0524 -0.562 1.1389, 1.0524 -0.5555 1.1366, 1.0524 -0.5616 1.0875, 1.0524 -0.5707 1.0864, 1.0524 -0.5854 1.0864, 1.0524 -0.5854 1.1398, 1.0524 -0.55 1.1327, 1.0524 -0.5481 1.1309, 1.0524 -0.5448 1.1262, 1.0524 -0.5428 1.1212, 1.0524 -0.5419 1.1138, 1.0524 -0.5421 1.1104, 1.0524 -0.4241 1.0018, 1.0524 -0.0103 1.0703, 1.0524 -0.0103 1.086, 1.0524 -0.0103 1.1403, 1.0524 0.4035 1.0013, 1.0524 0.4035 1.0703, 1.0524 0.4035 1.086, 1.0524 0.4035 1.1403, 1.0524 -0.6756 1.2362, 1.0524 0.4035 1.2362, 1.0524 -0.0103 1.2362, 1.0524 -0.4736 1.2362, 1.0524 -0.5236 1.2362, 1.0524 -0.5404 1.2362, 1.0524 -0.5904 1.2362, 1.0524 -0.6029 1.2362, 1.0524 -0.6273 1.2362, -0.7094 -1.0138 0.9114, -0.7094 0.0689 0.9114, -0.7094 -1.0138 1.0295, -0.7094 0.0689 1.0295, 0.7079 0.0689 0.2421, 0.7079 -1.0138 0.2421, 0.7079 0.0689 0.2961, 0.7079 -1.0138 0.6358, 0.7079 0.0689 0.6271, 0.7079 0.0689 0.6358, 0.7768 -1.0728 0.1654, 0.8752 -1.0531 0.1654, 0.7768 -1.0531 0.1654, 0.8752 0.4035 0.1654, 0.7768 0.4035 1.189, 0.7768 0.4035 1.2362, 0.8752 0.4035 1.189, 0.3043 0.6201 1.1181, 0.3043 0.6201 0.0748, 0.0878 0.6201 1.1181, 0.0878 0.6201 0.0748, 0.7768 0.6201 1.1181, 0.7768 0.6201 0.0748, 0.4815 0.6201 1.1181, 0.4815 0.6201 0.0748, 0.0484 0.5519 0.0748, 0.3437 0.5519 0.0748, 0.0484 0.4232 0.0748, 0.3437 0.4232 0.0748, 0.4421 0.5519 0.0748, 0.7768 0.4232 0.0748, 0.4421 0.4232 0.0748, -0.0894 0.6201 1.1181, -0.0894 0.6201 0.0748, -0.3059 0.6201 1.1181, -0.3059 0.6201 0.0748, -0.3453 0.5519 0.0748, -0.05 0.5519 0.0748, -0.3453 0.4232 0.0748, -0.05 0.4232 0.0748, 0.7768 0.4232 0.0354, 0.7768 -1.0728 0.0354, -0.0451 0.4232 0.0354, -0.7783 -1.0728 0.0354, -0.7783 0.4232 0.0354, -0.4831 0.6201 1.1181, -0.4831 0.6201 0.0748, -0.7783 0.6201 1.1181, -0.7783 0.6201 0.0748, -1.0539 0.4035 1.2362, -1.0539 -1.0728 1.2362, -0.7783 0.4035 1.2362, -0.7783 0.4232 1.2362, -0.0451 0.4232 1.2362, 0.7768 0.4232 1.2362, -0.7685 -1.0728 0.1831, -0.7685 -1.0728 0.5768, -0.8866 -1.0728 0.5768, -0.8866 -1.0728 0.9705, -0.7685 -1.0728 0.9705, -0.7685 -1.0728 1.0886, 0.7669 -1.0728 0.1831, -0.7783 -1.0728 0.1654, -1.0539 -1.0728 0.1654, 0.885 -1.0728 0.5768, 0.7669 -1.0728 0.5768, 0.7669 -1.0728 1.0886, 0.7669 -1.0728 0.9705, 0.885 -1.0728 0.9705, -1.0539 0.4035 0.1654, -0.7783 0.4035 1.189, -0.8768 0.4035 1.189, -0.8768 0.4035 0.1654, -0.7783 -1.0531 0.1654, -0.8768 -1.0531 0.1654, -0.7783 0.0689 0.8042, -0.7783 0.0689 0.9114, -0.7783 0.4232 0.0748, -0.7783 0.4232 1.1181, -0.7783 -1.0138 0.9114, -0.7783 -1.0531 0.9508, -0.7783 -1.0531 1.189, -0.7783 0.0689 0.6358, -0.7783 -1.0138 0.6358, -0.7783 -1.0531 0.5965, 0.7768 0.0689 0.9114, 0.7768 0.4232 1.1181, 0.7768 -1.0531 0.9508, 0.7768 -1.0138 0.9114, 0.7768 -1.0531 1.189, 0.7768 0.0689 0.8042, 0.7768 0.0689 0.6358, 0.7768 -1.0138 0.6358, 0.7768 -1.0531 0.5965, -0.4437 0.5519 0.0748, -0.4437 0.4232 0.0748, -0.4437 0.4232 0.2142, -0.3453 0.4232 0.2142, -0.0451 0.4232 0.2142, 0.0484 0.4232 0.2142, 0.4421 0.4232 1.1181, 0.4323 0.4232 1.0175, 0.3535 0.4232 1.0175, 0.3437 0.4232 1.1181, 0.3535 0.4232 0.3535, 0.3437 0.4232 0.2142, 0.4421 0.4232 0.2142, 0.0484 0.4232 1.1181, -0.0402 0.4232 1.0175, -0.0402 0.4232 0.3535, 0.0386 0.4232 0.3535, 0.0386 0.4232 1.0175, 0.4323 0.4232 0.3535, -0.4339 0.4232 0.3535, -0.4437 0.4232 1.1181, -0.4339 0.4232 1.0175, -0.3453 0.4232 1.1181, -0.3551 0.4232 1.0175, -0.05 0.4232 0.2142, -0.05 0.4232 1.1181, -0.3551 0.4232 0.3535, -0.3453 0.5519 1.1181, -0.4437 0.5519 1.1181, 0.4421 0.5519 1.1181, 0.3437 0.5519 1.1181, 0.0484 0.5519 1.1181, -0.05 0.5519 1.1181, -0.8768 -1.0531 1.189, -0.8669 -1.0531 0.5965, -0.8669 -1.0531 0.9508, 0.8654 -1.0531 0.9508, 0.8752 -1.0531 1.189, 0.8654 -1.0531 0.5965, -0.7094 0.0689 0.6271, -0.7094 0.0689 0.6358, -0.7094 -1.0138 0.6358, -0.7094 0.0689 0.2961, -0.7094 -1.0138 0.2421, -0.7094 0.0689 0.2421, 0.6045 0.0689 1.0295, 0.7079 0.0689 1.0295, 0.7079 -1.0138 1.0295, -0.1976 0.0689 1.0295, 0.1961 0.0689 1.0295, 0.7079 -1.0138 0.9114, 0.7079 0.0689 0.9114, 0.6045 0.0689 0.2421, -0.1976 0.0689 0.2421, 0.1961 0.0689 0.2421, 0.6045 0.0689 0.2961, 0.6045 0.0689 0.8042, 0.6045 0.0689 0.6271, -0.1976 0.0689 0.2961, -0.3551 0.0689 0.3501, -0.4339 0.0689 0.3501, -0.3551 0.0689 0.5287, -0.1976 0.0689 0.6271, -0.4339 0.0689 0.5287, -0.4339 0.0689 0.8042, -0.4339 0.0689 0.7255, -0.3551 0.0689 0.7255, -0.3551 0.0689 0.8042, -0.1976 0.0689 0.8042, -0.3551 0.0689 0.8829, -0.4339 0.0689 0.8829, 0.0386 0.0689 0.8829, -0.0402 0.0689 0.8829, -0.0402 0.0689 0.8042, -0.0402 0.0689 0.7255, 0.0386 0.0689 0.7255, 0.1961 0.0689 0.6271, 0.0386 0.0689 0.8042, 0.1961 0.0689 0.8042, 0.4323 0.0689 0.8829, 0.3535 0.0689 0.8829, 0.3535 0.0689 0.8042, 0.3535 0.0689 0.7255, 0.4323 0.0689 0.7255, 0.4323 0.0689 0.8042, 0.1961 0.0689 0.2961, 0.0386 0.0689 0.5287, -0.0402 0.0689 0.5287, -0.0402 0.0689 0.3501, 0.0386 0.0689 0.3501, 0.4323 0.0689 0.5287, 0.3535 0.0689 0.5287, 0.3535 0.0689 0.3501, 0.4323 0.0689 0.3501
            ]
        }
        coordIndex [
            0,1,2,-1,3,0,4,-1,5,3,6,-1,7,8,9,-1,10,11,12,-1,13,14,15,-1,15,14,16,-1,17,18,15,-1,15,18,19,-1,15,19,20,-1,20,21,15,-1,15,21,22,-1,15,22,13,-1,23,24,25,-1,25,24,26,-1,26,24,27,-1,26,27,28,-1,23,25,29,-1,29,25,30,-1,29,30,31,-1,32,33,30,-1,30,33,34,-1,30,34,35,-1,30,36,31,-1,31,36,37,-1,31,37,38,-1,38,37,39,-1,38,39,40,-1,35,41,30,-1,30,41,42,-1,30,42,36,-1,43,44,45,-1,43,45,46,-1,44,47,45,-1,45,47,48,-1,45,48,49,-1,49,48,50,-1,50,51,49,-1,49,51,52,-1,49,52,32,-1,32,52,53,-1,32,53,33,-1,54,46,55,-1,55,46,45,-1,55,45,56,-1,56,45,57,-1,56,57,58,-1,58,57,59,-1,60,61,62,-1,63,64,57,-1,57,64,65,-1,57,65,59,-1,62,66,60,-1,60,66,67,-1,60,67,63,-1,63,67,68,-1,63,68,64,-1,69,70,61,-1,61,70,71,-1,61,71,72,-1,72,73,61,-1,61,73,74,-1,61,74,62,-1,75,76,77,-1,78,79,80,-1,81,82,69,-1,83,84,85,-1,85,84,86,-1,78,80,87,-1,81,69,88,-1,89,90,84,-1,84,90,91,-1,84,91,92,-1,77,76,69,-1,69,76,93,-1,69,93,88,-1,79,94,80,-1,80,94,95,-1,80,95,96,-1,97,98,99,-1,99,98,100,-1,99,100,101,-1,102,92,103,-1,103,92,104,-1,103,104,99,-1,99,104,105,-1,99,105,97,-1,102,106,92,-1,92,106,107,-1,92,107,84,-1,84,107,108,-1,84,108,86,-1,109,110,111,-1,111,110,112,-1,111,112,80,-1,80,112,113,-1,80,113,87,-1,114,115,80,-1,80,115,116,-1,80,116,84,-1,84,116,117,-1,84,117,89,-1,118,119,70,-1,70,119,120,-1,70,120,121,-1,121,122,70,-1,70,122,123,-1,70,123,124,-1,124,123,109,-1,124,109,125,-1,125,109,111,-1,82,126,69,-1,69,126,127,-1,69,127,70,-1,70,127,128,-1,70,128,118,-1,96,129,80,-1,80,129,130,-1,80,130,131,-1,131,132,80,-1,80,132,133,-1,80,133,114,-1,134,135,136,-1,136,92,134,-1,134,92,91,-1,134,91,137,-1,137,91,138,-1,138,139,137,-1,137,139,140,-1,137,140,141,-1,142,143,144,-1,143,145,144,-1,144,145,146,-1,144,146,147,-1,148,144,149,-1,135,134,148,-1,148,134,150,-1,148,150,144,-1,144,150,151,-1,144,151,142,-1,149,152,148,-1,148,152,153,-1,148,153,154,-1,147,146,155,-1,155,146,156,-1,155,156,157,-1,157,156,158,-1,157,158,159,-1,160,161,154,-1,154,161,162,-1,154,162,148,-1,14,163,16,-1,16,163,164,-1,16,164,77,-1,77,164,165,-1,77,165,75,-1,166,167,168,-1,12,11,169,-1,169,11,170,-1,169,170,171,-1,172,173,174,-1,174,173,175,-1,174,175,171,-1,176,177,178,-1,179,180,181,-1,181,180,182,-1,181,182,167,-1,167,182,183,-1,167,183,168,-1,168,183,184,-1,168,184,185,-1,185,184,186,-1,185,186,187,-1,188,189,190,-1,190,189,191,-1,190,191,192,-1,192,191,176,-1,192,176,193,-1,193,176,178,-1,194,195,196,-1,197,198,199,-1,200,201,194,-1,201,202,194,-1,194,202,203,-1,194,203,195,-1,195,203,204,-1,197,199,194,-1,194,199,205,-1,194,205,200,-1,206,207,208,-1,208,207,209,-1,208,209,196,-1,196,209,210,-1,196,210,194,-1,211,212,9,-1,213,214,215,-1,204,216,195,-1,195,216,217,-1,195,217,215,-1,215,217,218,-1,215,218,213,-1,219,220,9,-1,9,220,221,-1,214,222,215,-1,215,222,223,-1,215,223,224,-1,224,223,225,-1,224,225,211,-1,226,227,212,-1,212,227,228,-1,212,228,9,-1,9,228,229,-1,9,229,219,-1,221,230,9,-1,9,230,231,-1,9,231,7,-1,232,233,234,-1,234,233,235,-1,234,235,236,-1,234,237,232,-1,232,237,238,-1,232,238,239,-1,239,240,232,-1,232,240,241,-1,232,241,242,-1,242,241,243,-1,242,243,244,-1,244,243,245,-1,244,245,212,-1,212,245,246,-1,212,246,226,-1,247,248,236,-1,236,248,249,-1,236,249,234,-1,250,251,198,-1,198,251,252,-1,198,252,199,-1,250,253,251,-1,251,253,254,-1,251,254,255,-1,255,254,256,-1,255,257,258,-1,256,259,255,-1,255,259,260,-1,255,260,261,-1,261,262,255,-1,255,262,263,-1,255,263,257,-1,258,264,255,-1,255,264,265,-1,255,265,266,-1,267,268,269,-1,270,271,269,-1,269,271,272,-1,269,272,267,-1,268,267,273,-1,273,267,274,-1,273,274,275,-1,271,276,272,-1,272,276,277,-1,272,277,278,-1,278,277,279,-1,278,279,280,-1,280,279,281,-1,280,281,275,-1,275,281,282,-1,275,282,273,-1,283,284,285,-1,285,284,286,-1,287,288,289,-1,289,288,290,-1,289,290,291,-1,291,290,292,-1,291,292,293,-1,293,292,294,-1,293,294,295,-1,295,294,296,-1,295,296,297,-1,297,296,298,-1,299,300,301,-1,285,294,283,-1,283,294,292,-1,283,292,302,-1,302,292,303,-1,302,303,301,-1,301,303,304,-1,301,304,299,-1,286,284,305,-1,305,284,306,-1,305,306,299,-1,307,308,309,-1,299,306,300,-1,300,306,310,-1,300,310,311,-1,311,310,312,-1,311,312,309,-1,309,312,313,-1,309,313,307,-1,308,314,309,-1,309,314,315,-1,309,315,316,-1,317,318,319,-1,316,320,309,-1,309,320,321,-1,309,321,322,-1,322,321,323,-1,323,321,319,-1,319,321,324,-1,319,324,317,-1,318,325,319,-1,319,325,326,-1,319,326,327,-1,327,328,319,-1,319,328,329,-1,319,329,330,-1,330,329,331,-1,332,333,334,-1,334,333,335,-1,334,335,306,-1,306,335,336,-1,306,336,310,-1,337,338,339,-1,339,338,340,-1,341,342,343,-1,343,344,341,-1,341,344,345,-1,341,345,346,-1,347,348,341,-1,341,348,349,-1,341,349,342,-1,350,351,352,-1,352,351,353,-1,352,353,347,-1,347,353,354,-1,347,354,348,-1,355,356,357,-1,357,356,358,-1,358,359,357,-1,357,359,360,-1,357,360,350,-1,355,357,361,-1,361,357,362,-1,361,362,363,-1,363,362,364,-1,364,362,195,-1,364,195,365,-1,311,366,300,-1,300,366,367,-1,300,367,368,-1,368,367,369,-1,368,369,370,-1,371,372,373,-1,373,372,374,-1,375,376,377,-1,378,379,380,-1,381,382,375,-1,375,382,383,-1,375,383,384,-1,385,386,195,-1,371,387,372,-1,372,387,388,-1,372,388,389,-1,389,388,390,-1,391,392,390,-1,390,392,393,-1,390,393,389,-1,384,394,375,-1,375,394,395,-1,375,395,376,-1,386,396,195,-1,195,396,397,-1,195,397,398,-1,380,399,378,-1,378,399,400,-1,378,400,401,-1,402,403,362,-1,362,403,404,-1,362,404,195,-1,195,404,405,-1,195,405,385,-1,377,406,375,-1,375,406,407,-1,375,407,362,-1,362,407,374,-1,362,374,402,-1,402,374,372,-1,408,409,390,-1,390,409,410,-1,390,410,411,-1,398,412,195,-1,195,412,413,-1,195,413,196,-1,196,413,414,-1,196,414,378,-1,411,415,390,-1,390,415,416,-1,390,416,391,-1,417,418,381,-1,381,418,419,-1,381,419,382,-1,420,421,9,-1,9,421,422,-1,211,9,224,-1,224,9,422,-1,224,422,189,-1,189,422,423,-1,189,423,191,-1,424,421,425,-1,425,421,420,-1,425,420,426,-1,427,428,429,-1,430,431,420,-1,420,431,432,-1,420,432,426,-1,433,434,8,-1,8,434,427,-1,8,427,9,-1,9,427,429,-1,9,429,420,-1,420,429,435,-1,420,435,436,-1,437,438,439,-1,439,438,440,-1,439,440,427,-1,427,440,441,-1,427,441,428,-1,436,442,420,-1,420,442,443,-1,420,443,430,-1,444,445,446,-1,444,446,447,-1,445,448,446,-1,446,448,449,-1,446,449,439,-1,439,449,450,-1,439,450,437,-1,5,451,452,-1,452,451,446,-1,452,446,453,-1,453,446,439,-1,453,439,454,-1,454,439,427,-1,454,427,455,-1,455,427,434,-1,455,434,456,-1,456,434,417,-1,456,417,457,-1,457,417,381,-1,433,206,434,-1,434,206,208,-1,434,208,417,-1,417,208,196,-1,417,196,418,-1,418,196,378,-1,418,378,458,-1,458,378,401,-1,451,168,446,-1,446,168,185,-1,446,185,447,-1,447,185,187,-1,447,187,188,-1,188,187,10,-1,188,10,189,-1,189,10,12,-1,3,4,6,-1,6,4,459,-1,6,459,460,-1,461,77,462,-1,462,77,69,-1,462,69,463,-1,463,69,61,-1,463,61,464,-1,464,61,60,-1,464,60,465,-1,461,466,467,-1,467,466,468,-1,469,470,471,-1,471,470,472,-1,471,472,473,-1,474,475,468,-1,468,475,473,-1,468,473,467,-1,467,473,472,-1,467,472,463,-1,463,472,476,-1,463,476,462,-1,5,6,451,-1,451,6,460,-1,451,460,168,-1,168,460,477,-1,168,477,478,-1,175,166,171,-1,171,166,168,-1,171,168,169,-1,169,168,478,-1,479,480,460,-1,460,480,481,-1,481,482,460,-1,460,482,483,-1,460,483,477,-1,478,484,169,-1,169,484,485,-1,169,485,486,-1,486,485,487,-1,486,487,488,-1,488,489,486,-1,486,489,490,-1,486,490,491,-1,491,492,486,-1,486,492,493,-1,486,493,460,-1,460,493,494,-1,460,494,479,-1,495,496,460,-1,497,498,499,-1,460,496,486,-1,486,496,500,-1,486,500,501,-1,350,352,357,-1,357,352,467,-1,357,467,362,-1,362,467,463,-1,362,463,375,-1,375,463,464,-1,375,464,381,-1,381,464,465,-1,381,465,457,-1,486,267,169,-1,169,267,272,-1,169,272,12,-1,12,272,278,-1,12,278,189,-1,189,278,302,-1,189,302,224,-1,224,302,301,-1,224,301,215,-1,215,301,300,-1,215,300,195,-1,195,300,368,-1,195,368,365,-1,365,368,370,-1,502,503,504,-1,461,467,77,-1,77,467,352,-1,77,352,16,-1,16,352,505,-1,16,505,15,-1,505,506,15,-1,15,506,502,-1,15,502,347,-1,347,502,504,-1,347,504,352,-1,352,504,507,-1,352,507,505,-1,508,509,278,-1,278,509,510,-1,278,510,511,-1,283,512,280,-1,280,512,513,-1,280,513,514,-1,511,515,278,-1,278,515,516,-1,278,516,302,-1,302,516,517,-1,302,517,283,-1,283,517,518,-1,283,518,512,-1,514,519,280,-1,280,519,520,-1,280,520,521,-1,521,522,280,-1,280,522,523,-1,280,523,278,-1,278,523,524,-1,278,524,508,-1,499,495,497,-1,497,495,460,-1,497,460,525,-1,525,460,459,-1,525,459,501,-1,501,459,526,-1,501,526,486,-1,486,526,527,-1,486,527,267,-1,267,527,528,-1,267,528,274,-1,0,2,4,-1,4,2,529,-1,4,529,459,-1,459,529,530,-1,459,530,526,-1,526,530,531,-1,526,531,527,-1,527,531,532,-1,527,532,528,-1,346,339,341,-1,341,339,340,-1,341,340,347,-1,347,340,533,-1,347,533,15,-1,15,533,26,-1,15,26,17,-1,17,26,28,-1,532,534,528,-1,528,534,535,-1,528,535,274,-1,274,535,536,-1,274,536,275,-1,275,536,537,-1,275,537,280,-1,280,537,538,-1,280,538,283,-1,283,538,539,-1,283,539,284,-1,284,539,540,-1,284,540,306,-1,306,540,541,-1,306,541,334,-1,334,541,338,-1,334,338,332,-1,332,338,337,-1,542,543,544,-1,544,543,545,-1,546,547,548,-1,548,547,549,-1,548,549,550,-1,550,549,551,-1,63,552,553,-1,553,552,554,-1,1,0,555,-1,555,0,3,-1,555,3,553,-1,553,3,5,-1,5,452,553,-1,553,452,453,-1,553,453,454,-1,454,455,553,-1,553,455,456,-1,553,456,457,-1,457,465,553,-1,553,465,60,-1,553,60,63,-1,556,557,558,-1,558,557,534,-1,534,532,558,-1,558,532,531,-1,558,531,530,-1,1,555,2,-1,2,555,558,-1,2,558,529,-1,529,558,530,-1,559,560,561,-1,561,560,562,-1,563,564,565,-1,565,564,566,-1,562,560,567,-1,567,560,568,-1,567,568,569,-1,569,568,570,-1,566,564,571,-1,571,564,572,-1,571,572,573,-1,574,575,576,-1,576,575,577,-1,577,575,578,-1,578,575,579,-1,578,579,580,-1,580,579,581,-1,582,583,584,-1,584,583,585,-1,584,585,586,-1,587,588,589,-1,589,588,590,-1,591,592,593,-1,593,592,25,-1,594,593,595,-1,595,593,557,-1,595,557,596,-1,25,26,593,-1,593,26,533,-1,593,533,340,-1,340,338,593,-1,593,338,541,-1,593,541,540,-1,540,539,593,-1,593,539,538,-1,593,538,537,-1,534,557,535,-1,535,557,593,-1,535,593,536,-1,536,593,537,-1,597,598,599,-1,585,583,552,-1,600,601,602,-1,603,597,604,-1,604,597,605,-1,605,597,599,-1,605,599,592,-1,606,607,603,-1,608,609,610,-1,610,606,63,-1,63,606,603,-1,63,603,552,-1,552,603,604,-1,552,604,585,-1,63,57,610,-1,610,57,45,-1,610,45,49,-1,599,600,592,-1,592,600,602,-1,592,602,25,-1,25,602,608,-1,25,608,30,-1,30,608,610,-1,30,610,32,-1,32,610,49,-1,611,605,591,-1,591,605,592,-1,593,612,613,-1,614,611,613,-1,613,611,591,-1,613,591,593,-1,615,604,616,-1,616,604,605,-1,616,605,614,-1,614,605,611,-1,617,618,612,-1,619,586,615,-1,615,586,585,-1,615,585,604,-1,593,594,612,-1,612,594,620,-1,619,612,590,-1,590,612,620,-1,590,620,589,-1,621,622,618,-1,618,622,623,-1,618,623,612,-1,617,612,624,-1,624,612,619,-1,624,619,625,-1,625,619,615,-1,625,615,626,-1,596,557,556,-1,552,583,554,-1,554,583,582,-1,554,582,572,-1,627,572,628,-1,628,572,564,-1,628,564,563,-1,629,630,631,-1,631,630,627,-1,631,627,556,-1,556,627,628,-1,556,628,596,-1,627,632,572,-1,572,632,633,-1,572,633,554,-1,554,633,634,-1,554,634,635,-1,590,588,619,-1,619,588,636,-1,619,636,637,-1,584,586,637,-1,637,586,619,-1,638,639,637,-1,637,639,580,-1,637,580,584,-1,580,581,584,-1,584,581,640,-1,584,640,641,-1,641,569,584,-1,584,569,570,-1,584,570,582,-1,596,628,642,-1,643,644,645,-1,645,644,646,-1,645,646,647,-1,647,646,648,-1,647,648,570,-1,570,648,573,-1,570,573,582,-1,582,573,572,-1,645,649,595,-1,595,649,650,-1,595,650,640,-1,640,650,651,-1,640,651,641,-1,641,651,652,-1,641,652,649,-1,649,652,653,-1,649,653,650,-1,595,596,645,-1,645,596,642,-1,645,642,643,-1,643,642,648,-1,643,648,654,-1,654,648,646,-1,655,656,657,-1,657,656,658,-1,657,658,659,-1,581,660,640,-1,640,660,661,-1,640,661,595,-1,595,661,658,-1,595,658,594,-1,594,658,656,-1,594,656,620,-1,659,658,662,-1,662,658,639,-1,662,639,655,-1,655,639,638,-1,655,638,656,-1,658,663,639,-1,639,663,578,-1,639,578,580,-1,664,656,636,-1,636,656,638,-1,636,638,637,-1,577,578,576,-1,576,578,663,-1,636,588,664,-1,664,588,587,-1,642,665,648,-1,648,665,571,-1,648,571,573,-1,666,645,568,-1,568,645,647,-1,568,647,570,-1,649,667,641,-1,641,667,567,-1,641,567,569,-1,668,661,579,-1,579,661,660,-1,579,660,581,-1,562,567,561,-1,561,567,667,-1,579,575,668,-1,668,575,574,-1,566,571,565,-1,565,571,665,-1,568,560,666,-1,666,560,559,-1,613,669,614,-1,614,669,616,-1,670,626,615,-1,669,623,622,-1,622,671,669,-1,669,671,670,-1,669,670,616,-1,616,670,615,-1,669,613,623,-1,623,613,612,-1,629,631,672,-1,672,631,673,-1,672,673,674,-1,674,673,553,-1,674,553,635,-1,635,553,554,-1,673,558,553,-1,553,558,555,-1,558,673,556,-1,556,673,631,-1,675,676,677,-1,675,677,678,-1,678,677,679,-1,678,679,680,-1,681,682,683,-1,544,545,684,-1,544,684,683,-1,683,684,685,-1,683,685,681,-1,683,682,686,-1,686,682,687,-1,547,546,688,-1,680,679,689,-1,689,679,547,-1,689,547,690,-1,690,547,688,-1,691,548,550,-1,682,681,687,-1,687,681,692,-1,687,692,627,-1,627,692,632,-1,633,632,551,-1,551,632,692,-1,551,692,550,-1,550,692,693,-1,550,693,691,-1,694,695,696,-1,695,694,697,-1,697,694,698,-1,697,698,699,-1,699,698,675,-1,699,675,696,-1,696,675,678,-1,696,678,694,-1,617,624,700,-1,700,624,676,-1,700,676,701,-1,701,676,675,-1,701,675,702,-1,702,675,698,-1,702,698,703,-1,703,698,704,-1,703,704,705,-1,705,704,684,-1,705,684,706,-1,706,684,545,-1,706,545,700,-1,700,545,543,-1,700,543,617,-1,617,543,618,-1,707,685,708,-1,708,685,684,-1,708,684,709,-1,709,684,704,-1,709,704,710,-1,710,704,698,-1,710,698,711,-1,711,698,712,-1,711,712,713,-1,713,712,714,-1,713,714,707,-1,707,714,685,-1,715,681,716,-1,716,681,685,-1,716,685,717,-1,717,685,714,-1,717,714,718,-1,718,714,712,-1,718,712,719,-1,719,712,693,-1,719,693,720,-1,720,693,692,-1,720,692,715,-1,715,692,681,-1,546,548,688,-1,688,548,691,-1,688,691,690,-1,690,691,721,-1,690,721,689,-1,689,721,694,-1,689,694,680,-1,680,694,678,-1,722,712,723,-1,723,712,698,-1,723,698,724,-1,724,698,694,-1,724,694,725,-1,725,694,721,-1,725,721,722,-1,722,721,712,-1,726,693,727,-1,727,693,712,-1,727,712,728,-1,728,712,721,-1,728,721,729,-1,729,721,691,-1,729,691,726,-1,726,691,693,-1,634,633,549,-1,549,633,551,-1,686,687,630,-1,630,687,627,-1,621,618,542,-1,542,618,543,-1,677,676,625,-1,625,676,624,-1,610,672,606,-1,606,672,674,-1,672,610,629,-1,629,610,609,-1,629,609,630,-1,630,609,686,-1,634,549,635,-1,635,549,607,-1,635,607,674,-1,674,607,606,-1,608,683,609,-1,609,683,686,-1,547,603,549,-1,549,603,607,-1,602,544,608,-1,608,544,683,-1,679,597,547,-1,547,597,603,-1,601,542,602,-1,602,542,544,-1,677,598,679,-1,679,598,597,-1,621,542,622,-1,622,542,601,-1,622,601,671,-1,671,601,600,-1,670,599,626,-1,626,599,598,-1,626,598,625,-1,625,598,677,-1,599,670,600,-1,600,670,671,-1,
        ]
    }
}
Shape{
    appearance Appearance {
        material  Material 	{
            diffuseColor 0.7529411764705882 0.7529411764705882 0.7529411764705882
            specularColor 0.3764705882352941 0.3764705882352941 0.3764705882352941
            ambientIntensity 0.7529
            transparency 0.0
            shininess 0.5
        }
    }
    geometry IndexedFaceSet {
        ccw TRUE
        solid FALSE
        coord DEF co Coordinate {
            point [
                0.0099 -0.6529 0.7541, 0.0099 -0.6529 0.8543, -0.0115 -0.6529 0.7541, -0.0115 -0.6529 0.8543, 0.0386 0.0689 0.8829, 0.0386 -0.5742 0.8829, 0.0386 0.0689 0.8042, 0.0386 -0.5742 0.7255, 0.0386 0.0689 0.7255, -0.0402 0.0689 0.7255, -0.0402 -0.5742 0.7255, -0.0402 0.0689 0.8042, -0.0402 -0.5742 0.8829, -0.0402 0.0689 0.8829, -0.0402 0.0672 0.5287, -0.0402 0.0672 0.3501, 0.0386 0.0672 0.5287, 0.0386 0.0672 0.3501, -0.0402 0.0689 0.3501, -0.0402 0.0689 0.5287, 0.0386 0.0689 0.5287, 0.0386 0.0689 0.3501, -0.0402 0.4232 1.0175, 0.0386 0.4232 1.0175, 0.0386 0.4326 1.0267, -0.0402 0.4326 1.0267, 0.0386 0.4437 1.0336, -0.0402 0.4437 1.0336, 0.0386 0.4561 1.0379, -0.0402 0.4561 1.0379, 0.0386 0.4691 1.0394, -0.0402 0.4691 1.0394, 0.0386 0.6127 0.0199, 0.0386 0.4232 0.3535, -0.0402 0.6127 0.0199, -0.0402 0.4232 0.3535, -0.0402 0.5675 0.9803, -0.0402 0.5675 0.2759, -0.0402 0.5085 1.0394, -0.0402 0.5695 0.2608, -0.0402 0.5752 0.2467, -0.0402 0.6481 0.1184, -0.0402 0.876 0.0, -0.0402 0.6469 0.0, -0.0402 0.6824 0.0984, -0.0402 0.6741 0.0993, -0.0402 0.653 0.1116, -0.0402 0.6591 0.106, -0.0402 0.6175 0.0132, -0.0402 0.6663 0.1019, -0.0402 0.6387 0.0009, -0.0402 0.6308 0.0034, -0.0402 0.6237 0.0076, -0.0402 0.9154 0.0591, -0.0402 0.9154 0.0394, -0.0402 0.876 0.0984, -0.0402 0.5238 1.0374, -0.0402 0.538 1.0315, -0.0402 0.5655 0.9956, -0.0402 0.5502 1.0221, -0.0402 0.5596 1.0098, -0.0402 0.914 0.0692, -0.0402 0.8862 0.0971, -0.0402 0.8957 0.0932, -0.0402 0.9038 0.0869, -0.0402 0.8931 0.0039, -0.0402 0.8847 0.001, -0.0402 0.9144 0.0306, -0.0402 0.9101 0.0787, -0.0402 0.9115 0.0223, -0.0402 0.9068 0.0148, -0.0402 0.9005 0.0086, 0.0386 0.6481 0.1184, 0.0386 0.5752 0.2467, 0.0386 0.5695 0.2608, 0.0386 0.5675 0.2759, 0.0386 0.5085 1.0394, 0.0386 0.5675 0.9803, 0.0386 0.6308 0.0034, 0.0386 0.6741 0.0993, 0.0386 0.6237 0.0076, 0.0386 0.6663 0.1019, 0.0386 0.6175 0.0132, 0.0386 0.6591 0.106, 0.0386 0.653 0.1116, 0.0386 0.6469 0.0, 0.0386 0.876 0.0, 0.0386 0.9154 0.0394, 0.0386 0.5596 1.0098, 0.0386 0.5502 1.0221, 0.0386 0.5655 0.9956, 0.0386 0.538 1.0315, 0.0386 0.5238 1.0374, 0.0386 0.9144 0.0306, 0.0386 0.8847 0.001, 0.0386 0.8931 0.0039, 0.0386 0.914 0.0692, 0.0386 0.9101 0.0787, 0.0386 0.876 0.0984, 0.0386 0.9038 0.0869, 0.0386 0.8862 0.0971, 0.0386 0.8957 0.0932, 0.0386 0.6387 0.0009, 0.0386 0.6824 0.0984, 0.0386 0.9154 0.0591, 0.0386 0.9005 0.0086, 0.0386 0.9068 0.0148, 0.0386 0.9115 0.0223, -0.3838 -0.6529 0.7541, -0.3838 -0.6529 0.8543, -0.4052 -0.6529 0.7541, -0.4052 -0.6529 0.8543, -0.3551 0.0689 0.8829, -0.3551 -0.5742 0.8829, -0.3551 0.0689 0.8042, -0.3551 -0.5742 0.7255, -0.3551 0.0689 0.7255, -0.4339 0.0689 0.7255, -0.4339 -0.5742 0.7255, -0.4339 0.0689 0.8042, -0.4339 -0.5742 0.8829, -0.4339 0.0689 0.8829, -0.4339 0.0672 0.5287, -0.4339 0.0672 0.3501, -0.3551 0.0672 0.5287, -0.3551 0.0672 0.3501, -0.4339 0.0689 0.3501, -0.4339 0.0689 0.5287, -0.3551 0.0689 0.5287, -0.3551 0.0689 0.3501, -0.4339 0.4232 1.0175, -0.3551 0.4232 1.0175, -0.3551 0.4326 1.0267, -0.4339 0.4326 1.0267, -0.3551 0.4437 1.0336, -0.4339 0.4437 1.0336, -0.3551 0.4561 1.0379, -0.4339 0.4561 1.0379, -0.3551 0.4691 1.0394, -0.4339 0.4691 1.0394, -0.3551 0.6127 0.0199, -0.3551 0.4232 0.3535, -0.4339 0.6127 0.0199, -0.4339 0.4232 0.3535, -0.4339 0.5675 0.9803, -0.4339 0.5675 0.2759, -0.4339 0.5085 1.0394, -0.4339 0.5695 0.2608, -0.4339 0.5752 0.2467, -0.4339 0.6481 0.1184, -0.4339 0.876 0.0, -0.4339 0.6469 0.0, -0.4339 0.6824 0.0984, -0.4339 0.6741 0.0993, -0.4339 0.653 0.1116, -0.4339 0.6591 0.106, -0.4339 0.6175 0.0132, -0.4339 0.6663 0.1019, -0.4339 0.6387 0.0009, -0.4339 0.6308 0.0034, -0.4339 0.6237 0.0076, -0.4339 0.9154 0.0591, -0.4339 0.9154 0.0394, -0.4339 0.876 0.0984, -0.4339 0.5238 1.0374, -0.4339 0.538 1.0315, -0.4339 0.5655 0.9956, -0.4339 0.5502 1.0221, -0.4339 0.5596 1.0098, -0.4339 0.914 0.0692, -0.4339 0.8862 0.0971, -0.4339 0.8957 0.0932, -0.4339 0.9038 0.0869, -0.4339 0.8931 0.0039, -0.4339 0.8847 0.001, -0.4339 0.9144 0.0306, -0.4339 0.9101 0.0787, -0.4339 0.9115 0.0223, -0.4339 0.9068 0.0148, -0.4339 0.9005 0.0086, -0.3551 0.6481 0.1184, -0.3551 0.5752 0.2467, -0.3551 0.5695 0.2608, -0.3551 0.5675 0.2759, -0.3551 0.5085 1.0394, -0.3551 0.5675 0.9803, -0.3551 0.6308 0.0034, -0.3551 0.6741 0.0993, -0.3551 0.6237 0.0076, -0.3551 0.6663 0.1019, -0.3551 0.6175 0.0132, -0.3551 0.6591 0.106, -0.3551 0.653 0.1116, -0.3551 0.6469 0.0, -0.3551 0.876 0.0, -0.3551 0.9154 0.0394, -0.3551 0.5596 1.0098, -0.3551 0.5502 1.0221, -0.3551 0.5655 0.9956, -0.3551 0.538 1.0315, -0.3551 0.5238 1.0374, -0.3551 0.9144 0.0306, -0.3551 0.8847 0.001, -0.3551 0.8931 0.0039, -0.3551 0.914 0.0692, -0.3551 0.9101 0.0787, -0.3551 0.876 0.0984, -0.3551 0.9038 0.0869, -0.3551 0.8862 0.0971, -0.3551 0.8957 0.0932, -0.3551 0.6387 0.0009, -0.3551 0.6824 0.0984, -0.3551 0.9154 0.0591, -0.3551 0.9005 0.0086, -0.3551 0.9068 0.0148, -0.3551 0.9115 0.0223, 0.4036 -0.6529 0.7541, 0.4036 -0.6529 0.8543, 0.3822 -0.6529 0.7541, 0.3822 -0.6529 0.8543, 0.4323 0.0689 0.8829, 0.4323 -0.5742 0.8829, 0.4323 0.0689 0.8042, 0.4323 -0.5742 0.7255, 0.4323 0.0689 0.7255, 0.3535 0.0689 0.7255, 0.3535 -0.5742 0.7255, 0.3535 0.0689 0.8042, 0.3535 -0.5742 0.8829, 0.3535 0.0689 0.8829, 0.3535 0.0672 0.5287, 0.3535 0.0672 0.3501, 0.4323 0.0672 0.5287, 0.4323 0.0672 0.3501, 0.3535 0.0689 0.3501, 0.3535 0.0689 0.5287, 0.4323 0.0689 0.5287, 0.4323 0.0689 0.3501, 0.3535 0.4232 1.0175, 0.4323 0.4232 1.0175, 0.4323 0.4326 1.0267, 0.3535 0.4326 1.0267, 0.4323 0.4437 1.0336, 0.3535 0.4437 1.0336, 0.4323 0.4561 1.0379, 0.3535 0.4561 1.0379, 0.4323 0.4691 1.0394, 0.3535 0.4691 1.0394, 0.4323 0.6127 0.0199, 0.4323 0.4232 0.3535, 0.3535 0.6127 0.0199, 0.3535 0.4232 0.3535, 0.3535 0.5675 0.9803, 0.3535 0.5675 0.2759, 0.3535 0.5085 1.0394, 0.3535 0.5695 0.2608, 0.3535 0.5752 0.2467, 0.3535 0.6481 0.1184, 0.3535 0.876 0.0, 0.3535 0.6469 0.0, 0.3535 0.6824 0.0984, 0.3535 0.6741 0.0993, 0.3535 0.653 0.1116, 0.3535 0.6591 0.106, 0.3535 0.6175 0.0132, 0.3535 0.6663 0.1019, 0.3535 0.6387 0.0009, 0.3535 0.6308 0.0034, 0.3535 0.6237 0.0076, 0.3535 0.9154 0.0591, 0.3535 0.9154 0.0394, 0.3535 0.876 0.0984, 0.3535 0.5238 1.0374, 0.3535 0.538 1.0315, 0.3535 0.5655 0.9956, 0.3535 0.5502 1.0221, 0.3535 0.5596 1.0098, 0.3535 0.914 0.0692, 0.3535 0.8862 0.0971, 0.3535 0.8957 0.0932, 0.3535 0.9038 0.0869, 0.3535 0.8931 0.0039, 0.3535 0.8847 0.001, 0.3535 0.9144 0.0306, 0.3535 0.9101 0.0787, 0.3535 0.9115 0.0223, 0.3535 0.9068 0.0148, 0.3535 0.9005 0.0086, 0.4323 0.6481 0.1184, 0.4323 0.5752 0.2467, 0.4323 0.5695 0.2608, 0.4323 0.5675 0.2759, 0.4323 0.5085 1.0394, 0.4323 0.5675 0.9803, 0.4323 0.6308 0.0034, 0.4323 0.6741 0.0993, 0.4323 0.6237 0.0076, 0.4323 0.6663 0.1019, 0.4323 0.6175 0.0132, 0.4323 0.6591 0.106, 0.4323 0.653 0.1116, 0.4323 0.6469 0.0, 0.4323 0.876 0.0, 0.4323 0.9154 0.0394, 0.4323 0.5596 1.0098, 0.4323 0.5502 1.0221, 0.4323 0.5655 0.9956, 0.4323 0.538 1.0315, 0.4323 0.5238 1.0374, 0.4323 0.9144 0.0306, 0.4323 0.8847 0.001, 0.4323 0.8931 0.0039, 0.4323 0.914 0.0692, 0.4323 0.9101 0.0787, 0.4323 0.876 0.0984, 0.4323 0.9038 0.0869, 0.4323 0.8862 0.0971, 0.4323 0.8957 0.0932, 0.4323 0.6387 0.0009, 0.4323 0.6824 0.0984, 0.4323 0.9154 0.0591, 0.4323 0.9005 0.0086, 0.4323 0.9068 0.0148, 0.4323 0.9115 0.0223
            ]
        }
        coordIndex [
            0,1,2,-1,2,1,3,-1,4,5,6,-1,6,5,7,-1,6,7,8,-1,9,10,11,-1,11,10,12,-1,11,12,13,-1,10,9,7,-1,7,9,8,-1,5,4,12,-1,12,4,13,-1,14,15,16,-1,16,15,17,-1,15,14,18,-1,18,14,19,-1,20,16,21,-1,21,16,17,-1,19,14,20,-1,20,14,16,-1,21,17,18,-1,18,17,15,-1,22,23,24,-1,22,24,25,-1,25,24,26,-1,25,26,27,-1,27,26,28,-1,27,28,29,-1,29,28,30,-1,29,30,31,-1,32,33,34,-1,34,33,35,-1,36,37,38,-1,35,22,37,-1,37,22,25,-1,37,25,27,-1,37,39,35,-1,35,39,40,-1,35,40,34,-1,34,40,41,-1,42,43,44,-1,44,43,45,-1,27,29,37,-1,37,29,31,-1,37,31,38,-1,41,46,34,-1,34,46,47,-1,34,47,48,-1,48,47,49,-1,43,50,45,-1,45,50,51,-1,45,51,49,-1,49,51,52,-1,49,52,48,-1,53,54,55,-1,38,56,36,-1,36,56,57,-1,36,57,58,-1,58,57,59,-1,58,59,60,-1,53,55,61,-1,62,63,64,-1,65,66,67,-1,67,66,42,-1,67,42,54,-1,54,42,44,-1,54,44,55,-1,62,64,55,-1,55,64,68,-1,55,68,61,-1,69,70,67,-1,67,70,71,-1,67,71,65,-1,32,72,33,-1,33,72,73,-1,33,73,74,-1,30,75,76,-1,76,75,77,-1,74,75,33,-1,33,75,24,-1,33,24,23,-1,78,79,80,-1,80,79,81,-1,80,81,82,-1,82,81,83,-1,82,83,32,-1,32,83,84,-1,32,84,72,-1,30,28,75,-1,75,28,26,-1,75,26,24,-1,85,86,87,-1,88,89,90,-1,90,89,91,-1,90,91,77,-1,77,91,92,-1,77,92,76,-1,87,86,93,-1,93,86,94,-1,93,94,95,-1,96,97,98,-1,98,97,99,-1,98,99,100,-1,100,99,101,-1,78,102,79,-1,79,102,85,-1,79,85,103,-1,103,85,87,-1,103,87,98,-1,98,87,104,-1,98,104,96,-1,95,105,93,-1,93,105,106,-1,93,106,107,-1,38,31,76,-1,76,31,30,-1,38,76,92,-1,38,92,56,-1,56,92,91,-1,56,91,57,-1,57,91,89,-1,57,89,59,-1,59,89,88,-1,59,88,60,-1,60,88,90,-1,60,90,58,-1,58,90,77,-1,58,77,36,-1,37,36,75,-1,75,36,77,-1,37,75,39,-1,39,75,74,-1,39,74,40,-1,40,74,73,-1,41,40,72,-1,72,40,73,-1,103,98,44,-1,44,98,55,-1,54,53,87,-1,87,53,104,-1,43,42,85,-1,85,42,86,-1,103,44,79,-1,79,44,45,-1,79,45,81,-1,81,45,49,-1,81,49,83,-1,83,49,47,-1,83,47,84,-1,84,47,46,-1,84,46,72,-1,72,46,41,-1,43,85,102,-1,43,102,50,-1,50,102,78,-1,50,78,51,-1,51,78,80,-1,51,80,52,-1,52,80,82,-1,52,82,48,-1,48,82,32,-1,48,32,34,-1,54,87,93,-1,54,93,67,-1,67,93,107,-1,67,107,69,-1,69,107,106,-1,69,106,70,-1,70,106,105,-1,70,105,71,-1,71,105,95,-1,71,95,65,-1,65,95,94,-1,65,94,66,-1,66,94,86,-1,66,86,42,-1,55,98,100,-1,55,100,62,-1,62,100,101,-1,62,101,63,-1,63,101,99,-1,63,99,64,-1,64,99,97,-1,64,97,68,-1,68,97,96,-1,68,96,61,-1,61,96,104,-1,61,104,53,-1,12,3,5,-1,5,3,1,-1,10,2,12,-1,12,2,3,-1,0,7,1,-1,1,7,5,-1,7,0,10,-1,10,0,2,-1,108,109,110,-1,110,109,111,-1,112,113,114,-1,114,113,115,-1,114,115,116,-1,117,118,119,-1,119,118,120,-1,119,120,121,-1,118,117,115,-1,115,117,116,-1,113,112,120,-1,120,112,121,-1,122,123,124,-1,124,123,125,-1,123,122,126,-1,126,122,127,-1,128,124,129,-1,129,124,125,-1,127,122,128,-1,128,122,124,-1,129,125,126,-1,126,125,123,-1,130,131,132,-1,130,132,133,-1,133,132,134,-1,133,134,135,-1,135,134,136,-1,135,136,137,-1,137,136,138,-1,137,138,139,-1,140,141,142,-1,142,141,143,-1,144,145,146,-1,143,130,145,-1,145,130,133,-1,145,133,135,-1,145,147,143,-1,143,147,148,-1,143,148,142,-1,142,148,149,-1,150,151,152,-1,152,151,153,-1,135,137,145,-1,145,137,139,-1,145,139,146,-1,149,154,142,-1,142,154,155,-1,142,155,156,-1,156,155,157,-1,151,158,153,-1,153,158,159,-1,153,159,157,-1,157,159,160,-1,157,160,156,-1,161,162,163,-1,146,164,144,-1,144,164,165,-1,144,165,166,-1,166,165,167,-1,166,167,168,-1,161,163,169,-1,170,171,172,-1,173,174,175,-1,175,174,150,-1,175,150,162,-1,162,150,152,-1,162,152,163,-1,170,172,163,-1,163,172,176,-1,163,176,169,-1,177,178,175,-1,175,178,179,-1,175,179,173,-1,140,180,141,-1,141,180,181,-1,141,181,182,-1,138,183,184,-1,184,183,185,-1,182,183,141,-1,141,183,132,-1,141,132,131,-1,186,187,188,-1,188,187,189,-1,188,189,190,-1,190,189,191,-1,190,191,140,-1,140,191,192,-1,140,192,180,-1,138,136,183,-1,183,136,134,-1,183,134,132,-1,193,194,195,-1,196,197,198,-1,198,197,199,-1,198,199,185,-1,185,199,200,-1,185,200,184,-1,195,194,201,-1,201,194,202,-1,201,202,203,-1,204,205,206,-1,206,205,207,-1,206,207,208,-1,208,207,209,-1,186,210,187,-1,187,210,193,-1,187,193,211,-1,211,193,195,-1,211,195,206,-1,206,195,212,-1,206,212,204,-1,203,213,201,-1,201,213,214,-1,201,214,215,-1,146,139,184,-1,184,139,138,-1,146,184,200,-1,146,200,164,-1,164,200,199,-1,164,199,165,-1,165,199,197,-1,165,197,167,-1,167,197,196,-1,167,196,168,-1,168,196,198,-1,168,198,166,-1,166,198,185,-1,166,185,144,-1,145,144,183,-1,183,144,185,-1,145,183,147,-1,147,183,182,-1,147,182,148,-1,148,182,181,-1,149,148,180,-1,180,148,181,-1,211,206,152,-1,152,206,163,-1,162,161,195,-1,195,161,212,-1,151,150,193,-1,193,150,194,-1,216,217,218,-1,218,217,219,-1,220,221,222,-1,222,221,223,-1,222,223,224,-1,225,226,227,-1,227,226,228,-1,227,228,229,-1,226,225,223,-1,223,225,224,-1,221,220,228,-1,228,220,229,-1,230,231,232,-1,232,231,233,-1,231,230,234,-1,234,230,235,-1,236,232,237,-1,237,232,233,-1,235,230,236,-1,236,230,232,-1,237,233,234,-1,234,233,231,-1,238,239,240,-1,238,240,241,-1,241,240,242,-1,241,242,243,-1,243,242,244,-1,243,244,245,-1,245,244,246,-1,245,246,247,-1,248,249,250,-1,250,249,251,-1,252,253,254,-1,251,238,253,-1,253,238,241,-1,253,241,243,-1,253,255,251,-1,251,255,256,-1,251,256,250,-1,250,256,257,-1,258,259,260,-1,260,259,261,-1,243,245,253,-1,253,245,247,-1,253,247,254,-1,257,262,250,-1,250,262,263,-1,250,263,264,-1,264,263,265,-1,259,266,261,-1,261,266,267,-1,261,267,265,-1,265,267,268,-1,265,268,264,-1,269,270,271,-1,254,272,252,-1,252,272,273,-1,252,273,274,-1,274,273,275,-1,274,275,276,-1,269,271,277,-1,278,279,280,-1,281,282,283,-1,283,282,258,-1,283,258,270,-1,270,258,260,-1,270,260,271,-1,278,280,271,-1,271,280,284,-1,271,284,277,-1,285,286,283,-1,283,286,287,-1,283,287,281,-1,248,288,249,-1,249,288,289,-1,249,289,290,-1,246,291,292,-1,292,291,293,-1,290,291,249,-1,249,291,240,-1,249,240,239,-1,294,295,296,-1,296,295,297,-1,296,297,298,-1,298,297,299,-1,298,299,248,-1,248,299,300,-1,248,300,288,-1,246,244,291,-1,291,244,242,-1,291,242,240,-1,301,302,303,-1,304,305,306,-1,306,305,307,-1,306,307,293,-1,293,307,308,-1,293,308,292,-1,303,302,309,-1,309,302,310,-1,309,310,311,-1,312,313,314,-1,314,313,315,-1,314,315,316,-1,316,315,317,-1,294,318,295,-1,295,318,301,-1,295,301,319,-1,319,301,303,-1,319,303,314,-1,314,303,320,-1,314,320,312,-1,311,321,309,-1,309,321,322,-1,309,322,323,-1,254,247,292,-1,292,247,246,-1,254,292,308,-1,254,308,272,-1,272,308,307,-1,272,307,273,-1,273,307,305,-1,273,305,275,-1,275,305,304,-1,275,304,276,-1,276,304,306,-1,276,306,274,-1,274,306,293,-1,274,293,252,-1,253,252,291,-1,291,252,293,-1,253,291,255,-1,255,291,290,-1,255,290,256,-1,256,290,289,-1,257,256,288,-1,288,256,289,-1,319,314,260,-1,260,314,271,-1,270,269,303,-1,303,269,320,-1,259,258,301,-1,301,258,302,-1,211,152,187,-1,187,152,153,-1,187,153,189,-1,189,153,157,-1,189,157,191,-1,191,157,155,-1,191,155,192,-1,192,155,154,-1,192,154,180,-1,180,154,149,-1,151,193,210,-1,151,210,158,-1,158,210,186,-1,158,186,159,-1,159,186,188,-1,159,188,160,-1,160,188,190,-1,160,190,156,-1,156,190,140,-1,156,140,142,-1,162,195,201,-1,162,201,175,-1,175,201,215,-1,175,215,177,-1,177,215,214,-1,177,214,178,-1,178,214,213,-1,178,213,179,-1,179,213,203,-1,179,203,173,-1,173,203,202,-1,173,202,174,-1,174,202,194,-1,174,194,150,-1,163,206,208,-1,163,208,170,-1,170,208,209,-1,170,209,171,-1,171,209,207,-1,171,207,172,-1,172,207,205,-1,172,205,176,-1,176,205,204,-1,176,204,169,-1,169,204,212,-1,169,212,161,-1,319,260,295,-1,295,260,261,-1,295,261,297,-1,297,261,265,-1,297,265,299,-1,299,265,263,-1,299,263,300,-1,300,263,262,-1,300,262,288,-1,288,262,257,-1,259,301,318,-1,259,318,266,-1,266,318,294,-1,266,294,267,-1,267,294,296,-1,267,296,268,-1,268,296,298,-1,268,298,264,-1,264,298,248,-1,264,248,250,-1,270,303,309,-1,270,309,283,-1,283,309,323,-1,283,323,285,-1,285,323,322,-1,285,322,286,-1,286,322,321,-1,286,321,287,-1,287,321,311,-1,287,311,281,-1,281,311,310,-1,281,310,282,-1,282,310,302,-1,282,302,258,-1,271,314,316,-1,271,316,278,-1,278,316,317,-1,278,317,279,-1,279,317,315,-1,279,315,280,-1,280,315,313,-1,280,313,284,-1,284,313,312,-1,284,312,277,-1,277,312,320,-1,277,320,269,-1,120,111,113,-1,113,111,109,-1,118,110,120,-1,120,110,111,-1,108,115,109,-1,109,115,113,-1,115,108,118,-1,118,108,110,-1,228,219,221,-1,221,219,217,-1,226,218,228,-1,228,218,219,-1,216,223,217,-1,217,223,221,-1,223,216,226,-1,226,216,218,-1,
        ]
    }
}
Shape{
    appearance Appearance {
        material  Material 	{
            diffuseColor 1.0 0.9764705882352941 0.9058823529411765
            specularColor 0.5019607843137255 0.48627450980392156 0.45098039215686275
            ambientIntensity 0.9755
            transparency 0.0
            shininess 0.5
        }
    }
    geometry IndexedFaceSet {
        ccw TRUE
        solid FALSE
        coord DEF co Coordinate {
            point [
                0.0484 0.4232 1.1181, 0.3437 0.4232 1.1181, 0.3437 0.5519 1.1181, 0.3043 0.6201 1.1181, 0.0878 0.6201 1.1181, 0.0484 0.5519 1.1181, 0.7768 0.6201 1.1181, 0.4815 0.6201 1.1181, 0.7768 0.4232 1.1181, 0.4421 0.5519 1.1181, 0.4421 0.4232 1.1181, -0.3453 0.4232 1.1181, -0.05 0.4232 1.1181, -0.05 0.5519 1.1181, -0.0894 0.6201 1.1181, -0.3059 0.6201 1.1181, -0.3453 0.5519 1.1181, -0.4831 0.6201 1.1181, -0.7783 0.6201 1.1181, -0.4437 0.5519 1.1181, -0.7783 0.4232 1.1181, -0.4437 0.4232 1.1181
            ]
        }
        coordIndex [
            0,1,2,-1,3,4,2,-1,2,4,5,-1,2,5,0,-1,6,7,8,-1,8,7,9,-1,8,9,10,-1,11,12,13,-1,14,15,13,-1,13,15,16,-1,13,16,11,-1,17,18,19,-1,19,18,20,-1,19,20,21,-1,
        ]
    }
}
Shape{
    appearance Appearance {
        material  Material 	{
            diffuseColor 0.0 0.0 0.0
            specularColor 0.0 0.0 0.0
            ambientIntensity 0.0
            transparency 0.0
            shininess 0.5
        }
    }
    geometry IndexedFaceSet {
        ccw TRUE
        solid FALSE
        coord DEF co Coordinate {
            point [
                1.0563 -0.677 1.0925, 1.0563 -0.677 1.0864, 1.0524 -0.677 1.0925, 1.0524 -0.677 1.0864, 1.0563 -0.6983 1.0925, 1.0524 -0.6983 1.0925, 1.0563 -0.6983 1.1398, 1.0524 -0.6983 1.1398, 1.0563 -0.7051 1.1398, 1.0524 -0.7051 1.1398, 1.0563 -0.7051 1.0864, 1.0524 -0.7051 1.0864, 1.0524 -0.6348 1.0886, 1.0563 -0.6348 1.0886, 1.0563 -0.6358 1.0882, 1.0563 -0.6496 1.0855, 1.0524 -0.6496 1.0855, 1.0563 -0.6415 1.0863, 1.0524 -0.6449 1.086, 1.0524 -0.6415 1.0863, 1.0524 -0.6371 1.0877, 1.0524 -0.6358 1.0882, 1.0563 -0.6348 1.0952, 1.0524 -0.6348 1.0952, 1.0524 -0.6371 1.0942, 1.0563 -0.6401 1.0929, 1.0524 -0.6401 1.0929, 1.0524 -0.6461 1.0918, 1.0563 -0.6461 1.0918, 1.0524 -0.6486 1.0917, 1.0563 -0.6486 1.0917, 1.0524 -0.6532 1.0921, 1.0563 -0.6532 1.0921, 1.0524 -0.6572 1.0935, 1.0563 -0.6572 1.0935, 1.0524 -0.6608 1.0958, 1.0563 -0.6608 1.0958, 1.0524 -0.6623 1.0973, 1.0563 -0.6623 1.0973, 1.0524 -0.6648 1.1006, 1.0563 -0.6648 1.1006, 1.0524 -0.6666 1.1048, 1.0563 -0.6666 1.1048, 1.0524 -0.6675 1.11, 1.0563 -0.6675 1.11, 1.0524 -0.6676 1.1125, 1.0563 -0.6676 1.1125, 1.0524 -0.6667 1.1199, 1.0563 -0.6667 1.1199, 1.0524 -0.6649 1.1245, 1.0563 -0.6649 1.1245, 1.0524 -0.6623 1.1282, 1.0563 -0.6623 1.1282, 1.0524 -0.662 1.1286, 1.0563 -0.662 1.1286, 1.0524 -0.6587 1.1313, 1.0563 -0.6587 1.1313, 1.0524 -0.6546 1.1334, 1.0563 -0.6546 1.1334, 1.0524 -0.65 1.1344, 1.0563 -0.65 1.1344, 1.0524 -0.6474 1.1345, 1.0563 -0.6474 1.1345, 1.0524 -0.6348 1.1313, 1.0563 -0.6348 1.1313, 1.0563 -0.6354 1.1316, 1.0524 -0.6409 1.1337, 1.0563 -0.6409 1.1337, 1.0524 -0.6371 1.1323, 1.0524 -0.6354 1.1316, 1.0563 -0.6348 1.1385, 1.0524 -0.6348 1.1385, 1.0524 -0.6371 1.1392, 1.0563 -0.6405 1.1402, 1.0524 -0.6475 1.1407, 1.0563 -0.6475 1.1407, 1.0524 -0.6418 1.1403, 1.0524 -0.6405 1.1402, 1.0524 -0.6512 1.1403, 1.0563 -0.6552 1.1398, 1.0524 -0.6552 1.1398, 1.0524 -0.6608 1.1376, 1.0563 -0.6608 1.1376, 1.0524 -0.6658 1.1341, 1.0563 -0.6658 1.1341, 1.0524 -0.6671 1.1329, 1.0563 -0.6671 1.1329, 1.0524 -0.671 1.1278, 1.0524 -0.6724 1.1244, 1.0563 -0.6735 1.1219, 1.0563 -0.671 1.1278, 1.0524 -0.6735 1.1219, 1.0524 -0.6747 1.1149, 1.0563 -0.6747 1.1149, 1.0524 -0.6748 1.1121, 1.0563 -0.6748 1.1121, 1.0524 -0.6738 1.1034, 1.0524 -0.6724 1.1, 1.0563 -0.6716 1.0979, 1.0563 -0.6738 1.1034, 1.0524 -0.6716 1.0979, 1.0524 -0.6684 1.0933, 1.0563 -0.6684 1.0933, 1.0524 -0.668 1.0928, 1.0563 -0.668 1.0928, 1.0563 -0.6529 1.0857, 1.0524 -0.6637 1.0893, 1.0563 -0.6637 1.0893, 1.0524 -0.6586 1.0869, 1.0563 -0.6586 1.0869, 1.0524 -0.6543 1.086, 1.0524 -0.6529 1.0857, 1.0563 -0.5955 1.0925, 1.0563 -0.5955 1.0864, 1.0524 -0.5955 1.0925, 1.0524 -0.5955 1.0864, 1.0524 -0.6173 1.0925, 1.0563 -0.6173 1.0925, 1.0524 -0.6029 1.0925, 1.0563 -0.6173 1.1105, 1.0524 -0.6173 1.1105, 1.0563 -0.5982 1.1105, 1.0524 -0.6029 1.1105, 1.0524 -0.5982 1.1105, 1.0563 -0.5982 1.1166, 1.0524 -0.5982 1.1166, 1.0524 -0.6173 1.1166, 1.0563 -0.6173 1.1166, 1.0524 -0.6029 1.1166, 1.0563 -0.6173 1.1337, 1.0524 -0.6173 1.1337, 1.0563 -0.5967 1.1337, 1.0524 -0.6029 1.1337, 1.0524 -0.5967 1.1337, 1.0563 -0.5967 1.1398, 1.0524 -0.5967 1.1398, 1.0524 -0.6242 1.1398, 1.0563 -0.6242 1.1398, 1.0524 -0.6029 1.1398, 1.0563 -0.6242 1.0864, 1.0524 -0.6242 1.0864, 1.0524 -0.6029 1.0864, 1.0563 -0.55 1.0939, 1.0563 -0.5555 1.0975, 1.0563 -0.5555 1.0899, 1.0563 -0.5589 1.0951, 1.0563 -0.5616 1.0875, 1.0563 -0.5633 1.0934, 1.0563 -0.5707 1.0864, 1.0563 -0.5707 1.0925, 1.0563 -0.5854 1.0864, 1.0563 -0.5785 1.0925, 1.0563 -0.5854 1.1398, 1.0563 -0.5785 1.1337, 1.0563 -0.5701 1.1398, 1.0563 -0.5704 1.1337, 1.0563 -0.5698 1.1337, 1.0563 -0.562 1.1389, 1.0563 -0.563 1.1328, 1.0563 -0.5555 1.1366, 1.0563 -0.5585 1.131, 1.0563 -0.55 1.1327, 1.0563 -0.555 1.1287, 1.0563 -0.5481 1.1309, 1.0563 -0.5535 1.1272, 1.0563 -0.5448 1.1262, 1.0563 -0.5515 1.1242, 1.0563 -0.5428 1.1212, 1.0563 -0.5499 1.1203, 1.0563 -0.5419 1.1138, 1.0563 -0.5492 1.1136, 1.0563 -0.5421 1.1104, 1.0563 -0.5494 1.1099, 1.0563 -0.5434 1.1042, 1.0563 -0.5505 1.1051, 1.0563 -0.546 1.0986, 1.0563 -0.5523 1.1012, 1.0563 -0.5549 1.0981, 1.0524 -0.5707 1.0864, 1.0524 -0.5854 1.0864, 1.0524 -0.5616 1.0875, 1.0524 -0.5555 1.0899, 1.0524 -0.55 1.0939, 1.0524 -0.546 1.0986, 1.0524 -0.5434 1.1042, 1.0524 -0.5421 1.1104, 1.0524 -0.5419 1.1138, 1.0524 -0.5428 1.1212, 1.0524 -0.5448 1.1262, 1.0524 -0.5481 1.1309, 1.0524 -0.55 1.1327, 1.0524 -0.5555 1.1366, 1.0524 -0.562 1.1389, 1.0524 -0.5701 1.1398, 1.0524 -0.5854 1.1398, 1.0524 -0.5704 1.1337, 1.0524 -0.5785 1.1337, 1.0524 -0.5785 1.0925, 1.0524 -0.5707 1.0925, 1.0524 -0.5549 1.0981, 1.0524 -0.5555 1.0975, 1.0524 -0.5589 1.0951, 1.0524 -0.5633 1.0934, 1.0524 -0.5492 1.1136, 1.0524 -0.5494 1.1099, 1.0524 -0.5505 1.1051, 1.0524 -0.5523 1.1012, 1.0524 -0.555 1.1287, 1.0524 -0.5535 1.1272, 1.0524 -0.5515 1.1242, 1.0524 -0.5499 1.1203, 1.0524 -0.5698 1.1337, 1.0524 -0.563 1.1328, 1.0524 -0.5585 1.131
            ]
        }
        coordIndex [
            0,1,2,-1,2,1,3,-1,4,0,5,-1,5,0,2,-1,6,4,7,-1,7,4,5,-1,8,6,9,-1,9,6,7,-1,10,8,11,-1,11,8,9,-1,1,10,3,-1,3,10,11,-1,6,8,4,-1,4,8,10,-1,4,10,0,-1,0,10,1,-1,12,13,14,-1,15,16,17,-1,17,16,18,-1,18,19,17,-1,17,19,20,-1,17,20,14,-1,14,20,21,-1,14,21,12,-1,22,13,23,-1,23,13,12,-1,22,23,24,-1,22,24,25,-1,24,26,25,-1,25,26,27,-1,25,27,28,-1,28,27,29,-1,28,29,30,-1,30,29,31,-1,30,31,32,-1,32,31,33,-1,32,33,34,-1,34,33,35,-1,34,35,36,-1,36,35,37,-1,36,37,38,-1,38,37,39,-1,38,39,40,-1,40,39,41,-1,40,41,42,-1,42,41,43,-1,42,43,44,-1,44,43,45,-1,44,45,46,-1,46,45,47,-1,46,47,48,-1,48,47,49,-1,48,49,50,-1,50,49,51,-1,50,51,52,-1,52,51,53,-1,52,53,54,-1,54,53,55,-1,54,55,56,-1,56,55,57,-1,56,57,58,-1,58,57,59,-1,58,59,60,-1,60,59,61,-1,60,61,62,-1,63,64,65,-1,62,61,66,-1,62,66,67,-1,67,66,68,-1,67,68,65,-1,65,68,69,-1,65,69,63,-1,70,64,71,-1,71,64,63,-1,70,71,72,-1,70,72,73,-1,74,75,76,-1,76,75,73,-1,76,73,77,-1,77,73,72,-1,75,74,78,-1,75,78,79,-1,78,80,79,-1,79,80,81,-1,79,81,82,-1,82,81,83,-1,82,83,84,-1,84,83,85,-1,84,85,86,-1,86,85,87,-1,88,89,87,-1,87,89,90,-1,87,90,86,-1,88,91,89,-1,89,91,92,-1,89,92,93,-1,93,92,94,-1,93,94,95,-1,95,94,96,-1,97,98,96,-1,96,98,99,-1,96,99,95,-1,97,100,98,-1,98,100,101,-1,98,101,102,-1,102,101,103,-1,102,103,104,-1,16,15,105,-1,104,103,106,-1,104,106,107,-1,107,106,108,-1,107,108,109,-1,109,108,110,-1,109,110,105,-1,105,110,111,-1,105,111,16,-1,56,58,79,-1,48,50,90,-1,90,50,86,-1,79,58,75,-1,95,46,93,-1,93,46,48,-1,93,48,89,-1,89,48,90,-1,58,60,75,-1,75,60,62,-1,75,62,73,-1,73,62,67,-1,73,67,70,-1,70,67,65,-1,70,65,64,-1,13,22,14,-1,14,22,25,-1,14,25,17,-1,17,25,28,-1,17,28,15,-1,15,28,30,-1,15,30,105,-1,105,30,32,-1,105,32,109,-1,109,32,34,-1,109,34,107,-1,107,34,36,-1,107,36,104,-1,104,36,38,-1,104,38,102,-1,102,38,40,-1,102,40,98,-1,98,40,99,-1,99,40,42,-1,99,42,95,-1,95,42,44,-1,95,44,46,-1,50,52,86,-1,86,52,54,-1,86,54,84,-1,84,54,56,-1,84,56,82,-1,82,56,79,-1,112,113,114,-1,114,113,115,-1,116,117,118,-1,118,117,112,-1,118,112,114,-1,119,117,120,-1,120,117,116,-1,119,120,121,-1,121,120,122,-1,121,122,123,-1,124,121,125,-1,125,121,123,-1,126,127,128,-1,128,127,124,-1,128,124,125,-1,129,127,130,-1,130,127,126,-1,129,130,131,-1,131,130,132,-1,131,132,133,-1,134,131,135,-1,135,131,133,-1,136,137,138,-1,138,137,134,-1,138,134,135,-1,139,137,140,-1,140,137,136,-1,139,140,113,-1,113,140,141,-1,113,141,115,-1,139,113,112,-1,112,117,139,-1,139,117,119,-1,139,119,137,-1,131,134,129,-1,129,134,137,-1,129,137,127,-1,127,137,119,-1,127,119,124,-1,124,119,121,-1,142,143,144,-1,144,143,145,-1,144,145,146,-1,146,145,147,-1,146,147,148,-1,148,147,149,-1,148,149,150,-1,150,149,151,-1,150,151,152,-1,152,151,153,-1,152,153,154,-1,153,155,154,-1,154,155,156,-1,154,156,157,-1,157,156,158,-1,157,158,159,-1,159,158,160,-1,159,160,161,-1,161,160,162,-1,161,162,163,-1,163,162,164,-1,163,164,165,-1,165,164,166,-1,165,166,167,-1,167,166,168,-1,167,168,169,-1,169,168,170,-1,169,170,171,-1,171,170,172,-1,171,172,173,-1,173,172,174,-1,173,174,175,-1,175,174,176,-1,175,176,142,-1,142,176,177,-1,142,177,143,-1,148,150,178,-1,178,150,179,-1,148,178,180,-1,148,180,146,-1,146,180,181,-1,146,181,144,-1,144,181,182,-1,144,182,142,-1,142,182,183,-1,142,183,175,-1,175,183,184,-1,175,184,173,-1,173,184,185,-1,173,185,171,-1,171,185,186,-1,171,186,169,-1,169,186,187,-1,169,187,167,-1,167,187,188,-1,167,188,165,-1,165,188,189,-1,165,189,163,-1,163,189,190,-1,163,190,161,-1,161,190,191,-1,161,191,159,-1,159,191,192,-1,159,192,157,-1,157,192,193,-1,157,193,154,-1,152,154,194,-1,194,154,193,-1,150,152,179,-1,179,152,194,-1,155,153,195,-1,195,153,196,-1,153,151,196,-1,196,151,197,-1,151,149,197,-1,197,149,198,-1,177,199,200,-1,177,200,143,-1,143,200,201,-1,143,201,145,-1,145,201,202,-1,145,202,147,-1,147,202,198,-1,147,198,149,-1,170,203,204,-1,170,204,172,-1,172,204,205,-1,172,205,174,-1,174,205,206,-1,174,206,176,-1,176,206,199,-1,176,199,177,-1,162,207,208,-1,162,208,164,-1,164,208,209,-1,164,209,166,-1,166,209,210,-1,166,210,168,-1,168,210,203,-1,168,203,170,-1,155,195,211,-1,155,211,156,-1,156,211,212,-1,156,212,158,-1,158,212,213,-1,158,213,160,-1,160,213,207,-1,160,207,162,-1,
        ]
    }
}
Shape{
    appearance Appearance {
        material  Material 	{
            diffuseColor 1.0 0.9764705882352941 0.9058823529411765
            specularColor 0.5019607843137255 0.48627450980392156 0.45098039215686275
            ambientIntensity 0.9755
            transparency 0.0
            shininess 0.5
        }
    }
    geometry IndexedFaceSet {
        ccw TRUE
        solid FALSE
        coord DEF co Coordinate {
            point [
                1.0524 -0.5589 1.0951, 1.0524 -0.5555 1.0975, 1.0524 -0.5698 1.1337, 1.0524 -0.5785 1.1337, 1.0524 -0.5785 1.0925, 1.0524 -0.5704 1.1337, 1.0524 -0.5707 1.0925, 1.0524 -0.5633 1.0934, 1.0524 -0.5549 1.0981, 1.0524 -0.5523 1.1012, 1.0524 -0.5505 1.1051, 1.0524 -0.5492 1.1136, 1.0524 -0.555 1.1287, 1.0524 -0.5585 1.131, 1.0524 -0.5499 1.1203, 1.0524 -0.5515 1.1242, 1.0524 -0.5535 1.1272, 1.0524 -0.5494 1.1099, 1.0524 -0.563 1.1328
            ]
        }
        coordIndex [
            0,1,2,-1,3,4,5,-1,5,4,6,-1,5,6,2,-1,2,6,7,-1,2,7,0,-1,1,8,2,-1,2,8,9,-1,2,9,10,-1,11,12,13,-1,14,15,11,-1,11,15,16,-1,11,16,12,-1,10,17,2,-1,2,17,11,-1,2,11,18,-1,18,11,13,-1,
        ]
    }
}
Shape{
    appearance Appearance {
        material  Material 	{
            diffuseColor 0.0 0.0 0.0
            specularColor 0.0 0.0 0.0
            ambientIntensity 0.0
            transparency 0.0
            shininess 0.5
        }
    }
    geometry IndexedFaceSet {
        ccw TRUE
        solid FALSE
        coord DEF co Coordinate {
            point [
                1.0563 -0.524 1.1071, 1.0563 -0.5262 1.101, 1.0563 -0.5061 1.1071, 1.0563 -0.504 1.101, 1.0563 -0.516 1.1293, 1.0563 -0.5186 1.1398, 1.0563 -0.539 1.0864, 1.0563 -0.5313 1.0864, 1.0563 -0.5156 1.1308, 1.0563 -0.5152 1.133, 1.0563 -0.5113 1.1398, 1.0563 -0.515 1.133, 1.0563 -0.5146 1.1307, 1.0563 -0.5142 1.1293, 1.0563 -0.4909 1.0864, 1.0563 -0.4985 1.0864, 1.0524 -0.5113 1.1398, 1.0524 -0.4909 1.0864, 1.0524 -0.5186 1.1398, 1.0524 -0.539 1.0864, 1.0524 -0.5236 1.1268, 1.0524 -0.5313 1.0864, 1.0524 -0.5262 1.101, 1.0524 -0.504 1.101, 1.0524 -0.5236 1.101, 1.0524 -0.4985 1.0864, 1.0524 -0.524 1.1071, 1.0524 -0.5061 1.1071, 1.0524 -0.5142 1.1293, 1.0524 -0.515 1.133, 1.0524 -0.5146 1.1307, 1.0524 -0.5152 1.133, 1.0524 -0.516 1.1293, 1.0524 -0.5156 1.1308
            ]
        }
        coordIndex [
            0,1,2,-1,2,1,3,-1,4,5,0,-1,0,5,6,-1,0,6,1,-1,1,6,7,-1,4,8,5,-1,5,8,9,-1,5,9,10,-1,10,9,11,-1,10,11,12,-1,12,13,10,-1,10,13,2,-1,10,2,14,-1,14,2,3,-1,14,3,15,-1,10,14,16,-1,16,14,17,-1,5,10,18,-1,18,10,16,-1,19,6,20,-1,20,6,5,-1,20,5,18,-1,7,6,21,-1,21,6,19,-1,1,7,22,-1,22,7,21,-1,23,3,24,-1,24,3,1,-1,24,1,22,-1,15,3,25,-1,25,3,23,-1,14,15,17,-1,17,15,25,-1,0,2,26,-1,26,2,27,-1,2,13,27,-1,27,13,28,-1,11,29,30,-1,11,30,12,-1,12,30,28,-1,12,28,13,-1,11,9,29,-1,29,9,31,-1,4,32,33,-1,4,33,8,-1,8,33,31,-1,8,31,9,-1,4,0,32,-1,32,0,26,-1,
        ]
    }
}
Shape{
    appearance Appearance {
        material  Material 	{
            diffuseColor 1.0 0.9764705882352941 0.9058823529411765
            specularColor 0.5019607843137255 0.48627450980392156 0.45098039215686275
            ambientIntensity 0.9755
            transparency 0.0
            shininess 0.5
        }
    }
    geometry IndexedFaceSet {
        ccw TRUE
        solid FALSE
        coord DEF co Coordinate {
            point [
                1.0524 -0.515 1.133, 1.0524 -0.5152 1.133, 1.0524 -0.5146 1.1307, 1.0524 -0.5156 1.1308, 1.0524 -0.5142 1.1293, 1.0524 -0.516 1.1293, 1.0524 -0.5061 1.1071, 1.0524 -0.524 1.1071
            ]
        }
        coordIndex [
            0,1,2,-1,2,1,3,-1,2,3,4,-1,4,3,5,-1,4,5,6,-1,6,5,7,-1,
        ]
    }
}
Shape{
    appearance Appearance {
        material  Material 	{
            diffuseColor 0.0 0.0 0.0
            specularColor 0.0 0.0 0.0
            ambientIntensity 0.0
            transparency 0.0
            shininess 0.5
        }
    }
    geometry IndexedFaceSet {
        ccw TRUE
        solid FALSE
        coord DEF co Coordinate {
            point [
                1.0563 -0.6764 1.0078, 1.0563 -0.6764 1.0018, 1.0524 -0.6764 1.0078, 1.0524 -0.6764 1.0018, 1.0563 -0.6983 1.0078, 1.0524 -0.6983 1.0078, 1.0563 -0.6983 1.0258, 1.0524 -0.6983 1.0258, 1.0563 -0.6792 1.0258, 1.0524 -0.6792 1.0258, 1.0563 -0.6792 1.0319, 1.0524 -0.6792 1.0319, 1.0563 -0.6983 1.0319, 1.0524 -0.6983 1.0319, 1.0563 -0.6983 1.049, 1.0524 -0.6983 1.049, 1.0563 -0.6777 1.049, 1.0524 -0.6777 1.049, 1.0563 -0.6777 1.0551, 1.0524 -0.6777 1.0551, 1.0563 -0.7051 1.0551, 1.0524 -0.7051 1.0551, 1.0563 -0.7051 1.0018, 1.0524 -0.7051 1.0018, 1.0563 -0.6463 1.0076, 1.0563 -0.6461 1.0076, 1.0563 -0.6465 1.0138, 1.0563 -0.6461 1.0018, 1.0563 -0.6394 1.0018, 1.0563 -0.6394 1.0263, 1.0563 -0.6461 1.0168, 1.0563 -0.6651 1.0218, 1.0563 -0.6672 1.0201, 1.0563 -0.6623 1.0163, 1.0563 -0.6461 1.026, 1.0563 -0.6463 1.0289, 1.0563 -0.6399 1.0311, 1.0563 -0.647 1.0313, 1.0563 -0.6409 1.0343, 1.0563 -0.6478 1.0327, 1.0563 -0.6423 1.0365, 1.0563 -0.6488 1.0338, 1.0563 -0.644 1.0382, 1.0563 -0.65 1.0345, 1.0563 -0.6462 1.0395, 1.0563 -0.6515 1.0351, 1.0563 -0.649 1.0404, 1.0563 -0.6538 1.0353, 1.0563 -0.6532 1.0407, 1.0563 -0.6583 1.0348, 1.0563 -0.66 1.0399, 1.0563 -0.6624 1.0333, 1.0563 -0.6649 1.038, 1.0563 -0.6663 1.0307, 1.0563 -0.6663 1.0372, 1.0563 -0.6475 1.0114, 1.0563 -0.649 1.0094, 1.0563 -0.6479 1.0053, 1.0563 -0.6498 1.0086, 1.0563 -0.6501 1.0032, 1.0563 -0.6517 1.0074, 1.0563 -0.6515 1.0023, 1.0563 -0.6537 1.0066, 1.0563 -0.6542 1.0013, 1.0563 -0.6562 1.0063, 1.0563 -0.6579 1.0009, 1.0563 -0.6585 1.0066, 1.0563 -0.6619 1.0013, 1.0563 -0.66 1.0071, 1.0563 -0.6645 1.0023, 1.0563 -0.6613 1.0081, 1.0563 -0.6668 1.0039, 1.0563 -0.6619 1.0086, 1.0563 -0.6629 1.0151, 1.0563 -0.6686 1.0182, 1.0563 -0.6632 1.0136, 1.0563 -0.6615 1.0173, 1.0563 -0.6609 1.0178, 1.0563 -0.6622 1.0233, 1.0563 -0.6595 1.0186, 1.0563 -0.6574 1.0244, 1.0563 -0.655 1.0197, 1.0563 -0.6461 1.0209, 1.0563 -0.6461 1.0172, 1.0563 -0.6695 1.0158, 1.0563 -0.67 1.013, 1.0563 -0.6633 1.0125, 1.0563 -0.67 1.012, 1.0563 -0.6631 1.011, 1.0563 -0.6697 1.0089, 1.0563 -0.6626 1.0098, 1.0563 -0.6689 1.0066, 1.0563 -0.6675 1.0046, 1.0524 -0.6532 1.0407, 1.0524 -0.66 1.0399, 1.0524 -0.6649 1.038, 1.0524 -0.6663 1.0372, 1.0524 -0.6663 1.0307, 1.0524 -0.6624 1.0333, 1.0524 -0.6583 1.0348, 1.0524 -0.6538 1.0353, 1.0524 -0.6515 1.0351, 1.0524 -0.65 1.0345, 1.0524 -0.6488 1.0338, 1.0524 -0.6478 1.0327, 1.0524 -0.647 1.0313, 1.0524 -0.6463 1.0289, 1.0524 -0.6461 1.026, 1.0524 -0.6574 1.0244, 1.0524 -0.6622 1.0233, 1.0524 -0.6651 1.0218, 1.0524 -0.6672 1.0201, 1.0524 -0.6686 1.0182, 1.0524 -0.6695 1.0158, 1.0524 -0.67 1.013, 1.0524 -0.67 1.012, 1.0524 -0.6697 1.0089, 1.0524 -0.6689 1.0066, 1.0524 -0.6675 1.0046, 1.0524 -0.6668 1.0039, 1.0524 -0.6579 1.0009, 1.0524 -0.6618 1.0013, 1.0524 -0.6619 1.0013, 1.0524 -0.6645 1.0023, 1.0524 -0.6543 1.0013, 1.0524 -0.6542 1.0013, 1.0524 -0.6515 1.0023, 1.0524 -0.6501 1.0032, 1.0524 -0.6479 1.0053, 1.0524 -0.6463 1.0076, 1.0524 -0.6461 1.0076, 1.0524 -0.6461 1.0018, 1.0524 -0.6394 1.0018, 1.0524 -0.6394 1.0263, 1.0524 -0.6399 1.0311, 1.0524 -0.6409 1.0343, 1.0524 -0.6423 1.0365, 1.0524 -0.644 1.0382, 1.0524 -0.6462 1.0395, 1.0524 -0.649 1.0404, 1.0524 -0.6615 1.0173, 1.0524 -0.6609 1.0178, 1.0524 -0.6595 1.0186, 1.0524 -0.655 1.0197, 1.0524 -0.6633 1.0125, 1.0524 -0.6632 1.0136, 1.0524 -0.6629 1.0151, 1.0524 -0.6623 1.0163, 1.0524 -0.6613 1.0081, 1.0524 -0.6619 1.0086, 1.0524 -0.6626 1.0098, 1.0524 -0.6631 1.011, 1.0524 -0.6562 1.0063, 1.0524 -0.6585 1.0066, 1.0524 -0.66 1.0071, 1.0524 -0.649 1.0094, 1.0524 -0.6498 1.0086, 1.0524 -0.6517 1.0074, 1.0524 -0.6537 1.0066, 1.0524 -0.6461 1.0172, 1.0524 -0.6461 1.0168, 1.0524 -0.6465 1.0138, 1.0524 -0.6475 1.0114, 1.0524 -0.6461 1.0209
            ]
        }
        coordIndex [
            0,1,2,-1,2,1,3,-1,4,0,5,-1,5,0,2,-1,6,4,7,-1,7,4,5,-1,8,6,9,-1,9,6,7,-1,10,8,11,-1,11,8,9,-1,12,10,13,-1,13,10,11,-1,14,12,15,-1,15,12,13,-1,16,14,17,-1,17,14,15,-1,18,16,19,-1,19,16,17,-1,20,18,21,-1,21,18,19,-1,22,20,23,-1,23,20,21,-1,1,22,3,-1,3,22,23,-1,22,1,0,-1,0,4,22,-1,22,4,6,-1,22,6,20,-1,16,18,14,-1,14,18,20,-1,14,20,12,-1,12,20,6,-1,12,6,10,-1,10,6,8,-1,24,25,26,-1,27,28,25,-1,25,28,29,-1,25,29,26,-1,26,29,30,-1,31,32,33,-1,34,29,35,-1,35,29,36,-1,35,36,37,-1,37,36,38,-1,37,38,39,-1,39,38,40,-1,39,40,41,-1,41,40,42,-1,41,42,43,-1,43,42,44,-1,43,44,45,-1,45,44,46,-1,45,46,47,-1,47,46,48,-1,47,48,49,-1,49,48,50,-1,49,50,51,-1,51,50,52,-1,51,52,53,-1,53,52,54,-1,26,55,24,-1,24,55,56,-1,24,56,57,-1,57,56,58,-1,57,58,59,-1,59,58,60,-1,59,60,61,-1,61,60,62,-1,61,62,63,-1,63,62,64,-1,63,64,65,-1,65,64,66,-1,65,66,67,-1,67,66,68,-1,67,68,69,-1,69,68,70,-1,69,70,71,-1,71,70,72,-1,33,32,73,-1,73,32,74,-1,73,74,75,-1,33,76,31,-1,31,76,77,-1,31,77,78,-1,78,77,79,-1,78,79,80,-1,80,79,81,-1,80,81,34,-1,34,81,82,-1,34,82,29,-1,29,82,83,-1,29,83,30,-1,74,84,75,-1,75,84,85,-1,75,85,86,-1,86,85,87,-1,86,87,88,-1,88,87,89,-1,88,89,90,-1,90,89,91,-1,90,91,72,-1,72,91,92,-1,72,92,71,-1,48,93,94,-1,48,94,50,-1,50,94,95,-1,50,95,52,-1,52,95,96,-1,52,96,54,-1,53,54,97,-1,97,54,96,-1,53,97,98,-1,53,98,51,-1,51,98,99,-1,51,99,49,-1,49,99,100,-1,49,100,47,-1,47,100,101,-1,47,101,45,-1,45,101,102,-1,45,102,43,-1,43,102,103,-1,43,103,41,-1,41,103,104,-1,41,104,39,-1,39,104,105,-1,39,105,37,-1,37,105,106,-1,37,106,35,-1,35,106,107,-1,35,107,34,-1,80,34,108,-1,108,34,107,-1,80,108,109,-1,80,109,78,-1,78,109,110,-1,78,110,31,-1,31,110,111,-1,31,111,32,-1,32,111,112,-1,32,112,74,-1,74,112,113,-1,74,113,84,-1,84,113,114,-1,84,114,85,-1,85,114,115,-1,85,115,87,-1,87,115,116,-1,87,116,89,-1,89,116,117,-1,89,117,91,-1,91,117,118,-1,91,118,92,-1,92,118,119,-1,92,119,71,-1,120,65,121,-1,121,65,67,-1,121,67,122,-1,122,67,69,-1,122,69,123,-1,123,69,71,-1,123,71,119,-1,120,124,65,-1,65,124,63,-1,124,125,63,-1,63,125,126,-1,63,126,61,-1,61,126,127,-1,61,127,59,-1,59,127,128,-1,59,128,57,-1,57,128,129,-1,57,129,24,-1,25,24,130,-1,130,24,129,-1,27,25,131,-1,131,25,130,-1,28,27,132,-1,132,27,131,-1,29,28,133,-1,133,28,132,-1,29,133,134,-1,29,134,36,-1,36,134,135,-1,36,135,38,-1,38,135,136,-1,38,136,40,-1,40,136,137,-1,40,137,42,-1,42,137,138,-1,42,138,44,-1,44,138,139,-1,44,139,46,-1,46,139,93,-1,46,93,48,-1,76,140,141,-1,76,141,77,-1,77,141,142,-1,77,142,79,-1,79,142,143,-1,79,143,81,-1,86,144,145,-1,86,145,75,-1,75,145,146,-1,75,146,73,-1,73,146,147,-1,73,147,33,-1,33,147,140,-1,33,140,76,-1,70,148,149,-1,70,149,72,-1,72,149,150,-1,72,150,90,-1,90,150,151,-1,90,151,88,-1,88,151,144,-1,88,144,86,-1,64,152,153,-1,64,153,66,-1,66,153,154,-1,66,154,68,-1,68,154,148,-1,68,148,70,-1,56,155,156,-1,56,156,58,-1,58,156,157,-1,58,157,60,-1,60,157,158,-1,60,158,62,-1,62,158,152,-1,62,152,64,-1,83,159,160,-1,83,160,30,-1,30,160,161,-1,30,161,26,-1,26,161,162,-1,26,162,55,-1,55,162,155,-1,55,155,56,-1,83,82,159,-1,159,82,163,-1,82,81,163,-1,163,81,143,-1,
        ]
    }
}
Shape{
    appearance Appearance {
        material  Material 	{
            diffuseColor 1.0 0.9764705882352941 0.9058823529411765
            specularColor 0.5019607843137255 0.48627450980392156 0.45098039215686275
            ambientIntensity 0.9755
            transparency 0.0
            shininess 0.5
        }
    }
    geometry IndexedFaceSet {
        ccw TRUE
        solid FALSE
        coord DEF co Coordinate {
            point [
                1.0524 -0.6461 1.0168, 1.0524 -0.6461 1.0172, 1.0524 -0.6615 1.0173, 1.0524 -0.6461 1.0209, 1.0524 -0.655 1.0197, 1.0524 -0.6595 1.0186, 1.0524 -0.6609 1.0178, 1.0524 -0.6465 1.0138, 1.0524 -0.6623 1.0163, 1.0524 -0.6475 1.0114, 1.0524 -0.6619 1.0086, 1.0524 -0.6613 1.0081, 1.0524 -0.6498 1.0086, 1.0524 -0.6626 1.0098, 1.0524 -0.6517 1.0074, 1.0524 -0.6537 1.0066, 1.0524 -0.6562 1.0063, 1.0524 -0.6629 1.0151, 1.0524 -0.6632 1.0136, 1.0524 -0.649 1.0094, 1.0524 -0.6633 1.0125, 1.0524 -0.6631 1.011, 1.0524 -0.66 1.0071, 1.0524 -0.6585 1.0066
            ]
        }
        coordIndex [
            0,1,2,-1,1,3,4,-1,4,5,1,-1,1,5,6,-1,1,6,2,-1,0,2,7,-1,7,2,8,-1,7,8,9,-1,10,11,12,-1,10,12,13,-1,14,12,15,-1,15,12,16,-1,8,17,9,-1,9,17,18,-1,9,18,19,-1,19,18,20,-1,19,20,12,-1,12,20,21,-1,12,21,13,-1,11,22,12,-1,12,22,23,-1,12,23,16,-1,
        ]
    }
}
Shape{
    appearance Appearance {
        material  Material 	{
            diffuseColor 0.0 0.0 0.0
            specularColor 0.0 0.0 0.0
            ambientIntensity 0.0
            transparency 0.0
            shininess 0.5
        }
    }
    geometry IndexedFaceSet {
        ccw TRUE
        solid FALSE
        coord DEF co Coordinate {
            point [
                1.0524 -0.6303 1.01, 1.0563 -0.6303 1.01, 1.0563 -0.6276 1.0083, 1.0563 -0.6193 1.0063, 1.0524 -0.6193 1.0063, 1.0524 -0.6234 1.0068, 1.0563 -0.6234 1.0068, 1.0524 -0.6273 1.0082, 1.0524 -0.6276 1.0083, 1.0563 -0.6303 1.0031, 1.0524 -0.6303 1.0031, 1.0524 -0.6273 1.0019, 1.0563 -0.6263 1.0016, 1.0524 -0.62 1.0009, 1.0563 -0.62 1.0009, 1.0524 -0.6238 1.0013, 1.0524 -0.6263 1.0016, 1.0524 -0.6162 1.0013, 1.0563 -0.614 1.0016, 1.0524 -0.614 1.0016, 1.0524 -0.6105 1.0029, 1.0563 -0.6105 1.0029, 1.0524 -0.6089 1.0039, 1.0563 -0.6089 1.0039, 1.0524 -0.607 1.0056, 1.0563 -0.607 1.0056, 1.0524 -0.6057 1.0073, 1.0563 -0.6057 1.0073, 1.0524 -0.6049 1.0094, 1.0563 -0.6049 1.0094, 1.0524 -0.6046 1.0121, 1.0563 -0.6046 1.0121, 1.0524 -0.6049 1.0146, 1.0563 -0.6049 1.0146, 1.0524 -0.6056 1.0166, 1.0563 -0.6056 1.0166, 1.0524 -0.6068 1.0184, 1.0563 -0.6068 1.0184, 1.0524 -0.6084 1.0198, 1.0563 -0.6084 1.0198, 1.0524 -0.6129 1.0223, 1.0563 -0.6129 1.0223, 1.0524 -0.6155 1.0234, 1.0563 -0.6155 1.0234, 1.0524 -0.6196 1.0252, 1.0563 -0.6196 1.0252, 1.0524 -0.622 1.0266, 1.0563 -0.622 1.0266, 1.0524 -0.6226 1.0274, 1.0563 -0.6226 1.0274, 1.0524 -0.6231 1.0283, 1.0563 -0.6231 1.0283, 1.0524 -0.6234 1.0293, 1.0563 -0.6234 1.0293, 1.0524 -0.6234 1.0302, 1.0563 -0.6234 1.0302, 1.0524 -0.6233 1.0313, 1.0563 -0.6233 1.0313, 1.0524 -0.623 1.0322, 1.0563 -0.623 1.0322, 1.0524 -0.6224 1.033, 1.0563 -0.6224 1.033, 1.0524 -0.6214 1.0339, 1.0563 -0.6214 1.0339, 1.0524 -0.6199 1.0347, 1.0563 -0.6199 1.0347, 1.0524 -0.6181 1.0352, 1.0563 -0.6181 1.0352, 1.0524 -0.6161 1.0353, 1.0563 -0.6161 1.0353, 1.0524 -0.6119 1.0349, 1.0563 -0.6119 1.0349, 1.0524 -0.6081 1.0335, 1.0563 -0.6081 1.0335, 1.0524 -0.6064 1.0326, 1.0563 -0.6064 1.0326, 1.0563 -0.6064 1.0391, 1.0524 -0.6064 1.0391, 1.0524 -0.6108 1.0403, 1.0563 -0.6108 1.0403, 1.0524 -0.6155 1.0407, 1.0563 -0.6155 1.0407, 1.0524 -0.6201 1.0403, 1.0563 -0.6201 1.0403, 1.0524 -0.6238 1.039, 1.0563 -0.6238 1.039, 1.0524 -0.626 1.0377, 1.0563 -0.626 1.0377, 1.0524 -0.6273 1.0366, 1.0563 -0.628 1.0359, 1.0524 -0.628 1.0359, 1.0524 -0.6292 1.0341, 1.0563 -0.6292 1.0341, 1.0524 -0.63 1.032, 1.0563 -0.63 1.032, 1.0524 -0.6303 1.0296, 1.0563 -0.6303 1.0296, 1.0524 -0.63 1.027, 1.0563 -0.63 1.027, 1.0524 -0.6293 1.025, 1.0563 -0.6293 1.025, 1.0524 -0.6284 1.0236, 1.0563 -0.6284 1.0236, 1.0524 -0.6202 1.0185, 1.0563 -0.6202 1.0185, 1.0563 -0.6242 1.0203, 1.0524 -0.6273 1.0224, 1.0563 -0.6273 1.0224, 1.0524 -0.6273 1.0224, 1.0524 -0.6242 1.0203, 1.0524 -0.6158 1.0167, 1.0563 -0.6158 1.0167, 1.0524 -0.6132 1.0151, 1.0563 -0.6132 1.0151, 1.0524 -0.6123 1.0142, 1.0563 -0.6123 1.0142, 1.0524 -0.6118 1.0133, 1.0563 -0.6118 1.0133, 1.0524 -0.6115 1.0123, 1.0563 -0.6115 1.0123, 1.0524 -0.6115 1.0115, 1.0563 -0.6115 1.0115, 1.0524 -0.6116 1.0102, 1.0563 -0.6116 1.0102, 1.0524 -0.6119 1.0092, 1.0563 -0.6119 1.0092, 1.0524 -0.6125 1.0084, 1.0563 -0.6125 1.0084, 1.0524 -0.6133 1.0077, 1.0563 -0.6133 1.0077, 1.0524 -0.6139 1.0073, 1.0563 -0.6139 1.0073, 1.0524 -0.6156 1.0067, 1.0563 -0.6156 1.0067, 1.0524 -0.6191 1.0063, 1.0563 -0.6191 1.0063, 1.0563 -0.5715 1.0399, 1.0563 -0.5645 1.0399, 1.0524 -0.5715 1.0399, 1.0524 -0.5645 1.0399, 1.0563 -0.5819 1.0112, 1.0524 -0.5819 1.0112, 1.0524 -0.5824 1.0094, 1.0563 -0.5824 1.0094, 1.0524 -0.5827 1.0081, 1.0563 -0.5827 1.0081, 1.0563 -0.5829 1.0081, 1.0524 -0.5829 1.0081, 1.0563 -0.5837 1.0112, 1.0524 -0.5837 1.0112, 1.0563 -0.5936 1.0399, 1.0524 -0.5904 1.0306, 1.0524 -0.5936 1.0399, 1.0563 -0.6011 1.0399, 1.0524 -0.6011 1.0399, 1.0563 -0.5862 1.0018, 1.0524 -0.5904 1.0126, 1.0524 -0.5862 1.0018, 1.0524 -0.5891 0.9949, 1.0563 -0.5891 0.9949, 1.0524 -0.5864 1.0013, 1.0524 -0.5904 0.9925, 1.0563 -0.5904 0.9925, 1.0524 -0.5904 0.9925, 1.0524 -0.5917 0.9911, 1.0563 -0.5917 0.9911, 1.0524 -0.5928 0.9903, 1.0563 -0.5928 0.9903, 1.0524 -0.5942 0.9897, 1.0563 -0.5942 0.9897, 1.0524 -0.5959 0.9895, 1.0563 -0.5959 0.9895, 1.0524 -0.5984 0.9898, 1.0563 -0.5984 0.9898, 1.0524 -0.5997 0.9903, 1.0563 -0.5997 0.9903, 1.0563 -0.5997 0.9843, 1.0524 -0.5997 0.9843, 1.0524 -0.5969 0.9838, 1.0563 -0.5969 0.9838, 1.0524 -0.5954 0.9838, 1.0563 -0.5954 0.9838, 1.0524 -0.5927 0.9841, 1.0563 -0.5927 0.9841, 1.0524 -0.5904 0.985, 1.0563 -0.5901 0.9851, 1.0524 -0.5901 0.9851, 1.0524 -0.5878 0.9867, 1.0563 -0.5878 0.9867, 1.0524 -0.5873 0.9872, 1.0563 -0.5873 0.9872, 1.0524 -0.5848 0.9901, 1.0563 -0.5848 0.9901, 1.0524 -0.5818 0.996, 1.0563 -0.5818 0.996, 1.0524 -0.5797 1.0013, 1.0563 -0.5286 1.0078, 1.0563 -0.5286 1.0018, 1.0524 -0.5286 1.0078, 1.0524 -0.5286 1.0018, 1.0563 -0.5504 1.0078, 1.0524 -0.5404 1.0078, 1.0524 -0.5504 1.0078, 1.0563 -0.5504 1.0258, 1.0524 -0.5504 1.0258, 1.0563 -0.5313 1.0258, 1.0524 -0.5404 1.0258, 1.0524 -0.5313 1.0258, 1.0563 -0.5313 1.0319, 1.0524 -0.5313 1.0319, 1.0524 -0.5504 1.0319, 1.0563 -0.5504 1.0319, 1.0524 -0.5404 1.0319, 1.0563 -0.5504 1.049, 1.0524 -0.5504 1.049, 1.0524 -0.5298 1.049, 1.0563 -0.5298 1.049, 1.0524 -0.5404 1.049, 1.0563 -0.5298 1.0551, 1.0524 -0.5298 1.0551, 1.0524 -0.5573 1.0551, 1.0563 -0.5573 1.0551, 1.0524 -0.5404 1.0551, 1.0563 -0.5573 1.0018, 1.0524 -0.5573 1.0018, 1.0524 -0.5404 1.0018, 1.0563 -0.4831 1.0092, 1.0563 -0.4886 1.0128, 1.0563 -0.4887 1.0052, 1.0563 -0.4921 1.0104, 1.0563 -0.4948 1.0029, 1.0563 -0.4965 1.0087, 1.0563 -0.5038 1.0018, 1.0563 -0.5039 1.0078, 1.0563 -0.5185 1.0018, 1.0563 -0.5116 1.0078, 1.0563 -0.5185 1.0551, 1.0563 -0.5116 1.049, 1.0563 -0.5033 1.0551, 1.0563 -0.5036 1.049, 1.0563 -0.503 1.049, 1.0563 -0.4951 1.0542, 1.0563 -0.4961 1.0481, 1.0563 -0.4887 1.0519, 1.0563 -0.4916 1.0463, 1.0563 -0.4831 1.0481, 1.0563 -0.4882 1.044, 1.0563 -0.4812 1.0462, 1.0563 -0.4867 1.0425, 1.0563 -0.4779 1.0416, 1.0563 -0.4846 1.0395, 1.0563 -0.476 1.0365, 1.0563 -0.4831 1.0356, 1.0563 -0.4751 1.0291, 1.0563 -0.4823 1.0289, 1.0563 -0.4752 1.0257, 1.0563 -0.4825 1.0252, 1.0563 -0.4765 1.0195, 1.0563 -0.4836 1.0204, 1.0563 -0.4791 1.014, 1.0563 -0.4855 1.0165, 1.0563 -0.488 1.0134, 1.0524 -0.5038 1.0018, 1.0524 -0.5185 1.0018, 1.0524 -0.4948 1.0029, 1.0524 -0.4887 1.0052, 1.0524 -0.4831 1.0092, 1.0524 -0.4791 1.014, 1.0524 -0.4765 1.0195, 1.0524 -0.4752 1.0257, 1.0524 -0.4751 1.0291, 1.0524 -0.476 1.0365, 1.0524 -0.4779 1.0416, 1.0524 -0.4812 1.0462, 1.0524 -0.4831 1.0481, 1.0524 -0.4887 1.0519, 1.0524 -0.4951 1.0542, 1.0524 -0.5033 1.0551, 1.0524 -0.5185 1.0551, 1.0524 -0.5036 1.049, 1.0524 -0.5116 1.049, 1.0524 -0.5116 1.0078, 1.0524 -0.5039 1.0078, 1.0524 -0.488 1.0134, 1.0524 -0.4886 1.0128, 1.0524 -0.4921 1.0104, 1.0524 -0.4965 1.0087, 1.0524 -0.4823 1.0289, 1.0524 -0.4825 1.0252, 1.0524 -0.4836 1.0204, 1.0524 -0.4855 1.0165, 1.0524 -0.4882 1.044, 1.0524 -0.4867 1.0425, 1.0524 -0.4846 1.0395, 1.0524 -0.4831 1.0356, 1.0524 -0.503 1.049, 1.0524 -0.4961 1.0481, 1.0524 -0.4916 1.0463
            ]
        }
        coordIndex [
            0,1,2,-1,3,4,5,-1,3,5,6,-1,6,5,7,-1,6,7,2,-1,2,7,8,-1,2,8,0,-1,9,1,10,-1,10,1,0,-1,10,11,9,-1,9,11,12,-1,13,14,15,-1,15,14,12,-1,15,12,16,-1,16,12,11,-1,13,17,14,-1,14,17,18,-1,17,19,18,-1,18,19,20,-1,18,20,21,-1,21,20,22,-1,21,22,23,-1,23,22,24,-1,23,24,25,-1,25,24,26,-1,25,26,27,-1,27,26,28,-1,27,28,29,-1,29,28,30,-1,29,30,31,-1,31,30,32,-1,31,32,33,-1,33,32,34,-1,33,34,35,-1,35,34,36,-1,35,36,37,-1,37,36,38,-1,37,38,39,-1,39,38,40,-1,39,40,41,-1,41,40,42,-1,41,42,43,-1,43,42,44,-1,43,44,45,-1,45,44,46,-1,45,46,47,-1,47,46,48,-1,47,48,49,-1,49,48,50,-1,49,50,51,-1,51,50,52,-1,51,52,53,-1,53,52,54,-1,53,54,55,-1,55,54,56,-1,55,56,57,-1,57,56,58,-1,57,58,59,-1,59,58,60,-1,59,60,61,-1,61,60,62,-1,61,62,63,-1,63,62,64,-1,63,64,65,-1,65,64,66,-1,65,66,67,-1,67,66,68,-1,67,68,69,-1,69,68,70,-1,69,70,71,-1,71,70,72,-1,71,72,73,-1,73,72,74,-1,73,74,75,-1,76,75,77,-1,77,75,74,-1,76,77,78,-1,76,78,79,-1,79,78,80,-1,79,80,81,-1,81,80,82,-1,81,82,83,-1,83,82,84,-1,83,84,85,-1,85,84,86,-1,85,86,87,-1,86,88,87,-1,87,88,89,-1,88,90,89,-1,89,90,91,-1,89,91,92,-1,92,91,93,-1,92,93,94,-1,94,93,95,-1,94,95,96,-1,96,95,97,-1,96,97,98,-1,98,97,99,-1,98,99,100,-1,100,99,101,-1,100,101,102,-1,103,104,105,-1,102,101,106,-1,102,106,107,-1,107,106,108,-1,107,108,105,-1,105,108,109,-1,105,109,103,-1,104,103,110,-1,104,110,111,-1,111,110,112,-1,111,112,113,-1,113,112,114,-1,113,114,115,-1,115,114,116,-1,115,116,117,-1,117,116,118,-1,117,118,119,-1,119,118,120,-1,119,120,121,-1,121,120,122,-1,121,122,123,-1,123,122,124,-1,123,124,125,-1,125,124,126,-1,125,126,127,-1,127,126,128,-1,127,128,129,-1,129,128,130,-1,129,130,131,-1,131,130,132,-1,131,132,133,-1,133,132,134,-1,133,134,135,-1,135,134,4,-1,135,4,3,-1,61,63,85,-1,85,63,83,-1,111,43,104,-1,104,43,45,-1,21,23,127,-1,127,23,25,-1,127,25,125,-1,125,25,27,-1,125,27,123,-1,123,27,29,-1,123,29,121,-1,121,29,31,-1,121,31,119,-1,119,31,33,-1,119,33,117,-1,117,33,35,-1,117,35,115,-1,115,35,37,-1,115,37,113,-1,113,37,39,-1,113,39,111,-1,111,39,41,-1,111,41,43,-1,14,3,12,-1,12,3,6,-1,12,6,9,-1,9,6,2,-1,9,2,1,-1,63,65,83,-1,83,65,67,-1,83,67,81,-1,81,67,69,-1,81,69,79,-1,79,69,71,-1,79,71,76,-1,76,71,73,-1,76,73,75,-1,127,129,21,-1,21,129,131,-1,21,131,18,-1,18,131,133,-1,18,133,14,-1,14,133,135,-1,14,135,3,-1,85,87,61,-1,61,87,89,-1,61,89,59,-1,59,89,92,-1,59,92,57,-1,57,92,94,-1,57,94,55,-1,55,94,96,-1,55,96,53,-1,53,96,98,-1,53,98,51,-1,51,98,100,-1,51,100,49,-1,49,100,102,-1,49,102,47,-1,47,102,107,-1,47,107,45,-1,45,107,105,-1,45,105,104,-1,136,137,138,-1,138,137,139,-1,140,136,141,-1,141,136,138,-1,140,141,142,-1,140,142,143,-1,143,142,144,-1,143,144,145,-1,146,145,147,-1,147,145,144,-1,148,146,149,-1,149,146,147,-1,148,149,150,-1,150,149,151,-1,150,151,152,-1,153,150,154,-1,154,150,152,-1,153,154,155,-1,155,154,156,-1,155,156,157,-1,158,159,160,-1,160,159,155,-1,160,155,157,-1,158,161,159,-1,159,161,162,-1,161,163,162,-1,162,163,164,-1,162,164,165,-1,165,164,166,-1,165,166,167,-1,167,166,168,-1,167,168,169,-1,169,168,170,-1,169,170,171,-1,171,170,172,-1,171,172,173,-1,173,172,174,-1,173,174,175,-1,176,175,177,-1,177,175,174,-1,176,177,178,-1,176,178,179,-1,179,178,180,-1,179,180,181,-1,181,180,182,-1,181,182,183,-1,183,182,184,-1,183,184,185,-1,184,186,185,-1,185,186,187,-1,185,187,188,-1,188,187,189,-1,188,189,190,-1,190,189,191,-1,190,191,192,-1,192,191,193,-1,192,193,194,-1,139,137,195,-1,195,137,194,-1,195,194,193,-1,143,145,194,-1,137,136,194,-1,194,136,140,-1,194,140,143,-1,150,153,148,-1,148,153,155,-1,148,155,146,-1,175,176,173,-1,173,176,179,-1,173,179,171,-1,171,179,181,-1,171,181,169,-1,169,181,183,-1,169,183,167,-1,167,183,185,-1,167,185,165,-1,145,146,194,-1,194,146,155,-1,194,155,192,-1,155,159,192,-1,192,159,162,-1,192,162,190,-1,190,162,165,-1,190,165,188,-1,188,165,185,-1,196,197,198,-1,198,197,199,-1,196,198,200,-1,200,198,201,-1,200,201,202,-1,203,200,204,-1,204,200,202,-1,203,204,205,-1,205,204,206,-1,205,206,207,-1,208,205,209,-1,209,205,207,-1,210,211,212,-1,212,211,208,-1,212,208,209,-1,213,211,214,-1,214,211,210,-1,215,216,217,-1,217,216,213,-1,217,213,214,-1,218,216,219,-1,219,216,215,-1,220,221,222,-1,222,221,218,-1,222,218,219,-1,223,221,224,-1,224,221,220,-1,223,224,197,-1,197,224,225,-1,197,225,199,-1,223,197,196,-1,196,200,223,-1,223,200,203,-1,223,203,221,-1,216,218,213,-1,213,218,221,-1,213,221,211,-1,211,221,203,-1,211,203,208,-1,208,203,205,-1,226,227,228,-1,228,227,229,-1,228,229,230,-1,230,229,231,-1,230,231,232,-1,232,231,233,-1,232,233,234,-1,234,233,235,-1,234,235,236,-1,236,235,237,-1,236,237,238,-1,237,239,238,-1,238,239,240,-1,238,240,241,-1,241,240,242,-1,241,242,243,-1,243,242,244,-1,243,244,245,-1,245,244,246,-1,245,246,247,-1,247,246,248,-1,247,248,249,-1,249,248,250,-1,249,250,251,-1,251,250,252,-1,251,252,253,-1,253,252,254,-1,253,254,255,-1,255,254,256,-1,255,256,257,-1,257,256,258,-1,257,258,259,-1,259,258,260,-1,259,260,226,-1,226,260,261,-1,226,261,227,-1,232,234,262,-1,262,234,263,-1,232,262,264,-1,232,264,230,-1,230,264,265,-1,230,265,228,-1,228,265,266,-1,228,266,226,-1,226,266,267,-1,226,267,259,-1,259,267,268,-1,259,268,257,-1,257,268,269,-1,257,269,255,-1,255,269,270,-1,255,270,253,-1,253,270,271,-1,253,271,251,-1,251,271,272,-1,251,272,249,-1,249,272,273,-1,249,273,247,-1,247,273,274,-1,247,274,245,-1,245,274,275,-1,245,275,243,-1,243,275,276,-1,243,276,241,-1,241,276,277,-1,241,277,238,-1,236,238,278,-1,278,238,277,-1,234,236,263,-1,263,236,278,-1,239,237,279,-1,279,237,280,-1,237,235,280,-1,280,235,281,-1,235,233,281,-1,281,233,282,-1,261,283,284,-1,261,284,227,-1,227,284,285,-1,227,285,229,-1,229,285,286,-1,229,286,231,-1,231,286,282,-1,231,282,233,-1,254,287,288,-1,254,288,256,-1,256,288,289,-1,256,289,258,-1,258,289,290,-1,258,290,260,-1,260,290,283,-1,260,283,261,-1,246,291,292,-1,246,292,248,-1,248,292,293,-1,248,293,250,-1,250,293,294,-1,250,294,252,-1,252,294,287,-1,252,287,254,-1,239,279,295,-1,239,295,240,-1,240,295,296,-1,240,296,242,-1,242,296,297,-1,242,297,244,-1,244,297,291,-1,244,291,246,-1,
        ]
    }
}
Shape{
    appearance Appearance {
        material  Material 	{
            diffuseColor 1.0 0.9764705882352941 0.9058823529411765
            specularColor 0.5019607843137255 0.48627450980392156 0.45098039215686275
            ambientIntensity 0.9755
            transparency 0.0
            shininess 0.5
        }
    }
    geometry IndexedFaceSet {
        ccw TRUE
        solid FALSE
        coord DEF co Coordinate {
            point [
                1.0524 -0.4921 1.0104, 1.0524 -0.4886 1.0128, 1.0524 -0.503 1.049, 1.0524 -0.5116 1.049, 1.0524 -0.5116 1.0078, 1.0524 -0.5036 1.049, 1.0524 -0.5039 1.0078, 1.0524 -0.4965 1.0087, 1.0524 -0.488 1.0134, 1.0524 -0.4855 1.0165, 1.0524 -0.4836 1.0204, 1.0524 -0.4823 1.0289, 1.0524 -0.4882 1.044, 1.0524 -0.4916 1.0463, 1.0524 -0.4831 1.0356, 1.0524 -0.4846 1.0395, 1.0524 -0.4867 1.0425, 1.0524 -0.4825 1.0252, 1.0524 -0.4961 1.0481
            ]
        }
        coordIndex [
            0,1,2,-1,3,4,5,-1,5,4,6,-1,5,6,2,-1,2,6,7,-1,2,7,0,-1,1,8,2,-1,2,8,9,-1,2,9,10,-1,11,12,13,-1,14,15,11,-1,11,15,16,-1,11,16,12,-1,10,17,2,-1,2,17,11,-1,2,11,18,-1,18,11,13,-1,
        ]
    }
}
Shape{
    appearance Appearance {
        material  Material 	{
            diffuseColor 0.0 0.0 0.0
            specularColor 0.0 0.0 0.0
            ambientIntensity 0.0
            transparency 0.0
            shininess 0.5
        }
    }
    geometry IndexedFaceSet {
        ccw TRUE
        solid FALSE
        coord DEF co Coordinate {
            point [
                1.0563 -0.4572 1.0224, 1.0563 -0.4594 1.0164, 1.0563 -0.4393 1.0224, 1.0563 -0.4371 1.0164, 1.0563 -0.4492 1.0446, 1.0563 -0.4518 1.0551, 1.0563 -0.4721 1.0018, 1.0563 -0.4645 1.0018, 1.0563 -0.4487 1.0462, 1.0563 -0.4483 1.0483, 1.0563 -0.4444 1.0551, 1.0563 -0.4482 1.0483, 1.0563 -0.4477 1.0461, 1.0563 -0.4473 1.0446, 1.0563 -0.4241 1.0018, 1.0563 -0.4317 1.0018, 1.0524 -0.4444 1.0551, 1.0524 -0.4241 1.0018, 1.0524 -0.4518 1.0551, 1.0524 -0.4721 1.0018, 1.0524 -0.4645 1.0018, 1.0524 -0.4594 1.0164, 1.0524 -0.4371 1.0164, 1.0524 -0.4317 1.0018, 1.0524 -0.4572 1.0224, 1.0524 -0.4393 1.0224, 1.0524 -0.4473 1.0446, 1.0524 -0.4482 1.0483, 1.0524 -0.4477 1.0461, 1.0524 -0.4483 1.0483, 1.0524 -0.4492 1.0446, 1.0524 -0.4487 1.0462
            ]
        }
        coordIndex [
            0,1,2,-1,2,1,3,-1,4,5,0,-1,0,5,6,-1,0,6,1,-1,1,6,7,-1,4,8,5,-1,5,8,9,-1,5,9,10,-1,10,9,11,-1,10,11,12,-1,12,13,10,-1,10,13,2,-1,10,2,14,-1,14,2,3,-1,14,3,15,-1,10,14,16,-1,16,14,17,-1,5,10,18,-1,18,10,16,-1,6,5,19,-1,19,5,18,-1,7,6,20,-1,20,6,19,-1,1,7,21,-1,21,7,20,-1,3,1,22,-1,22,1,21,-1,15,3,23,-1,23,3,22,-1,14,15,17,-1,17,15,23,-1,0,2,24,-1,24,2,25,-1,2,13,25,-1,25,13,26,-1,11,27,28,-1,11,28,12,-1,12,28,26,-1,12,26,13,-1,11,9,27,-1,27,9,29,-1,4,30,31,-1,4,31,8,-1,8,31,29,-1,8,29,9,-1,4,0,30,-1,30,0,24,-1,
        ]
    }
}
Shape{
    appearance Appearance {
        material  Material 	{
            diffuseColor 1.0 0.9764705882352941 0.9058823529411765
            specularColor 0.5019607843137255 0.48627450980392156 0.45098039215686275
            ambientIntensity 0.9755
            transparency 0.0
            shininess 0.5
        }
    }
    geometry IndexedFaceSet {
        ccw TRUE
        solid FALSE
        coord DEF co Coordinate {
            point [
                1.0524 -0.4482 1.0483, 1.0524 -0.4483 1.0483, 1.0524 -0.4477 1.0461, 1.0524 -0.4487 1.0462, 1.0524 -0.4473 1.0446, 1.0524 -0.4492 1.0446, 1.0524 -0.4393 1.0224, 1.0524 -0.4572 1.0224
            ]
        }
        coordIndex [
            0,1,2,-1,2,1,3,-1,2,3,4,-1,4,3,5,-1,4,5,6,-1,6,5,7,-1,
        ]
    }
}
Shape{
    appearance Appearance {
        material  Material 	{
            diffuseColor 0.0 0.0 0.0
            specularColor 0.0 0.0 0.0
            ambientIntensity 0.0
            transparency 0.0
            shininess 0.5
        }
    }
    geometry IndexedFaceSet {
        ccw TRUE
        solid FALSE
        coord DEF co Coordinate {
            point [
                1.0563 -0.9409 0.9942, 1.0563 -0.9352 0.9872, 1.0563 -0.9443 1.0278, 1.0563 -0.9509 1.0937, 1.0563 -0.9424 1.0982, 1.0563 -0.9445 1.1215, 1.0563 -0.8776 0.9927, 1.0563 -0.8731 1.0012, 1.0563 -0.8709 1.0105, 1.0563 -0.9208 1.1226, 1.0563 -0.909 1.0949, 1.0563 -0.9032 1.1069, 1.0563 -0.9526 1.0328, 1.0563 -0.9495 1.0038, 1.0563 -0.9447 1.0023, 1.0563 -0.9295 1.1234, 1.0563 -0.8176 1.0464, 1.0563 -0.8293 1.0665, 1.0563 -0.8707 1.0183, 1.0563 -0.8802 1.0399, 1.0563 -0.8707 1.0145, 1.0563 -0.891 0.9809, 1.0563 -0.8834 0.9862, 1.0563 -0.9189 1.0031, 1.0563 -0.9159 1.001, 1.0563 -0.9278 0.9816, 1.0563 -0.9124 0.9997, 1.0563 -0.8954 1.0199, 1.0563 -0.8944 1.0164, 1.0563 -0.8943 1.0128, 1.0563 -0.8951 1.0091, 1.0563 -0.8968 1.0058, 1.0563 -0.805 1.0839, 1.0563 -0.802 1.0839, 1.0563 -0.7864 1.1044, 1.0563 -0.7948 1.083, 1.0563 -0.7846 1.1038, 1.0563 -0.7882 1.0805, 1.0563 -0.7733 1.0982, 1.0563 -0.763 1.0895, 1.0563 -0.913 1.1317, 1.0563 -0.8947 1.1171, 1.0563 -0.9041 1.1393, 1.0563 -0.8845 1.1245, 1.0563 -0.8931 1.146, 1.0563 -0.9331 1.1004, 1.0563 -0.9291 1.1006, 1.0563 -0.9252 1.1232, 1.0563 -0.9203 1.0995, 1.0563 -0.9117 1.0964, 1.0563 -0.9237 1.0125, 1.0563 -0.9229 1.009, 1.0563 -0.9213 1.0059, 1.0563 -0.9191 0.9779, 1.0563 -0.9101 0.9765, 1.0563 -0.909 0.9993, 1.0563 -0.9086 0.9765, 1.0563 -0.9054 0.9997, 1.0563 -0.8995 0.9776, 1.0563 -0.9021 1.001, 1.0563 -0.8992 1.003, 1.0563 -0.7629 1.0186, 1.0563 -0.7806 1.0337, 1.0563 -0.7732 1.0099, 1.0563 -0.7862 1.0291, 1.0563 -0.7848 1.0042, 1.0563 -0.7929 1.026, 1.0563 -0.7974 1.0016, 1.0563 -0.7997 1.0247, 1.0563 -0.8198 1.0016, 1.0563 -0.8168 1.0247, 1.0563 -0.822 1.0019, 1.0563 -0.7823 1.0764, 1.0563 -0.7779 1.0715, 1.0563 -0.7552 1.0787, 1.0563 -0.7744 1.0649, 1.0563 -0.7506 1.0671, 1.0563 -0.7726 1.0576, 1.0563 -0.7489 1.0547, 1.0563 -0.7724 1.0543, 1.0563 -0.7506 1.0411, 1.0563 -0.7733 1.0469, 1.0563 -0.7554 1.0291, 1.0563 -0.7759 1.0402, 1.0563 -0.7801 1.0342, 1.0563 -0.8069 1.1344, 1.0563 -0.8218 1.1169, 1.0563 -0.7937 1.1188, 1.0563 -0.8132 1.1067, 1.0563 -0.8074 1.0945, 1.0563 -0.966 1.0719, 1.0563 -0.9909 1.0656, 1.0563 -0.9671 1.0627, 1.0563 -0.991 1.0619, 1.0563 -0.9666 1.0568, 1.0563 -0.9892 1.0471, 1.0563 -0.9639 1.0475, 1.0563 -0.9837 1.0329, 1.0563 -0.9594 1.0398, 1.0563 -0.9751 1.0205, 1.0563 -0.9633 1.0105, 1.0563 -0.9237 1.0162, 1.0563 -0.9227 1.0198, 1.0563 -0.9401 1.0359, 1.0563 -0.9208 1.023, 1.0563 -0.9338 1.0431, 1.0563 -0.9189 1.0251, 1.0563 -0.9261 1.0485, 1.0563 -0.9159 1.0272, 1.0563 -0.9177 1.0517, 1.0563 -0.9126 1.0285, 1.0563 -0.9086 1.0528, 1.0563 -0.909 1.0289, 1.0563 -0.904 1.0525, 1.0563 -0.9064 1.0287, 1.0563 -0.8949 1.0503, 1.0563 -0.9028 1.0275, 1.0563 -0.8868 1.0459, 1.0563 -0.8997 1.0256, 1.0563 -0.8972 1.0229, 1.0563 -0.8755 1.1523, 1.0563 -0.8721 1.1296, 1.0563 -0.8585 1.1541, 1.0563 -0.8582 1.1314, 1.0563 -0.8404 1.1519, 1.0563 -0.8453 1.1298, 1.0563 -0.8215 1.1446, 1.0563 -0.8334 1.1252, 1.0563 -0.8227 1.1178, 1.0563 -0.9585 1.1161, 1.0563 -0.9706 1.1076, 1.0563 -0.9574 1.0879, 1.0563 -0.9732 1.1052, 1.0563 -0.9627 1.0803, 1.0563 -0.9823 1.0935, 1.0563 -0.9883 1.0798, 1.0563 -0.8187 1.0251, 1.0563 -0.8278 1.0055, 1.0563 -0.8269 1.0046, 1.0563 -0.8176 1.0248, 1.0563 -0.8245 1.0029, 1.0563 -0.8308 1.0133, 1.0563 -0.8305 1.0105, 1.0563 -0.8295 1.0079, 1.0563 -0.822 1.0247, 1.0563 -0.8246 1.0237, 1.0563 -0.8307 1.0148, 1.0563 -0.827 1.022, 1.0563 -0.8285 1.0203, 1.0563 -0.83 1.0177, 1.0563 -0.8191 1.0251, 1.0524 -0.7605 1.086, 1.0524 -0.7552 1.0787, 1.0524 -0.7519 1.0703, 1.0524 -0.7506 1.0671, 1.0524 -0.7489 1.0547, 1.0524 -0.763 1.0895, 1.0524 -0.7733 1.0982, 1.0524 -0.7846 1.1038, 1.0524 -0.7864 1.1044, 1.0524 -0.7937 1.1188, 1.0524 -0.8069 1.1344, 1.0524 -0.8154 1.1403, 1.0524 -0.8215 1.1446, 1.0524 -0.8404 1.1519, 1.0524 -0.8585 1.1541, 1.0524 -0.9041 1.1393, 1.0524 -0.9025 1.1403, 1.0524 -0.8931 1.146, 1.0524 -0.8755 1.1523, 1.0524 -0.913 1.1317, 1.0524 -0.9208 1.1226, 1.0524 -0.9252 1.1232, 1.0524 -0.9295 1.1234, 1.0524 -0.9445 1.1215, 1.0524 -0.9585 1.1161, 1.0524 -0.9706 1.1076, 1.0524 -0.9732 1.1052, 1.0524 -0.9823 1.0935, 1.0524 -0.9856 1.086, 1.0524 -0.9883 1.0798, 1.0524 -0.99 1.0703, 1.0524 -0.9909 1.0656, 1.0524 -0.991 1.0619, 1.0524 -0.9892 1.0471, 1.0524 -0.9837 1.0329, 1.0524 -0.9751 1.0205, 1.0524 -0.9633 1.0105, 1.0524 -0.9495 1.0038, 1.0524 -0.9447 1.0023, 1.0524 -0.9442 1.0013, 1.0524 -0.9409 0.9942, 1.0524 -0.9352 0.9872, 1.0524 -0.9278 0.9816, 1.0524 -0.9243 0.9802, 1.0524 -0.9191 0.9779, 1.0524 -0.9101 0.9765, 1.0524 -0.9086 0.9765, 1.0524 -0.8707 1.0145, 1.0524 -0.8995 0.9776, 1.0524 -0.8929 0.9802, 1.0524 -0.891 0.9809, 1.0524 -0.8834 0.9862, 1.0524 -0.8776 0.9927, 1.0524 -0.8731 1.0012, 1.0524 -0.8731 1.0013, 1.0524 -0.8709 1.0105, 1.0524 -0.8707 1.0183, 1.0524 -0.8176 1.0464, 1.0524 -0.8293 1.0665, 1.0524 -0.8802 1.0399, 1.0524 -0.8868 1.0459, 1.0524 -0.8949 1.0503, 1.0524 -0.904 1.0525, 1.0524 -0.9086 1.0528, 1.0524 -0.9177 1.0517, 1.0524 -0.9261 1.0485, 1.0524 -0.9338 1.0431, 1.0524 -0.9401 1.0359, 1.0524 -0.9443 1.0278, 1.0524 -0.9526 1.0328, 1.0524 -0.9594 1.0398, 1.0524 -0.9639 1.0475, 1.0524 -0.9666 1.0568, 1.0524 -0.9671 1.0627, 1.0524 -0.9661 1.0703, 1.0524 -0.966 1.0719, 1.0524 -0.9627 1.0803, 1.0524 -0.9588 1.086, 1.0524 -0.9574 1.0879, 1.0524 -0.9509 1.0937, 1.0524 -0.9424 1.0982, 1.0524 -0.9331 1.1004, 1.0524 -0.9291 1.1006, 1.0524 -0.9203 1.0995, 1.0524 -0.9117 1.0964, 1.0524 -0.909 1.0949, 1.0524 -0.9032 1.1069, 1.0524 -0.8947 1.1171, 1.0524 -0.8845 1.1245, 1.0524 -0.8721 1.1296, 1.0524 -0.8582 1.1314, 1.0524 -0.805 1.0839, 1.0524 -0.8055 1.086, 1.0524 -0.8074 1.0945, 1.0524 -0.8132 1.1067, 1.0524 -0.8218 1.1169, 1.0524 -0.8227 1.1178, 1.0524 -0.8334 1.1252, 1.0524 -0.8453 1.1298, 1.0524 -0.802 1.0839, 1.0524 -0.7948 1.083, 1.0524 -0.7882 1.0805, 1.0524 -0.7823 1.0764, 1.0524 -0.7779 1.0715, 1.0524 -0.7773 1.0703, 1.0524 -0.7744 1.0649, 1.0524 -0.7726 1.0576, 1.0524 -0.7724 1.0543, 1.0524 -0.7733 1.0469, 1.0524 -0.7759 1.0402, 1.0524 -0.7801 1.0342, 1.0524 -0.7806 1.0337, 1.0524 -0.7862 1.0291, 1.0524 -0.7929 1.026, 1.0524 -0.7997 1.0247, 1.0524 -0.8168 1.0247, 1.0524 -0.8176 1.0248, 1.0524 -0.8187 1.0251, 1.0524 -0.8191 1.0251, 1.0524 -0.822 1.0247, 1.0524 -0.8246 1.0237, 1.0524 -0.827 1.022, 1.0524 -0.8285 1.0203, 1.0524 -0.83 1.0177, 1.0524 -0.8307 1.0148, 1.0524 -0.8308 1.0133, 1.0524 -0.8305 1.0105, 1.0524 -0.8295 1.0079, 1.0524 -0.8278 1.0055, 1.0524 -0.8269 1.0046, 1.0524 -0.8245 1.0029, 1.0524 -0.822 1.0019, 1.0524 -0.8198 1.0016, 1.0524 -0.7974 1.0016, 1.0524 -0.7848 1.0042, 1.0524 -0.7732 1.0099, 1.0524 -0.7629 1.0186, 1.0524 -0.7554 1.0291, 1.0524 -0.7506 1.0411, 1.0524 -0.909 1.0289, 1.0524 -0.9064 1.0287, 1.0524 -0.9028 1.0275, 1.0524 -0.8997 1.0256, 1.0524 -0.8972 1.0229, 1.0524 -0.8954 1.0199, 1.0524 -0.8944 1.0164, 1.0524 -0.8943 1.0128, 1.0524 -0.8951 1.0091, 1.0524 -0.8968 1.0058, 1.0524 -0.8992 1.003, 1.0524 -0.9021 1.001, 1.0524 -0.9054 0.9997, 1.0524 -0.909 0.9993, 1.0524 -0.9124 0.9997, 1.0524 -0.9159 1.001, 1.0524 -0.9189 1.0031, 1.0524 -0.9213 1.0059, 1.0524 -0.9229 1.009, 1.0524 -0.9237 1.0125, 1.0524 -0.9237 1.0162, 1.0524 -0.9227 1.0198, 1.0524 -0.9208 1.023, 1.0524 -0.9189 1.0251, 1.0524 -0.9159 1.0272, 1.0524 -0.9126 1.0285
            ]
        }
        coordIndex [
            0,1,2,-1,3,4,5,-1,6,7,8,-1,9,10,11,-1,12,13,2,-1,2,13,14,-1,2,14,0,-1,5,4,15,-1,16,17,18,-1,18,17,19,-1,18,19,20,-1,20,19,21,-1,20,21,8,-1,8,21,22,-1,8,22,6,-1,23,1,24,-1,24,1,25,-1,24,25,26,-1,27,28,19,-1,19,28,29,-1,19,29,21,-1,21,29,30,-1,21,30,31,-1,32,33,34,-1,34,33,35,-1,34,35,36,-1,36,35,37,-1,36,37,38,-1,38,37,39,-1,9,11,40,-1,40,11,41,-1,40,41,42,-1,42,41,43,-1,42,43,44,-1,4,45,15,-1,15,45,46,-1,15,46,47,-1,47,46,48,-1,47,48,9,-1,9,48,49,-1,9,49,10,-1,50,2,51,-1,51,2,1,-1,51,1,52,-1,52,1,23,-1,25,53,26,-1,26,53,54,-1,26,54,55,-1,55,54,56,-1,55,56,57,-1,57,56,58,-1,57,58,59,-1,59,58,21,-1,59,21,60,-1,60,21,31,-1,61,62,63,-1,63,62,64,-1,63,64,65,-1,65,64,66,-1,65,66,67,-1,67,66,68,-1,67,68,69,-1,69,68,70,-1,69,70,71,-1,37,72,39,-1,39,72,73,-1,39,73,74,-1,74,73,75,-1,74,75,76,-1,76,75,77,-1,76,77,78,-1,78,77,79,-1,78,79,80,-1,80,79,81,-1,80,81,82,-1,82,81,83,-1,82,83,61,-1,61,83,84,-1,61,84,62,-1,85,86,87,-1,87,86,88,-1,87,88,34,-1,34,88,89,-1,34,89,32,-1,90,91,92,-1,92,91,93,-1,92,93,94,-1,94,93,95,-1,94,95,96,-1,96,95,97,-1,96,97,98,-1,98,97,99,-1,98,99,12,-1,12,99,100,-1,12,100,13,-1,50,101,2,-1,2,101,102,-1,2,102,103,-1,103,102,104,-1,103,104,105,-1,105,104,106,-1,105,106,107,-1,107,106,108,-1,107,108,109,-1,109,108,110,-1,109,110,111,-1,111,110,112,-1,111,112,113,-1,113,112,114,-1,113,114,115,-1,115,114,116,-1,115,116,117,-1,117,116,118,-1,117,118,19,-1,19,118,119,-1,19,119,27,-1,44,43,120,-1,120,43,121,-1,120,121,122,-1,122,121,123,-1,122,123,124,-1,124,123,125,-1,124,125,126,-1,126,125,127,-1,126,127,85,-1,85,127,128,-1,85,128,86,-1,5,129,3,-1,3,129,130,-1,3,130,131,-1,131,130,132,-1,131,132,133,-1,133,132,134,-1,133,134,90,-1,90,134,135,-1,90,135,91,-1,136,137,138,-1,70,139,71,-1,71,139,136,-1,71,136,140,-1,140,136,138,-1,141,142,136,-1,136,142,143,-1,136,143,137,-1,144,145,146,-1,145,147,146,-1,146,147,148,-1,146,148,149,-1,141,136,146,-1,146,136,150,-1,146,150,144,-1,151,39,152,-1,152,39,74,-1,152,74,153,-1,153,74,76,-1,153,76,154,-1,154,76,78,-1,154,78,155,-1,151,156,39,-1,39,156,157,-1,39,157,38,-1,38,157,158,-1,38,158,36,-1,36,158,159,-1,36,159,34,-1,34,159,160,-1,34,160,87,-1,87,160,161,-1,87,161,85,-1,85,161,126,-1,126,161,162,-1,162,163,126,-1,126,163,164,-1,126,164,124,-1,124,164,165,-1,124,165,122,-1,166,42,167,-1,167,42,44,-1,167,44,168,-1,168,44,120,-1,168,120,169,-1,169,120,122,-1,169,122,165,-1,42,166,170,-1,42,170,40,-1,40,170,171,-1,40,171,9,-1,9,171,172,-1,9,172,47,-1,47,172,173,-1,47,173,15,-1,15,173,174,-1,15,174,5,-1,5,174,175,-1,5,175,129,-1,129,175,176,-1,129,176,130,-1,130,176,177,-1,130,177,132,-1,135,134,178,-1,178,134,132,-1,178,132,177,-1,178,179,135,-1,135,179,180,-1,135,180,91,-1,91,180,181,-1,181,182,91,-1,91,182,183,-1,91,183,93,-1,93,183,184,-1,93,184,95,-1,95,184,185,-1,95,185,97,-1,97,185,186,-1,97,186,99,-1,99,186,187,-1,99,187,100,-1,100,187,188,-1,100,188,13,-1,13,188,189,-1,13,189,14,-1,14,189,190,-1,14,190,0,-1,190,191,0,-1,0,191,192,-1,0,192,1,-1,1,192,193,-1,1,193,25,-1,25,193,194,-1,25,194,53,-1,194,195,53,-1,53,195,196,-1,53,196,54,-1,54,196,197,-1,54,197,56,-1,198,20,8,-1,56,197,199,-1,56,199,58,-1,58,199,200,-1,58,200,21,-1,200,201,21,-1,21,201,202,-1,21,202,22,-1,22,202,203,-1,22,203,6,-1,6,203,204,-1,6,204,7,-1,7,204,205,-1,7,205,8,-1,8,205,206,-1,8,206,198,-1,18,20,207,-1,207,20,198,-1,16,18,208,-1,208,18,207,-1,17,16,209,-1,209,16,208,-1,19,17,210,-1,210,17,209,-1,19,210,211,-1,19,211,117,-1,117,211,212,-1,117,212,115,-1,115,212,213,-1,115,213,113,-1,113,213,214,-1,113,214,111,-1,111,214,215,-1,111,215,109,-1,109,215,216,-1,109,216,107,-1,107,216,217,-1,107,217,105,-1,105,217,218,-1,105,218,103,-1,103,218,219,-1,103,219,2,-1,2,219,220,-1,2,220,12,-1,12,220,221,-1,12,221,98,-1,98,221,222,-1,98,222,96,-1,96,222,223,-1,96,223,94,-1,94,223,224,-1,94,224,92,-1,92,224,225,-1,92,225,90,-1,90,225,226,-1,90,226,227,-1,228,131,227,-1,227,131,133,-1,227,133,90,-1,228,229,131,-1,131,229,230,-1,131,230,3,-1,3,230,231,-1,3,231,4,-1,4,231,232,-1,4,232,45,-1,45,232,233,-1,45,233,46,-1,46,233,234,-1,46,234,48,-1,48,234,235,-1,48,235,49,-1,49,235,236,-1,49,236,10,-1,10,236,237,-1,10,237,11,-1,11,237,238,-1,11,238,41,-1,41,238,239,-1,41,239,43,-1,43,239,240,-1,43,240,121,-1,121,240,241,-1,121,241,123,-1,242,32,243,-1,243,32,89,-1,243,89,244,-1,244,89,88,-1,244,88,245,-1,245,88,86,-1,245,86,246,-1,246,86,128,-1,246,128,247,-1,247,128,127,-1,247,127,248,-1,248,127,125,-1,248,125,249,-1,249,125,123,-1,249,123,241,-1,33,32,250,-1,250,32,242,-1,33,250,251,-1,33,251,35,-1,35,251,252,-1,35,252,37,-1,37,252,253,-1,37,253,72,-1,72,253,254,-1,72,254,73,-1,73,254,255,-1,73,255,75,-1,255,256,75,-1,75,256,257,-1,75,257,77,-1,77,257,258,-1,77,258,79,-1,79,258,259,-1,79,259,81,-1,81,259,260,-1,81,260,83,-1,83,260,261,-1,83,261,84,-1,84,261,262,-1,84,262,62,-1,62,262,263,-1,62,263,64,-1,64,263,264,-1,64,264,66,-1,66,264,265,-1,66,265,68,-1,70,68,266,-1,266,68,265,-1,70,266,267,-1,70,267,139,-1,139,267,268,-1,139,268,136,-1,136,268,269,-1,136,269,150,-1,150,269,270,-1,150,270,144,-1,144,270,271,-1,144,271,145,-1,145,271,272,-1,145,272,147,-1,147,272,273,-1,147,273,148,-1,148,273,274,-1,148,274,149,-1,149,274,275,-1,149,275,146,-1,146,275,276,-1,146,276,141,-1,141,276,277,-1,141,277,142,-1,142,277,278,-1,142,278,143,-1,143,278,279,-1,143,279,137,-1,137,279,280,-1,137,280,138,-1,138,280,281,-1,138,281,140,-1,140,281,282,-1,140,282,71,-1,71,282,283,-1,71,283,69,-1,67,69,284,-1,284,69,283,-1,67,284,285,-1,67,285,65,-1,65,285,286,-1,65,286,63,-1,63,286,287,-1,63,287,61,-1,61,287,288,-1,61,288,82,-1,82,288,289,-1,82,289,80,-1,80,289,155,-1,80,155,78,-1,112,290,291,-1,112,291,114,-1,114,291,292,-1,114,292,116,-1,116,292,293,-1,116,293,118,-1,118,293,294,-1,118,294,119,-1,119,294,295,-1,119,295,27,-1,27,295,296,-1,27,296,28,-1,28,296,297,-1,28,297,29,-1,29,297,298,-1,29,298,30,-1,30,298,299,-1,30,299,31,-1,31,299,300,-1,31,300,60,-1,60,300,301,-1,60,301,59,-1,59,301,302,-1,59,302,57,-1,57,302,303,-1,57,303,55,-1,55,303,304,-1,55,304,26,-1,26,304,305,-1,26,305,24,-1,24,305,306,-1,24,306,23,-1,23,306,307,-1,23,307,52,-1,52,307,308,-1,52,308,51,-1,51,308,309,-1,51,309,50,-1,50,309,310,-1,50,310,101,-1,101,310,311,-1,101,311,102,-1,102,311,312,-1,102,312,104,-1,104,312,313,-1,104,313,106,-1,106,313,314,-1,106,314,108,-1,108,314,315,-1,108,315,110,-1,110,315,290,-1,110,290,112,-1,
        ]
    }
}
Shape{
    appearance Appearance {
        material  Material 	{
            diffuseColor 1.0 0.9764705882352941 0.9058823529411765
            specularColor 0.5019607843137255 0.48627450980392156 0.45098039215686275
            ambientIntensity 0.9755
            transparency 0.0
            shininess 0.5
        }
    }
    geometry IndexedFaceSet {
        ccw TRUE
        solid FALSE
        coord DEF co Coordinate {
            point [
                1.0524 -0.909 0.9993, 1.0524 -0.9189 1.0251, 1.0524 -0.9208 1.023, 1.0524 -0.909 1.0289, 1.0524 -0.9064 1.0287, 1.0524 -0.9054 0.9997, 1.0524 -0.9126 1.0285, 1.0524 -0.9159 1.0272, 1.0524 -0.8992 1.003, 1.0524 -0.8972 1.0229, 1.0524 -0.8997 1.0256, 1.0524 -0.9229 1.009, 1.0524 -0.9213 1.0059, 1.0524 -0.9189 1.0031, 1.0524 -0.9021 1.001, 1.0524 -0.9028 1.0275, 1.0524 -0.9159 1.001, 1.0524 -0.9124 0.9997, 1.0524 -0.9227 1.0198, 1.0524 -0.9237 1.0162, 1.0524 -0.9237 1.0125, 1.0524 -0.8951 1.0091, 1.0524 -0.8943 1.0128, 1.0524 -0.8968 1.0058, 1.0524 -0.8944 1.0164, 1.0524 -0.8954 1.0199
            ]
        }
        coordIndex [
            0,1,2,-1,3,0,4,-1,4,0,5,-1,3,6,0,-1,0,6,7,-1,0,7,1,-1,8,9,10,-1,11,12,2,-1,2,12,13,-1,5,14,4,-1,4,14,8,-1,4,8,15,-1,15,8,10,-1,13,16,2,-1,2,16,17,-1,2,17,0,-1,18,19,2,-1,2,19,20,-1,2,20,11,-1,21,22,23,-1,23,22,24,-1,23,24,8,-1,8,24,25,-1,8,25,9,-1,
        ]
    }
}
Shape{
    appearance Appearance {
        material  Material 	{
            diffuseColor 0.7529411764705882 0.7529411764705882 0.7529411764705882
            specularColor 0.3764705882352941 0.3764705882352941 0.3764705882352941
            ambientIntensity 0.7529
            transparency 0.0
            shininess 0.5
        }
    }
    geometry IndexedFaceSet {
        ccw TRUE
        solid FALSE
        coord DEF co Coordinate {
            point [
                -0.8768 0.3046 0.9591, -0.8768 0.3046 0.2705, -0.7783 0.3046 0.9591, -0.7783 0.3046 0.2705, -0.8768 0.347 0.9591, -0.7783 0.347 0.9591, -0.8768 0.347 1.0394, -0.7783 0.347 1.0394, -0.8768 0.4258 1.1181, -0.7783 0.4258 1.1181, -0.8768 0.605 1.1181, -0.7783 0.605 1.1181, -0.7783 0.6408 1.0951, -0.7783 0.6559 1.0619, -0.8768 0.6408 1.0951, -0.8768 0.6559 1.0619, -0.7783 0.6594 1.0456, -0.7783 0.6594 0.5879, -0.8768 0.6594 1.0456, -0.8768 0.6594 0.5879, -0.7783 0.6386 0.5531, -0.7783 0.6201 0.5433, -0.8768 0.6386 0.5531, -0.8768 0.6201 0.5433, -0.8768 0.6201 0.0551, -0.7783 0.6201 0.0551, -0.8768 -0.319 0.0551, -0.7783 -0.319 0.0551, -0.8768 -0.4705 0.0, -0.7783 -0.4705 0.0, -0.8768 -1.0172 0.0, -0.7783 -1.0172 0.0, -0.8768 -1.0531 0.1215, -0.8768 -1.0531 0.036, -0.7783 -1.0531 0.1215, -0.7783 -1.0531 0.036, -0.7783 -1.0416 0.1493, -0.7783 -0.9405 0.2504, -0.8768 -1.0416 0.1493, -0.8768 -0.9405 0.2504, -0.7783 0.0689 0.2705, -0.8768 0.0689 0.2705, -0.8768 0.0689 0.2504, -0.8768 -1.052 0.0266, -0.8768 0.6586 1.0539, -0.8768 -1.0354 0.0045, -0.8768 -1.0433 0.0099, -0.8768 -1.0486 0.0177, -0.8768 -1.0518 0.1317, -0.8768 -1.0479 0.1412, -0.8768 0.6585 0.5795, -0.8768 0.6456 0.5579, -0.8768 -1.0266 0.0011, -0.8768 0.6558 0.5714, -0.8768 0.6514 0.5641, -0.8768 0.6139 1.1171, -0.8768 0.6224 1.1141, -0.8768 0.6362 1.1028, -0.8768 0.6299 1.1092, -0.7783 0.0689 0.2504, -0.7783 0.6586 1.0539, -0.7783 -1.0479 0.1412, -0.7783 -1.0486 0.0177, -0.7783 -1.0433 0.0099, -0.7783 -1.0354 0.0045, -0.7783 0.6362 1.1028, -0.7783 -1.0518 0.1317, -0.7783 -1.052 0.0266, -0.7783 -1.0266 0.0011, -0.7783 0.6456 0.5579, -0.7783 0.6514 0.5641, -0.7783 0.6299 1.1092, -0.7783 0.6224 1.1141, -0.7783 0.6139 1.1171, -0.7783 0.6558 0.5714, -0.7783 0.6585 0.5795
            ]
        }
        coordIndex [
            0,1,2,-1,2,1,3,-1,4,0,5,-1,5,0,2,-1,6,4,7,-1,7,4,5,-1,8,6,9,-1,9,6,7,-1,10,8,11,-1,11,8,9,-1,12,13,14,-1,14,13,15,-1,16,17,18,-1,18,17,19,-1,20,21,22,-1,22,21,23,-1,24,23,25,-1,25,23,21,-1,26,24,27,-1,27,24,25,-1,28,26,29,-1,29,26,27,-1,30,28,31,-1,31,28,29,-1,32,33,34,-1,34,33,35,-1,36,37,38,-1,38,37,39,-1,40,3,41,-1,41,3,1,-1,39,42,26,-1,26,42,24,-1,43,33,30,-1,44,18,6,-1,30,33,28,-1,45,46,47,-1,14,15,10,-1,48,49,26,-1,26,49,38,-1,26,38,39,-1,6,18,4,-1,4,18,19,-1,4,19,50,-1,42,41,24,-1,24,41,1,-1,24,1,23,-1,23,1,0,-1,23,0,22,-1,22,0,4,-1,22,4,51,-1,43,30,47,-1,47,30,52,-1,47,52,45,-1,28,33,26,-1,26,33,32,-1,26,32,48,-1,44,6,15,-1,15,6,8,-1,15,8,10,-1,50,53,4,-1,4,53,54,-1,4,54,51,-1,10,55,14,-1,14,55,56,-1,14,56,57,-1,57,56,58,-1,27,25,59,-1,5,17,16,-1,40,59,3,-1,3,59,25,-1,3,25,2,-1,2,25,21,-1,2,21,5,-1,29,27,31,-1,31,27,35,-1,16,60,5,-1,5,60,13,-1,5,13,7,-1,59,37,27,-1,27,37,36,-1,27,36,61,-1,62,63,64,-1,11,12,65,-1,12,11,13,-1,13,11,9,-1,13,9,7,-1,61,66,27,-1,27,66,34,-1,27,34,35,-1,35,67,31,-1,31,67,62,-1,31,62,68,-1,68,62,64,-1,21,20,5,-1,5,20,69,-1,5,69,70,-1,65,71,11,-1,11,71,72,-1,11,72,73,-1,70,74,5,-1,5,74,75,-1,5,75,17,-1,10,11,73,-1,10,73,55,-1,55,73,72,-1,55,72,56,-1,56,72,71,-1,56,71,58,-1,58,71,65,-1,58,65,57,-1,57,65,12,-1,57,12,14,-1,15,13,60,-1,15,60,44,-1,44,60,16,-1,44,16,18,-1,19,17,75,-1,19,75,50,-1,50,75,74,-1,50,74,53,-1,53,74,70,-1,53,70,54,-1,54,70,69,-1,54,69,51,-1,51,69,20,-1,51,20,22,-1,32,34,66,-1,32,66,48,-1,48,66,61,-1,48,61,49,-1,49,61,36,-1,49,36,38,-1,30,31,68,-1,30,68,52,-1,52,68,64,-1,52,64,45,-1,45,64,63,-1,45,63,46,-1,46,63,62,-1,46,62,47,-1,47,62,67,-1,47,67,43,-1,43,67,35,-1,43,35,33,-1,
        ]
    }
}
Shape{
    appearance Appearance {
        material  Material 	{
            diffuseColor 1.0 0.9764705882352941 0.9058823529411765
            specularColor 0.5019607843137255 0.48627450980392156 0.45098039215686275
            ambientIntensity 0.9755
            transparency 0.0
            shininess 0.5
        }
    }
    geometry IndexedFaceSet {
        ccw TRUE
        solid FALSE
        coord DEF co Coordinate {
            point [
                -0.7783 0.0689 0.2705, -0.8768 0.0689 0.2705, -0.7783 0.0689 0.2504, -0.8768 0.0689 0.2504, -0.7783 -0.9405 0.2504, -0.8768 -0.9405 0.2504
            ]
        }
        coordIndex [
            0,1,2,-1,2,1,3,-1,4,2,5,-1,5,2,3,-1,
        ]
    }
}